source,page,content
/content/drive/MyDrive/PROJECT-RAG SMARTPLANPLANTING/Data/คู่มือเกษตร/สถิติการเกษตรของประเทศไทย ปี 2567.pdf,4,สถิติการเกษตรของประเทศไทย Agricultural Statistics of Thailand IV 6. ข้าวนาปรัง หมายถึง ข้าวที่เพาะปลูกระหว่างวันที่ 1 พฤศจิกายน ถึง 30 เมษายน ของปีถัดไป ยกเว้นภาคใต้ฝั่งตะวันออก 6 จังหวัด ได้แก่ จังหวัดนครศรีธรรมราช สงขลา พัทลุง ปัตตานี ยะลา และนราธิวาส ที่เพาะปลูกระหว่างวันที่ 1 มีนาคม ถึง 15 มิถุนายน ของปีเดียวกัน 7. ข้าวโพดเลี้ยงสัตว์ หมายถึง ข้าวโพดเลี้ยงสัตว์ที่เพาะปลูกเพื่อนำาเมล็ดมาใช้ผสมเป็นอาหารสัตว์ และผลิตภัณฑ์อื่น ๆ ยกเว้นข้าวโพดเลี้ยงสัตว์ที่ทำาการเพาะปลูกเพื่อผลิตเป็นเมล็ดพันธุ์โดยเฉพาะ ทั้งของหน่วยงานราชการและเอกชน เช่น ศูนย์วิจัยเมล็ดพันธุ์ ศูนย์ผลิตเมล็ดพันธุ์ของเอกชน และ เกษตรกรที่ปลูกโดยมีวัตถุประสงค์เพื่อผลิตเมล็ดพันธุ์ 7.1 ข้าวโพดเลี้ยงสัตว์ รุ่น 1 (ฤดูฝน) แบ่งออกเป็น 1) ข้าวโพดเลี้ยงสัตว์รุ่น 1 ต้นฤดูฝน หมายถึง ข้าวโพดเลี้ยงสัตว์ที่ทำาการเพาะปลูกระหว่าง วันที่ 1 มีนาคม ถึง วันที่ 31 กรกฎาคม ของปีเดียวกัน 2) ข้าวโพดเลี้ยงสัตว์รุ่น 1 ปลายฤดูฝน หมายถึง ข้าวโพดเลี้ยงสัตว์ที่ทำาการเพาะปลูกระหว่าง วันที่ 1 สิงหาคม ถึงวันที่ 31 ตุลาคม ของปีเดียวกัน 7.2 ข้าวโพดเลี้ยงสัตว์
/content/drive/MyDrive/PROJECT-RAG SMARTPLANPLANTING/Data/คู่มือเกษตร/สถิติการเกษตรของประเทศไทย ปี 2567.pdf,4,วันที่ 1 สิงหาคม ถึงวันที่ 31 ตุลาคม ของปีเดียวกัน 7.2 ข้าวโพดเลี้ยงสัตว์ รุ่น 2 (ฤดูแล้ง) หมายถึง ข้าวโพดเลี้ยงสัตว์ที่ทำาการเพาะปลูกระหว่าง วันที่ 1 พฤศจิกายน ถึงวันที่ 28 กุมภาพันธ์ ของปีถัดไป 8. ถั่วเหลือง หมายถึง ถั่วเหลืองที่เพาะปลูกและเก็บเกี่ยวผลผลิตเพื่อนำาเมล็ดมาใช้บริโภคและใช้ใน อุตสาหกรรมอาหารต่าง ๆ เช่น น้ำามันพืช เต้าเจี้ยว เต้าหู้ ตลอดจนนำา ไปผสมเป็นอาหารสัตว์ แต่จะไม่รวมถั่วเหลือง ที่ปลูกเพื่อเก็บฝักสดนำามาต้ม ที่เรียกว่า “ถั่วแระ” ไม่รวมถั่วเหลืองที่ปลูก และไถกลบในระยะออกดอกเพื่อเป็นปุ๋ยพืชสด และไม่รวมถั่วเหลืองที่ทำาการเพาะปลูกเพื่อผลิตเป็น เมล็ดพันธุ์โดยเฉพาะ ทั้งของหน่วยงานราชการและเอกชน เช่น ศูนย์วิจัยเมล็ดพันธุ์ ศูนย์ผลิตเมล็ด พันธุ์ของเอกชน และที่ปลูกโดยมีวัตถุประสงค์เพื่อผลิตเมล็ดพันธุ์โดยเฉพาะ 8.1 ถั่วเหลือง รุ่น 1 (ฤดูฝน) หมายถึง ถั่วเหลืองที่ทำาการเพาะปลูกระหว่างวันที่ 1 พฤษภาคม ถึง 31 ตุลาคม ของปีเดียวกัน โดยไม่คำานึงถึงว่าจะทำาการเก็บเกี่ยวผลผลิตเมื่อใดก็ตาม 8.2 ถั่วเหลือง รุ่น 2 (ฤดูแล้ง) หมายถึง ถั่วเหลืองที่ทำาการเพาะปลูกระหว่างวันที่ 1 พฤศจิกายน ถึง 30
/content/drive/MyDrive/PROJECT-RAG SMARTPLANPLANTING/Data/คู่มือเกษตร/สถิติการเกษตรของประเทศไทย ปี 2567.pdf,16,ลักษณะผลผลิตและชั้นคุณภพสินค้เกษตร สถิติการเกษตรของประเทศไทย Agricultural Statistics of Thailand XVI สินค้ ลักษณะผลผลิต ชั้นคุณภพสินค้เกษตร 1. ข้าวรวม เมล็ดข้าวเปลือกที่นวดออกจากรวงข้าวแล้ว โดยน้ำาหนัก ณ ความชื้น 15% ราคาเฉลี่ยถ่วงน้ำาหนัก ข้าวเปลือกเจ้านาปี ความชื้น 15% ข้าวเปลือกเจ้าหอมมะลิ 100% ข้าวเปลือกเหนียวนาปีเมล็ดยาว และ ข้าวเปลือกเจ้านาปรัง ความชื้น 15% 2. ข้าวนาปี เมล็ดข้าวเปลือกที่นวดออกจากรวงข้าวแล้ว โดยน้ำาหนัก ณ ความชื้น 15% ราคาเฉลี่ยถ่วงน้ำาหนัก ข้าวเปลือกเจ้านาปี ความชื้น 15% ข้าวเปลือกเจ้าหอมมะลิ 100% และข้าวเปลือกเหนียวนาปีเมล็ดยาว ความชื้น 15% 3. ข้าวนาปรัง เมล็ดข้าวเปลือกที่นวดออกจากรวงข้าวแล้ว โดยน้ำาหนัก ณ ความชื้น 15% ข้าวเปลือกเจ้านาปรัง ความชื้น 15% 4. ข้าวโพด เลี้ยงสัตว์ เมล็ดข้าวโพดเลี้ยงสัตว์ที่สีออกจากฝักแล้ว โดยน้ำาหนัก ณ ความชื้น 14.5% ข้าวโพดเลี้ยงสัตว์ ความชื้น 14.5% 5. มันสำาปะหลัง โรงงาน หัวมันสดที่ผ่านการทำาความสะอาด เบื้องต้นแล้ว หัวมันสำาปะหลังสดคละ 6. อ้อยโรงงาน ลำาต้นอ้อยที่ตัดใบ และยอดออกแล้ว อ้อยสดส่งโรงงาน 7. ปาล์มน้ำามัน
/content/drive/MyDrive/PROJECT-RAG SMARTPLANPLANTING/Data/คู่มือเกษตร/สถิติการเกษตรของประเทศไทย ปี 2567.pdf,30,"ข้าว: Rice ประเทศ เนื้อที่เก็บเกี่ยว (1,000 ไร่) Harvested area (1,000 rais) ผลผลิต (1,000 ตัน)1/ Production (1,000 tons) ผลผลิตต่อไร่ (กก.ต่อไร่)1/ Yield (kg/rai) Countries 2565/66 2022/23 2566/67 2023/24 2567/68 2024/25 2565/66 2022/23 2566/67 2023/24 2567/68 2024/25 2565/66 2022/23 2566/67 2023/24 2567/68 2024/25 รวมทั้งโลก1,034,973 1,037,931 1,050,777 517,309 522,510 532,489 500 503 507 World Total จีน 184,063 180,931 181,250 145,946 144,620 146,000 793 799 806 China อินเดีย 298,950 298,925 306,250 135,755 137,825 142,000 454 461 464 India บังกลาเทศ 72,500 73,438 73,125 36,350 37,000 37,300 501 504 510 Bangladesh อินโดนีเซีย 70,625 68,750 70,000 33,900 33,020 34,000 480 480 486 Indonesia เวียดนาม 44,500 43,750 43,438 27,140 26,625 26,500 610 609 610 Vietnam ไทย 2/ 70,073 68,081 70,364f 22,196 20,993 22,154f 316 324 318f Thailand 2/ ฟิลิปปินส์ 30,300 29,650 29,375 12,625 12,325 12,300 417 416 419 Philippines เมียนมา 42,500 42,500 42,500 11,800 11,900 12,100 278 280 285 Myanmar"
/content/drive/MyDrive/PROJECT-RAG SMARTPLANPLANTING/Data/คู่มือเกษตร/สถิติการเกษตรของประเทศไทย ปี 2567.pdf,30,"417 416 419 Philippines เมียนมา 42,500 42,500 42,500 11,800 11,900 12,100 278 280 285 Myanmar ปากีสถาน 18,594 22,731 23,750 7,322 9,869 10,000 394 434 421 Pakistan บราซิล 9,250 10,031 10,000 6,822 7,200 7,500 738 718 750 Brazil อื่น ๆ 193,619 199,144 200,725 77,453 81,133 82,635 400 407 412 Others รูปที่ 1.1 ข้าว: เนื้อที่เก็บเกี่ยว ผลผลิต และผลผลิตต่อไร่ ของประเทศผู้ผลิตที่ สำาคัญ 10 อันดับแรก ปี 2567/68 Figure 1.1 Rice: Harvested area, production and yield of top 10 major countries, 2024/25 ที่มา: กระทรวงเกษตรสหรัฐอเมริกา หมายเหตุ: 1/ ข้าวสาร 2/ ข้อมูลประเทศไทยปรับปรุงโดย สำานักงานเศรษฐกิจการเกษตร อันดับเรียงตาผลผลิต ข้อมูล ณ 8 ม.ค. 2568 Source: United States Department of Agriculture Remark: 1/ Milled rice 2/ Thailand information was updated by Office of Agricultural Economics. Sorted by production Data as of 8 January 2025 ตารางที่ 1.1 ข้าว: เนื้อที่เก็บเกี่ยว ผลผลิต และผลผลิตต่อไร่ของประเทศผู้ผลิตที่สำาคัญ 10 อันดับแรก ปี 2565/66-2567/68 Table 1.1 Rice: Harvested area,"
/content/drive/MyDrive/PROJECT-RAG SMARTPLANPLANTING/Data/คู่มือเกษตร/สถิติการเกษตรของประเทศไทย ปี 2567.pdf,31,"ข้าว: Rice ปี เนื้อที่เพาะปลูก (1,000 ไร่) Planted area (1,000 rais) เนื้อที่เก็บเกี่ยว (1,000 ไร่) Harvested area (1,000 rais) ผลผลิต1/ (1,000 ตัน) Production (1,000 tons) ผลผลิตต่อไร่1/ (กก./ไร่) Yield (kg/rai) ราคา ที่เกษตรกรขายได้ (บาท/ตัน) Farm gate price (Baht/ton) มูลค่าของผลผลิต (ล้านบาท) Value of production (Million Baht) Year 2558 58,063 55,096 24,312 441 9,070 220,506 2015 2559 58,645 56,546 25,236 446 8,073 203,733 2016 2560 59,221 54,963 24,934 454 8,817 219,846 2017 2561 59,981 55,627 25,178 453 9,711 244,513 2018 2562 61,197 54,108 24,064 445 10,099 243,016 2019 2563 62,438 60,094 26,424 440 8,986 237,457 2020 2564 63,013 60,261 26,807 445 8,362 224,146 2021 2565 62,838 59,492 26,712 449 10,548 281,758 2022 2566 62,098 60,287 26,934 447 11,332 305,214 2023 2567 62,020f 60,280f 27,007f 448f 11,022 297,669 2024 รูปที่ 1.2 ข้าวนาปี: เนื้อที่ ผลผลิต ผลผลิตต่อไร่ และราคาที่เกษตรกรขายได้ ปี 2558-2567 Figure 1.2 Major Rice: Area, production, yield and farm gate price, 2015-2024"
/content/drive/MyDrive/PROJECT-RAG SMARTPLANPLANTING/Data/คู่มือเกษตร/สถิติการเกษตรของประเทศไทย ปี 2567.pdf,31,"ปี 2558-2567 Figure 1.2 Major Rice: Area, production, yield and farm gate price, 2015-2024 หมายเหตุ: 1/ข้าวเปลือก Remark: 1/paddy ตารางที่ 1.2 ข้าวนาปี: เนื้อที่ ผลผลิต ผลผลิตต่อไร่ ราคาที่เกษตรกรขายได้ และมูลค่าของผลผลิต ปี 2558-2567 Table 1.2 Major Rice: Area, production, yield, farm gate price and value of production, 2015-2024 สถิติการเกษตรของประเทศไทย Agricultural Statistics of Thailand 3"
/content/drive/MyDrive/PROJECT-RAG SMARTPLANPLANTING/Data/คู่มือเกษตร/สถิติการเกษตรของประเทศไทย ปี 2567.pdf,32,"ข้าว: Rice ตารางที่ 1.3 ข้าวนาปี: เนื้อที่ ผลผลิต และผลผลิตต่อไร่ เป็นรายภาค และรายจังหวัด ปี 2565-2567 Table 1.3 Major Rice: Area, production and yield by region and province, 2022-2024 ภาค/จังหวัด เนื้อที่เพาะปลูก (ไร่)Planted area (rai) เนื้อที่เก็บเกี่ยว (ไร่)Harvested area (rai) ผลผลิต (ตัน)Production (ton) ผลผลิตต่อไร่ (กก./ไร่)Yield (kg/rai) Region/ Province2565 2022 2566 2023 2567f 2024 2565 2022 2566 2023 2567f 2024 2565 2022 2566 2023 2567f 2024 2565 2022 2566 2023 2567f 2024 รวมทั้งประเทศ62,838,047 62,098,14262,019,71059,491,82560,287,29760,279,61126,711,735 26,933,80827,006,767 449 447 448 Whole Kingdom เหนือ 15,033,850 14,678,64614,752,10014,561,71714,349,60314,400,805 8,334,990 8,133,428 8,191,988 572 567 569 Northern ตะวันออกเฉียงเหนือ38,577,000 38,207,88438,072,00035,840,85136,829,03336,780,67212,974,098 13,379,42713,412,918 362 363 365 Northeastern กลาง 8,621,715 8,614,858 8,607,937 8,489,129 8,526,722 8,523,482 5,117,877 5,146,818 5,128,864 603 604 602 Central ใต้"
/content/drive/MyDrive/PROJECT-RAG SMARTPLANPLANTING/Data/คู่มือเกษตร/สถิติการเกษตรของประเทศไทย ปี 2567.pdf,33,"ข้าว: Rice ตารางที่ 1.3 ข้าวนาปี: เนื้อที่ ผลผลิต และผลผลิตต่อไร่ เป็นรายภาค และรายจังหวัด ปี 2565-2567 (ต่อ) Table 1.3 Major Rice: Area, production and yield by region and province, 2022-2024 (Continued) ภาค/จังหวัด เนื้อที่เพาะปลูก (ไร่)Planted area (rai) เนื้อที่เก็บเกี่ยว (ไร่)Harvested area (rai) ผลผลิต (ตัน)Production (ton) ผลผลิตต่อไร่ (กก./ไร่)Yield (kg/rai) Region/ Province2565 2022 2566 2023 2567f 2024 2565 2022 2566 2023 2567f 2024 2565 2022 2566 2023 2567f 2024 2565 2022 2566 2023 2567f 2024 บุรีรัมย์ 2,998,520 2,956,900 2,952,803 2,823,772 2,871,118 2,868,920 1,042,769 1,060,889 1,069,500 369 370 373 Buri Ram มหาสารคาม 2,130,023 2,108,431 2,100,565 1,886,774 2,030,492 2,027,556 683,211 730,671 739,034 362 360 364 Maha Sarakham ร้อยเอ็ด3,094,018 3,074,106 3,069,560 2,729,199 2,882,260 2,909,084 947,627 994,627 1,008,158 347 345 347 Roi Et กาฬสินธุ์ 1,505,471 1,495,263 1,491,630 1,417,369 1,367,037 1,389,166 528,027 505,075 520,054 373 369 374 Kalasin ขอนแก่น 2,402,112"
/content/drive/MyDrive/PROJECT-RAG SMARTPLANPLANTING/Data/คู่มือเกษตร/สถิติการเกษตรของประเทศไทย ปี 2567.pdf,34,"ข้าว: Rice ภาค/จังหวัด เนื้อที่เพาะปลูก (ไร่)Planted area (rai) เนื้อที่เก็บเกี่ยว (ไร่)Harvested area (rai) ผลผลิต (ตัน)Production (ton) ผลผลิตต่อไร่ (กก./ไร่)Yield (kg/rai) Region/ Province2565 2022 2566 2023 2567f 2024 2565 2022 2566 2023 2567f 2024 2565 2022 2566 2023 2567f 2024 2565 2022 2566 2023 2567f 2024 สุราษฎร์ธานี 16,677 14,815 14,607 16,672 14,806 14,556 5,242 4,476 4,311 314 302 296 Surat Thani พังงา 2,039 1,932 1,890 2,039 1,932 1,890 713 656 661 350 340 350 Phang Nga ภูเก็ต 45 43 43 45 43 43 20 19 20 444 442 465 Phuket กระบี่ 6,257 6,616 6,548 6,247 6,601 6,529 1,976 2,031 2,041 316 308 313 Krabi ตรัง 9,487 9,050 9,029 9,487 9,050 9,029 3,827 3,293 3,316 403 364 367 Trang นครศรีธรรมราช 172,946 162,578 161,405 168,886 156,372 155,859 83,319 75,434 75,602 493 482 485 Nakhon Si Thammarat พัทลุง 112,418 110,211 109,109 112,072 108,986 107,912 51,081 50,457 50,183 456 463 465 Phatthalung สงขลา 153,596 160,829 158,801 152,875 155,549 153,818 82,013 85,217 84,886 536 548 552"
/content/drive/MyDrive/PROJECT-RAG SMARTPLANPLANTING/Data/คู่มือเกษตร/สถิติการเกษตรของประเทศไทย ปี 2567.pdf,34,"Phatthalung สงขลา 153,596 160,829 158,801 152,875 155,549 153,818 82,013 85,217 84,886 536 548 552 Songkhla สตูล 14,658 14,502 14,297 14,658 14,502 14,297 5,479 5,784 5,806 374 399 406 Satun ปัตตานี 66,478 65,062 63,721 66,272 63,299 62,835 29,694 25,519 26,253 448 403 418 Pattani ยะลา 18,764 19,162 18,784 18,764 19,012 18,690 6,467 6,657 6,574 345 350 352 Yala นราธิวาส 29,356 29,484 27,007 29,356 29,322 26,777 13,795 13,601 12,342 470 464 461 Narathiwat ตารางที่ 1.3 ข้าวนาปี: เนื้อที่ ผลผลิต และผลผลิตต่อไร่ เป็นรายภาค และรายจังหวัด ปี 2565-2567 (ต่อ) Table 1.3 Major Rice: Area, production and yield by region and province, 2022-2024 (Continued) รูปที่ 1.3 ข้าวนาปี: เนื้อที่เก็บเกี่ยว ผลผลิต และผลผลิตต่อไร่ เป็นรายภาค ปี 2567 Figure 1.3 Major Rice: Harveste area, production, and yield by region, 2024 สถิติการเกษตรของประเทศไทย Agricultural Statistics of Thailand 6"
/content/drive/MyDrive/PROJECT-RAG SMARTPLANPLANTING/Data/คู่มือเกษตร/สถิติการเกษตรของประเทศไทย ปี 2567.pdf,35,"ข้าว: Rice ภาค/จังหวัด เนื้อที่เพาะปลูก (ไร่) Planted area (rai) เนื้อที่เก็บเกี่ยว (ไร่) Harvested area (rai) ผลผลิต (ตัน) Production (ton) ผลผลิตต่อไร่ (กก./ไร่) Yield (kg/rai) Region/ Province2565 2022 2566 2023 2567f 2024 2565 2022 2566 2023 2567f 2024 2565 2022 2566 2023 2567f 2024 2565 2022 2566 2023 2567f 2024 รวมทั้งประเทศ62,838,047 62,098,142 62,019,710 59,491,825 60,287,297 60,279,611 26,711,735 26,933,808 27,006,767 449 447 448 Whole Kingdom ข้าวเจ้าหอมมะลิในพื้นที่ 24,858,921 24,687,832 24,610,401 22,958,514 23,834,783 23,766,194 8,373,480 8,736,110 8,745,322 365 367 368 Hom mali rice in the area ข้าวเจ้าหอมมะลินอกพื้นที่ 3,978,512 3,923,008 3,913,960 3,816,737 3,842,154 3,839,548 1,664,556 1,654,782 1,654,834 436 431 431 Hom mali rice outside the area ข้าวเจ้าปทุมธานี 1 1,790,984 1,714,279 1,719,178 1,763,090 1,696,894 1,702,224 1,202,810 1,158,646 1,164,133 682 683 684 Pathum Thani 1 ข้าวเจ้าอื่นๆ15,794,079 15,574,723 15,602,395 15,397,948 15,250,821 15,336,817 9,373,974"
/content/drive/MyDrive/PROJECT-RAG SMARTPLANPLANTING/Data/คู่มือเกษตร/สถิติการเกษตรของประเทศไทย ปี 2567.pdf,35,"Thani 1 ข้าวเจ้าอื่นๆ15,794,079 15,574,723 15,602,395 15,397,948 15,250,821 15,336,817 9,373,974 9,271,129 9,335,194 609 608 609 Other White Rice ข้าวเหนียว 16,415,551 16,198,300 16,173,776 15,555,536 15,662,645 15,634,828 6,096,915 6,113,141 6,107,284 392 390 391 Glutinous Rice ภาคเหนือ 15,033,850 14,678,646 14,752,100 14,561,717 14,349,603 14,400,805 8,334,990 8,133,428 8,191,988 572 567 569 Northern ข้าวเจ้าหอมมะลิในพื้นที่ 685,222 681,197 685,480 671,813 679,191 645,275 320,098 322,510 304,266 476 475 472 Hom mali rice in the area ข้าวเจ้าหอมมะลินอกพื้นที่ 2,482,086 2,428,128 2,434,343 2,365,588 2,383,675 2,394,616 1,154,535 1,153,403 1,163,885 488 484 486 Hom mali rice outside the area ข้าวเจ้าปทุมธานี 1 468,076 443,077 446,033 459,152 435,610 439,364 302,419 282,983 286,850 659 650 653 Pathum Thani 1 ข้าวเจ้าอื่นๆ8,587,667 8,368,800 8,405,171 8,293,549 8,116,118 8,206,155 5,047,152 4,901,220 4,975,692 609 604 606 Other White Rice ข้าวเหนียว 2,810,799 2,757,444 2,781,073"
/content/drive/MyDrive/PROJECT-RAG SMARTPLANPLANTING/Data/คู่มือเกษตร/สถิติการเกษตรของประเทศไทย ปี 2567.pdf,35,"5,047,152 4,901,220 4,975,692 609 604 606 Other White Rice ข้าวเหนียว 2,810,799 2,757,444 2,781,073 2,771,615 2,735,009 2,715,395 1,510,786 1,473,312 1,461,295 545 539 538 Glutinous Rice ภาคตะวันออกเฉียงเหนือ 38,577,000 38,207,884 38,072,000 35,840,851 36,829,033 36,780,672 12,974,098 13,379,427 13,412,918 362 363 365 Northeastern ข้าวเจ้าหอมมะลิในพื้นที่ 24,173,699 24,006,635 23,924,921 22,286,701 23,155,592 23,120,919 8,053,382 8,413,600 8,441,056 361 363 365 Hom mali rice in the area ข้าวเจ้าปทุมธานี 1 25,975 25,416 25,157 25,242 24,981 24,727 11,510 11,407 11,365 456 457 460 Pathum Thani 1 ข้าวเจ้าอื่นๆ784,036 748,174 742,196 756,227 733,872 728,379 327,458 319,429 319,220 433 435 438 Other White Rice ข้าวเหนียว 13,593,290 13,427,659 13,379,726 12,772,681 12,914,588 12,906,647 4,581,748 4,634,991 4,641,277 359 359 360 Glutinous Rice ภาคกลาง 8,621,715 8,614,858 8,607,937 8,489,129 8,526,722 8,523,482 5,117,877 5,146,818 5,128,864 603 604 602 Central ข้าวเจ้าหอมมะลินอกพื้นที่"
/content/drive/MyDrive/PROJECT-RAG SMARTPLANPLANTING/Data/คู่มือเกษตร/สถิติการเกษตรของประเทศไทย ปี 2567.pdf,35,"8,526,722 8,523,482 5,117,877 5,146,818 5,128,864 603 604 602 Central ข้าวเจ้าหอมมะลินอกพื้นที่ 1,491,264 1,489,428 1,474,232 1,446,020 1,453,051 1,439,568 508,246 499,538 489,110 351 344 340 Hom mali rice outside the area ข้าวเจ้าปทุมธานี 1 1,228,377 1,177,765 1,180,903 1,210,902 1,170,112 1,172,715 850,321 826,164 828,119 702 706 706 Pathum Thani 1 ข้าวเจ้าอื่นๆ5,891,164 5,934,996 5,940,342 5,821,516 5,891,030 5,898,926 3,755,201 3,816,536 3,807,179 645 648 645 Other White Rice ข้าวเหนียว 10,910 12,669 12,460 10,691 12,529 12,273 4,109 4,580 4,456 384 366 363 Glutinous Rice ภาคใต้ 605,482 596,754 587,673 600,128 581,939 574,652 284,770 274,135 272,997 475 471 475 Southern ข้าวเจ้าหอมมะลินอกพื้นที่ 5,162 5,452 5,385 5,129 5,428 5,364 1,775 1,841 1,839 346 339 343 Hom mali rice outside the area ข้าวเจ้าปทุมธานี 1 68,556 68,021 67,085 67,794 66,191 65,418 38,560 38,092 37,799 569 575 578 Pathum Thani 1 ข้าวเจ้าอื่นๆ531,212 522,753 514,686 526,656 509,801 503,357 244,163 233,944 233,103"
/content/drive/MyDrive/PROJECT-RAG SMARTPLANPLANTING/Data/คู่มือเกษตร/สถิติการเกษตรของประเทศไทย ปี 2567.pdf,35,"Pathum Thani 1 ข้าวเจ้าอื่นๆ531,212 522,753 514,686 526,656 509,801 503,357 244,163 233,944 233,103 464 459 463 Other White Rice ข้าวเหนียว 552 528 517 549 519 513 272 258 256 495 497 499 Glutinous Rice เชียงราย 1,293,948 1,277,745 1,298,952 1,270,729 1,273,051 1,255,519 705,751 703,075 687,645 555 552 548 Chiang Rai ข้าวเจ้าหอมมะลิในพื้นที่ 283,803 286,033 289,407 278,714 284,908 279,712 135,599 138,466 134,574 487 486 481 Hom mali rice in the area ข้าวเจ้าปทุมธานี 1 48,916 46,934 47,542 47,496 46,787 46,068 34,752 33,811 33,184 732 723 720 Pathum Thani 1 ข้าวเจ้าอื่นๆ134,809 129,451 131,324 134,036 129,328 127,384 86,837 83,612 82,078 648 647 644 Other White Rice ข้าวเหนียว 826,420 815,327 830,679 810,483 812,028 802,355 448,563 447,186 437,809 553 551 546 Glutinous Rice พะเยา 638,352 624,263 627,339 626,016 622,693 577,886 302,894 299,640 276,477 484 481 478 Phayao ข้าวเจ้าหอมมะลิในพื้นที่ 374,713 370,696 371,322 366,427 369,849 340,874 170,459 171,241 156,698 465 463 460 Hom mali"
/content/drive/MyDrive/PROJECT-RAG SMARTPLANPLANTING/Data/คู่มือเกษตร/สถิติการเกษตรของประเทศไทย ปี 2567.pdf,35,"374,713 370,696 371,322 366,427 369,849 340,874 170,459 171,241 156,698 465 463 460 Hom mali rice in the area ข้าวเจ้าปทุมธานี 1 1,550 1,510 1,524 1,513 1,506 1,440 788 784 747 521 521 519 Pathum Thani 1 ข้าวเจ้าอื่นๆ 35,100 27,932 28,230 34,012 27,892 26,677 20,784 18,088 17,220 611 649 645 Other White Rice ข้าวเหนียว 226,989 224,125 226,263 224,064 223,446 208,895 110,863 109,527 101,812 495 490 487 Glutinous Rice ลำาปาง 444,761 433,888 437,845 440,998 428,853 434,387 232,438 221,203 225,899 527 516 520 Lampang ข้าวเจ้าหอมมะลินอกพื้นที่ 50,281 52,646 53,154 49,933 51,772 52,729 25,043 25,633 26,205 502 495 497 Hom mali rice outside the area ข้าวเจ้าปทุมธานี 1 2,193 2,342 2,364 2,193 2,342 2,357 1,177 1,245 1,265 537 532 537 Pathum Thani 1 ข้าวเจ้าอื่นๆ 29,040 25,321 25,483 28,801 25,155 25,356 17,701 14,678 15,035 615 584 593 Other White Rice ข้าวเหนียว 363,247 353,579 356,844 360,071 349,584 353,945 188,517 179,647 183,394 524 514 518 Glutinous Rice ตารางที่ 1.4 ข้าวนาปีแยกพันธุ์:"
/content/drive/MyDrive/PROJECT-RAG SMARTPLANPLANTING/Data/คู่มือเกษตร/สถิติการเกษตรของประเทศไทย ปี 2567.pdf,35,"349,584 353,945 188,517 179,647 183,394 524 514 518 Glutinous Rice ตารางที่ 1.4 ข้าวนาปีแยกพันธุ์: เนื้อที่ ผลผลิต และผลผลิตต่อไร่ เป็นรายภาค และรายจังหวัด ปี 2565-2567 Table 1.4 Major Rice Classified by Plant varieties: Area, production and yield by region and province, 2022-2024 สถิติการเกษตรของประเทศไทย Agricultural Statistics of Thailand 7"
/content/drive/MyDrive/PROJECT-RAG SMARTPLANPLANTING/Data/คู่มือเกษตร/สถิติการเกษตรของประเทศไทย ปี 2567.pdf,36,"ข้าว: Rice ภาค/จังหวัด เนื้อที่เพาะปลูก (ไร่) Planted area (rai) เนื้อที่เก็บเกี่ยว (ไร่) Harvested area (rai) ผลผลิต (ตัน) Production (ton) ผลผลิตต่อไร่ (กก./ไร่) Yield (kg/rai) Region/ Province2565 2022 2566 2023 2567f 2024 2565 2022 2566 2023 2567f 2024 2565 2022 2566 2023 2567f 2024 2565 2022 2566 2023 2567f 2024 ลำาพูน 99,627 96,093 96,593 98,868 95,928 96,010 61,670 58,458 58,838 624 609 613 Lamphun ข้าวเจ้าหอมมะลินอกพื้นที่ 3,486 3,391 3,429 3,461 3,386 3,405 1,946 1,869 1,893 562 552 556 Hom mali rice outside the area ข้าวเจ้าอื่นๆ2,356 1,087 1,101 2,344 1,086 1,094 1,478 683 693 631 629 633 Other White Rice ข้าวเหนียว 93,785 91,615 92,063 93,063 91,456 91,511 58,246 55,906 56,252 626 611 615 Glutinous Rice เชียงใหม่ 554,465 536,410 541,607 549,895 535,580 539,933 320,879 309,874 313,934 584 579 581 Chiang Mai ข้าวเจ้าหอมมะลิในพื้นที่ 26,706 24,468 24,751 26,672 24,434 24,689 14,040 12,803 12,994 526 524 526 Hom mali rice in the area ข้าวเจ้าปทุมธานี 1 1,290 1,239 1,251 1,290"
/content/drive/MyDrive/PROJECT-RAG SMARTPLANPLANTING/Data/คู่มือเกษตร/สถิติการเกษตรของประเทศไทย ปี 2567.pdf,36,"12,803 12,994 526 524 526 Hom mali rice in the area ข้าวเจ้าปทุมธานี 1 1,290 1,239 1,251 1,290 1,239 1,251 828 792 803 642 639 642 Pathum Thani 1 ข้าวเจ้าอื่นๆ197,921 200,058 201,586 195,883 199,796 201,183 109,783 110,582 111,880 560 553 556 Other White Rice ข้าวเหนียว 328,548 310,645 314,019 326,050 310,111 312,810 196,228 185,697 188,257 602 599 602 Glutinous Rice แม่ฮ่องสอน 218,173 213,026 214,703 217,873 212,515 214,150 90,768 85,793 88,316 417 404 412 Mae Hong Son ข้าวเจ้าหอมมะลินอกพื้นที่ 42,868 42,788 43,091 42,847 42,774 42,962 19,566 19,180 19,649 457 448 457 Hom mali rice outside the area ข้าวเจ้าอื่นๆ136,621 133,714 134,855 136,465 133,280 134,541 55,348 51,961 53,597 406 390 398 Other White Rice ข้าวเหนียว 38,684 36,524 36,757 38,561 36,461 36,647 15,854 14,652 15,070 411 402 411 Glutinous Rice ตาก 384,705 373,293 376,102 376,510 364,451 366,662 155,282 148,266 147,945 412 407 403 Tak ข้าวเจ้าหอมมะลินอกพื้นที่ 123,560 120,444 121,218 120,628 116,126 117,581 50,053 47,974"
/content/drive/MyDrive/PROJECT-RAG SMARTPLANPLANTING/Data/คู่มือเกษตร/สถิติการเกษตรของประเทศไทย ปี 2567.pdf,36,"407 403 Tak ข้าวเจ้าหอมมะลินอกพื้นที่ 123,560 120,444 121,218 120,628 116,126 117,581 50,053 47,974 48,002 415 413 408 Hom mali rice outside the area ข้าวเจ้าปทุมธานี 1 7,488 7,219 7,259 7,374 7,166 7,179 4,091 3,907 3,898 555 545 543 Pathum Thani 1 ข้าวเจ้าอื่นๆ214,840 209,383 211,143 210,623 205,670 206,259 85,376 81,858 81,489 405 398 395 Other White Rice ข้าวเหนียว 38,817 36,247 36,482 37,885 35,489 35,643 15,762 14,527 14,556 416 409 408 Glutinous Rice กำาแพงเพชร 1,265,783 1,257,799 1,268,639 1,260,810 1,248,654 1,259,666 778,785 766,795 776,423 618 614 616 Kamphaeng Phet ข้าวเจ้าหอมมะลินอกพื้นที่ 105,544 104,896 105,931 105,302 103,938 105,084 50,755 49,880 50,741 482 480 483 Hom mali rice outside the area ข้าวเจ้าปทุมธานี 1 22,941 21,817 21,947 22,919 21,805 21,881 14,531 13,818 13,936 634 634 637 Pathum Thani 1 ข้าวเจ้าอื่นๆ1,117,441 1,111,678 1,121,224 1,112,798 1,103,615 1,113,223 702,308 692,534 700,923 631 628 630 Other White Rice ข้าวเหนียว 19,857 19,408 19,537 19,791"
/content/drive/MyDrive/PROJECT-RAG SMARTPLANPLANTING/Data/คู่มือเกษตร/สถิติการเกษตรของประเทศไทย ปี 2567.pdf,36,"702,308 692,534 700,923 631 628 630 Other White Rice ข้าวเหนียว 19,857 19,408 19,537 19,791 19,296 19,478 11,191 10,563 10,823 565 547 556 Glutinous Rice สุโขทัย 1,183,502 1,173,680 1,180,204 1,144,645 1,120,600 1,127,970 656,706 645,202 651,719 574 576 578 Sukhothai ข้าวเจ้าหอมมะลินอกพื้นที่ 171,514 170,628 171,248 167,983 164,872 165,254 76,239 75,318 76,034 454 457 460 Hom mali rice outside the area ข้าวเจ้าปทุมธานี 1 45,388 44,052 44,376 44,821 43,724 44,021 29,474 28,235 28,578 658 646 649 Pathum Thani 1 ข้าวเจ้าอื่นๆ936,781 928,753 934,131 902,430 883,550 889,494 536,535 527,697 532,735 595 597 599 Other White Rice ข้าวเหนียว 29,819 30,247 30,449 29,411 28,454 29,201 14,458 13,952 14,372 492 490 492 Glutinous Rice แพร่ 290,055 284,773 283,173 289,294 283,097 279,516 168,480 163,103 160,276 582 576 573 Phrae ข้าวเจ้าหอมมะลินอกพื้นที่ 21,745 22,174 22,087 21,695 22,078 21,822 11,543 11,603 11,441 532 526 524 Hom mali rice outside the area ข้าวเจ้าอื่นๆ 24,786 22,123 22,031 24,779"
/content/drive/MyDrive/PROJECT-RAG SMARTPLANPLANTING/Data/คู่มือเกษตร/สถิติการเกษตรของประเทศไทย ปี 2567.pdf,36,"11,603 11,441 532 526 524 Hom mali rice outside the area ข้าวเจ้าอื่นๆ 24,786 22,123 22,031 24,779 21,879 21,767 15,680 13,674 13,505 633 625 620 Other White Rice ข้าวเหนียว 243,524 240,476 239,055 242,820 239,140 235,927 141,257 137,826 135,330 582 576 574 Glutinous Rice น่าน 332,949 342,059 341,496 330,935 341,134 338,717 171,461 173,168 170,886 518 508 505 Nan ข้าวเจ้าหอมมะลินอกพื้นที่ 8,395 9,975 9,944 8,372 9,962 9,874 4,164 4,902 4,823 497 492 488 Hom mali rice outside the area ข้าวเจ้าอื่นๆ 53,926 56,010 55,869 53,752 55,833 55,478 27,050 28,008 27,655 503 502 498 Other White Rice ข้าวเหนียว 270,628 276,074 275,683 268,811 275,339 273,365 140,247 140,258 138,408 522 509 506 Glutinous Rice อุตรดิตถ์ 623,563 622,757 628,276 614,977 610,250 618,158 369,743 362,369 369,388 601 594 598 Uttaradit ข้าวเจ้าหอมมะลินอกพื้นที่ 45,038 43,243 43,979 44,229 42,815 43,407 22,077 20,750 21,330 499 485 491 Hom mali rice outside the area ข้าวเจ้าปทุมธานี 1 170,081 170,013 171,394 167,560 165,589"
/content/drive/MyDrive/PROJECT-RAG SMARTPLANPLANTING/Data/คู่มือเกษตร/สถิติการเกษตรของประเทศไทย ปี 2567.pdf,36,"485 491 Hom mali rice outside the area ข้าวเจ้าปทุมธานี 1 170,081 170,013 171,394 167,560 165,589 167,966 108,681 107,289 109,349 649 648 651 Pathum Thani 1 ข้าวเจ้าอื่นๆ343,104 343,753 346,934 339,065 336,982 341,674 205,129 201,305 205,197 605 597 601 Other White Rice ข้าวเหนียว 65,340 65,748 65,969 64,123 64,864 65,111 33,856 33,025 33,512 528 509 515 Glutinous Rice ตารางที่ 1.4 ข้าวนาปีแยกพันธุ์: เนื้อที่ ผลผลิต และผลผลิตต่อไร่ เป็นรายภาค และรายจังหวัด ปี 2565-2567 (ต่อ) Table 1.4 Major Rice Classified by Plant varieties: Area, production and yield by region and province, 2022-2024 (Continued) สถิติการเกษตรของประเทศไทย Agricultural Statistics of Thailand 8"
/content/drive/MyDrive/PROJECT-RAG SMARTPLANPLANTING/Data/คู่มือเกษตร/สถิติการเกษตรของประเทศไทย ปี 2567.pdf,37,"ข้าว: Rice ภาค/จังหวัด เนื้อที่เพาะปลูก (ไร่) Planted area (rai) เนื้อที่เก็บเกี่ยว (ไร่) Harvested area (rai) ผลผลิต (ตัน) Production (ton) ผลผลิตต่อไร่ (กก./ไร่) Yield (kg/rai) Region/ Province2565 2022 2566 2023 2567f 2024 2565 2022 2566 2023 2567f 2024 2565 2022 2566 2023 2567f 2024 2565 2022 2566 2023 2567f 2024 พิษณุโลก 1,485,281 1,464,948 1,471,882 1,456,191 1,448,354 1,455,870 869,599 851,112 859,179 597 588 590 Phitsanulok ข้าวเจ้าหอมมะลินอกพื้นที่ 283,662 272,447 273,770 277,755 269,244 270,485 134,851 129,172 130,588 486 480 483 Hom mali rice outside the area ข้าวเจ้าปทุมธานี 1 39,729 39,683 39,888 39,055 39,205 39,489 25,955 25,741 26,007 665 657 659 Pathum Thani 1 ข้าวเจ้าอื่นๆ1,068,631 1,060,771 1,065,790 1,048,717 1,048,796 1,054,386 661,368 650,074 655,997 631 620 622 Other White Rice ข้าวเหนียว 93,259 92,047 92,434 90,664 91,109 91,510 47,425 46,125 46,587 523 506 509 Glutinous Rice พิจิตร 1,807,669 1,798,874 1,801,236 1,745,979 1,773,544 1,776,084 1,040,885 1,059,532"
/content/drive/MyDrive/PROJECT-RAG SMARTPLANPLANTING/Data/คู่มือเกษตร/สถิติการเกษตรของประเทศไทย ปี 2567.pdf,37,"Rice พิจิตร 1,807,669 1,798,874 1,801,236 1,745,979 1,773,544 1,776,084 1,040,885 1,059,532 1,066,129 596 597 600 Phichit ข้าวเจ้าหอมมะลินอกพื้นที่ 579,193 574,350 574,774 557,828 568,849 569,026 269,111 274,874 276,466 482 483 486 Hom mali rice outside the area ข้าวเจ้าปทุมธานี 1 20,209 19,465 19,525 19,944 19,397 19,427 12,803 12,577 12,672 642 648 652 Pathum Thani 1 ข้าวเจ้าอื่นๆ1,206,511 1,203,372 1,205,240 1,166,495 1,183,631 1,185,951 757,991 771,117 776,017 650 651 654 Other White Rice ข้าวเหนียว 1,756 1,687 1,697 1,712 1,667 1,680 980 964 974 572 578 580 Glutinous Rice นครสวรรค์ 2,559,275 2,460,176 2,466,308 2,351,528 2,419,128 2,426,319 1,373,243 1,387,671 1,396,990 584 574 576 Nakhon Sawan ข้าวเจ้าหอมมะลินอกพื้นที่ 770,581 745,159 746,798 699,622 734,857 736,343 371,258 380,813 383,107 531 518 520 Hom mali rice outside the area ข้าวเจ้าปทุมธานี 1 51,556 42,543 42,667 49,702 42,260 42,326 32,929 28,218 28,374 663 668 670 Pathum Thani 1 ข้าวเจ้าอื่นๆ1,731,454 1,667,150"
/content/drive/MyDrive/PROJECT-RAG SMARTPLANPLANTING/Data/คู่มือเกษตร/สถิติการเกษตรของประเทศไทย ปี 2567.pdf,37,"42,260 42,326 32,929 28,218 28,374 663 668 670 Pathum Thani 1 ข้าวเจ้าอื่นๆ1,731,454 1,667,150 1,671,491 1,596,580 1,636,738 1,642,335 966,251 975,985 982,822 605 596 598 Other White Rice ข้าวเหนียว 5,684 5,324 5,352 5,624 5,273 5,315 2,805 2,655 2,687 499 504 506 Glutinous Rice อุทัยธานี 621,706 538,021 542,207 603,930 446,512 502,162 390,135 283,588 320,877 646 635 639 Uthai Thani ข้าวเจ้าหอมมะลินอกพื้นที่ 20,244 20,123 20,279 19,558 18,133 20,076 9,858 8,312 9,389 504 458 468 Hom mali rice outside the area ข้าวเจ้าปทุมธานี 1 38,762 30,834 31,014 37,721 29,562 30,983 25,396 17,129 18,608 673 579 601 Pathum Thani 1 ข้าวเจ้าอื่นๆ559,104 483,767 487,590 543,145 395,930 447,852 352,894 256,601 291,132 650 648 650 Other White Rice ข้าวเหนียว 3,596 3,297 3,324 3,506 2,887 3,251 1,987 1,546 1,748 567 536 538 Glutinous Rice เพชรบูรณ์ 1,230,036 1,180,841 1,175,538 1,182,539 1,125,259 1,131,796 646,271 614,579 621,067 547 546 549 Phetchabun ข้าวเจ้าหอมมะลินอกพื้นที่ 255,975 245,864 244,641"
/content/drive/MyDrive/PROJECT-RAG SMARTPLANPLANTING/Data/คู่มือเกษตร/สถิติการเกษตรของประเทศไทย ปี 2567.pdf,37,"646,271 614,579 621,067 547 546 549 Phetchabun ข้าวเจ้าหอมมะลินอกพื้นที่ 255,975 245,864 244,641 246,375 234,869 236,568 108,071 103,123 104,217 439 439 441 Hom mali rice outside the area ข้าวเจ้าปทุมธานี 1 17,973 15,426 15,282 17,564 15,028 14,976 11,014 9,437 9,429 627 628 630 Pathum Thani 1 ข้าวเจ้าอื่นๆ795,242 764,477 761,149 763,624 726,957 731,501 444,639 422,763 427,717 582 582 585 Other White Rice ข้าวเหนียว 160,846 155,074 154,466 154,976 148,405 148,751 82,547 79,256 79,704 533 534 536 Glutinous Rice เลย 436,985 411,858 409,540 431,866 408,994 407,451 153,387 144,348 144,709 355 353 355 Loei ข้าวเจ้าหอมมะลิในพื้นที่ 8,703 8,404 8,355 8,582 8,359 8,313 2,819 2,724 2,732 328 326 329 Hom mali rice in the area ข้าวเจ้าอื่นๆ 3,338 3,181 3,153 3,314 3,176 3,137 1,554 1,438 1,435 469 453 457 Other White Rice ข้าวเหนียว 424,944 400,273 398,032 419,970 397,459 396,001 149,014 140,186 140,542 355 353 355 Glutinous Rice หนองบัวลำาภู 747,136 733,706 730,410 705,971 706,706 705,341"
/content/drive/MyDrive/PROJECT-RAG SMARTPLANPLANTING/Data/คู่มือเกษตร/สถิติการเกษตรของประเทศไทย ปี 2567.pdf,37,"140,542 355 353 355 Glutinous Rice หนองบัวลำาภู 747,136 733,706 730,410 705,971 706,706 705,341 252,804 257,674 258,657 358 365 367 Nong Bua Lam Phu ข้าวเจ้าหอมมะลิในพื้นที่ 160,026 156,821 156,162 151,818 150,777 151,321 52,993 53,882 54,032 349 357 357 Hom mali rice in the area ข้าวเจ้าอื่นๆ 16,842 15,638 15,485 16,824 15,481 15,330 7,296 7,007 6,984 434 453 456 Other White Rice ข้าวเหนียว 570,268 561,247 558,763 537,329 540,448 538,690 192,515 196,785 197,641 358 364 367 Glutinous Rice อุดรธานี 2,027,391 2,007,912 2,002,105 2,004,376 1,967,814 1,960,278 732,991 715,196 707,989 366 363 361 Udon Thani ข้าวเจ้าหอมมะลิในพื้นที่ 403,837 402,992 402,023 397,716 394,304 393,983 147,053 144,853 143,522 370 367 364 Hom mali rice in the area ข้าวเจ้าปทุมธานี 1 3,177 2,863 2,843 3,177 2,863 2,843 1,413 1,264 1,245 445 441 438 Pathum Thani 1 ข้าวเจ้าอื่นๆ 30,755 27,142 27,028 30,632 27,069 27,001 17,718 15,604 15,487 578 576 574 Other White Rice ข้าวเหนียว 1,589,622 1,574,915 1,570,211"
/content/drive/MyDrive/PROJECT-RAG SMARTPLANPLANTING/Data/คู่มือเกษตร/สถิติการเกษตรของประเทศไทย ปี 2567.pdf,37,"27,001 17,718 15,604 15,487 578 576 574 Other White Rice ข้าวเหนียว 1,589,622 1,574,915 1,570,211 1,572,851 1,543,578 1,536,451 566,807 553,475 547,735 360 359 356 Glutinous Rice หนองคาย 601,167 593,360 591,447 591,126 586,113 561,064 218,316 218,357 207,193 369 373 369 Nong Khai ข้าวเจ้าหอมมะลิในพื้นที่ 133,022 130,956 130,473 130,955 129,512 123,688 47,658 47,596 45,013 364 368 364 Hom mali rice in the area ข้าวเจ้าอื่นๆ 14,318 15,679 15,437 14,301 15,444 14,897 7,131 8,285 7,935 499 536 533 Other White Rice ข้าวเหนียว 453,827 446,725 445,537 445,870 441,157 422,479 163,527 162,476 154,245 367 368 365 Glutinous Rice ตารางที่ 1.4 ข้าวนาปีแยกพันธุ์: เนื้อที่ ผลผลิต และผลผลิตต่อไร่ เป็นรายภาค และรายจังหวัด ปี 2565-2567 (ต่อ) Table 1.4 Major Rice Classified by Plant varieties: Area, production and yield by region and province, 2022-2024 (Continued) สถิติการเกษตรของประเทศไทย Agricultural Statistics of Thailand 9"
/content/drive/MyDrive/PROJECT-RAG SMARTPLANPLANTING/Data/คู่มือเกษตร/สถิติการเกษตรของประเทศไทย ปี 2567.pdf,38,"ข้าว: Rice ภาค/จังหวัด เนื้อที่เพาะปลูก (ไร่) Planted area (rai) เนื้อที่เก็บเกี่ยว (ไร่) Harvested area (rai) ผลผลิต (ตัน) Production (ton) ผลผลิตต่อไร่ (กก./ไร่) Yield (kg/rai) Region/ Province2565 2022 2566 2023 2567f 2024 2565 2022 2566 2023 2567f 2024 2565 2022 2566 2023 2567f 2024 2565 2022 2566 2023 2567f 2024 บึงกาฬ 481,427 475,558 474,462 478,723 452,390 451,148 152,733 146,378 144,042 319 324 319 Bueng Kan ข้าวเจ้าหอมมะลิในพื้นที่ 72,844 72,269 72,118 72,296 69,232 68,873 22,722 22,094 21,780 314 319 316 Hom mali rice in the area ข้าวเจ้าอื่นๆ 12,308 11,162 11,150 12,270 11,133 11,094 4,377 4,060 4,014 357 365 362 Other White Rice ข้าวเหนียว 396,275 392,127 391,194 394,157 372,025 371,181 125,634 120,224 118,248 319 323 319 Glutinous Rice สกลนคร 2,162,686 2,134,741 2,129,115 2,143,595 2,078,552 2,109,092 740,802 717,351 730,858 346 345 347 Sakon Nakhon ข้าวเจ้าหอมมะลิในพื้นที่ 553,479 548,604 547,395 550,039 533,772 541,921 189,486 183,058 186,662 344 343 344 Hom mali rice in"
/content/drive/MyDrive/PROJECT-RAG SMARTPLANPLANTING/Data/คู่มือเกษตร/สถิติการเกษตรของประเทศไทย ปี 2567.pdf,38,"548,604 547,395 550,039 533,772 541,921 189,486 183,058 186,662 344 343 344 Hom mali rice in the area ข้าวเจ้าอื่นๆ 37,676 32,330 32,150 37,457 32,193 32,021 15,027 11,808 12,378 401 367 387 Other White Rice ข้าวเหนียว 1,571,531 1,553,807 1,549,570 1,556,099 1,512,587 1,535,150 536,289 522,485 531,818 345 345 346 Glutinous Rice นครพนม 1,483,507 1,469,196 1,465,303 1,477,249 1,411,219 1,401,903 518,629 493,784 483,696 351 350 345 Nakhon Phanom ข้าวเจ้าหอมมะลิในพื้นที่ 682,816 676,923 675,065 680,543 647,869 645,700 227,063 215,337 211,295 334 332 327 Hom mali rice in the area ข้าวเจ้าปทุมธานี 1 858 847 835 858 847 835 443 435 426 516 514 510 Pathum Thani 1 ข้าวเจ้าอื่นๆ47,135 47,040 46,890 47,069 46,979 46,421 21,299 21,071 20,772 453 449 447 Other White Rice ข้าวเหนียว 752,698 744,386 742,513 748,779 715,524 708,947 269,824 256,941 251,203 360 359 354 Glutinous Rice มุกดาหาร 461,032 454,754 453,751 458,722 451,466 450,560 186,921 184,723 185,257 407 409 411 Mukdahan"
/content/drive/MyDrive/PROJECT-RAG SMARTPLANPLANTING/Data/คู่มือเกษตร/สถิติการเกษตรของประเทศไทย ปี 2567.pdf,38,"461,032 454,754 453,751 458,722 451,466 450,560 186,921 184,723 185,257 407 409 411 Mukdahan ข้าวเจ้าหอมมะลิในพื้นที่ 116,302 115,863 115,616 115,827 114,908 114,460 49,824 49,835 49,946 430 434 436 Hom mali rice in the area ข้าวเจ้าปทุมธานี 1 1,502 1,470 1,457 1,502 1,470 1,457 719 707 704 479 481 483 Pathum Thani 1 ข้าวเจ้าอื่นๆ8,423 6,995 6,970 8,417 6,967 6,935 4,303 3,585 3,590 511 515 518 Other White Rice ข้าวเหนียว 334,805 330,426 329,708 332,976 328,121 327,708 132,075 130,596 131,017 397 398 400 Glutinous Rice ยโสธร 1,364,345 1,358,601 1,356,563 1,245,176 1,226,150 1,228,109 467,723 464,925 469,201 376 379 382 Yasothon ข้าวเจ้าหอมมะลิในพื้นที่ 930,343 928,347 926,858 853,959 841,071 841,374 318,865 316,789 320,057 373 377 380 Hom mali rice in the area ข้าวเจ้าอื่นๆ5,507 6,657 6,593 4,815 5,914 5,934 2,998 3,573 3,593 623 604 605 Other White Rice ข้าวเหนียว 428,495 423,597 423,112 386,402 379,165 380,801 145,860 144,563 145,551 377 381 382 Glutinous Rice อำานาจเจริญ 1,077,763"
/content/drive/MyDrive/PROJECT-RAG SMARTPLANPLANTING/Data/คู่มือเกษตร/สถิติการเกษตรของประเทศไทย ปี 2567.pdf,38,"386,402 379,165 380,801 145,860 144,563 145,551 377 381 382 Glutinous Rice อำานาจเจริญ 1,077,763 1,073,188 1,070,164 1,063,568 1,053,859 1,051,686 385,838 388,248 389,731 363 368 371 Amnat Charoen ข้าวเจ้าหอมมะลิในพื้นที่ 729,205 727,738 725,732 719,997 714,854 714,114 258,302 260,036 261,236 359 364 366 Hom mali rice in the area ข้าวเจ้าอื่นๆ2,593 2,874 2,836 2,587 2,841 2,808 1,282 1,433 1,421 496 504 506 Other White Rice ข้าวเหนียว 345,965 342,576 341,596 340,984 336,164 334,764 126,254 126,779 127,074 370 377 380 Glutinous Rice อุบลราชธานี 4,125,528 4,120,157 4,110,105 3,899,384 3,995,570 3,993,822 1,395,640 1,453,013 1,436,736 358 364 360 Ubon Ratchathani ข้าวเจ้าหอมมะลิในพื้นที่ 3,011,257 3,009,044 3,002,021 2,838,595 2,907,312 2,909,252 1,017,490 1,059,781 1,049,180 358 365 361 Hom mali rice in the area ข้าวเจ้าอื่นๆ71,509 72,418 71,927 71,260 71,260 71,208 27,903 27,386 26,973 392 384 379 Other White Rice ข้าวเหนียว 1,042,762 1,038,695 1,036,157 989,529 1,016,998 1,013,362"
/content/drive/MyDrive/PROJECT-RAG SMARTPLANPLANTING/Data/คู่มือเกษตร/สถิติการเกษตรของประเทศไทย ปี 2567.pdf,38,"392 384 379 Other White Rice ข้าวเหนียว 1,042,762 1,038,695 1,036,157 989,529 1,016,998 1,013,362 350,247 365,846 360,583 354 360 356 Glutinous Rice ศรีสะเกษ 3,028,471 3,016,473 3,009,626 2,722,928 3,000,894 2,994,603 965,843 1,084,041 1,087,319 355 361 363 Si Sa Ket ข้าวเจ้าหอมมะลิในพื้นที่ 2,812,753 2,802,226 2,795,943 2,527,120 2,787,702 2,781,970 893,527 1,003,359 1,006,409 354 360 362 Hom mali rice in the area ข้าวเจ้าปทุมธานี 1 243 698 692 243 698 692 90 282 281 370 404 406 Pathum Thani 1 ข้าวเจ้าอื่นๆ8,017 5,087 5,026 7,982 5,075 5,016 3,978 2,873 2,850 498 566 568 Other White Rice ข้าวเหนียว 207,458 208,462 207,965 187,583 207,419 206,925 68,248 77,527 77,779 364 374 376 Glutinous Rice สุรินทร์ 3,133,327 3,116,731 3,109,989 2,877,713 3,105,815 3,099,096 1,092,788 1,190,595 1,197,700 380 383 386 Surin ข้าวเจ้าหอมมะลิในพื้นที่ 3,117,323 3,102,229 3,095,590 2,862,790 3,091,358 3,084,769 1,086,799 1,184,701 1,191,824 380 383 386 Hom mali rice in the area ข้าวเจ้าอื่นๆ5,125 4,657"
/content/drive/MyDrive/PROJECT-RAG SMARTPLANPLANTING/Data/คู่มือเกษตร/สถิติการเกษตรของประเทศไทย ปี 2567.pdf,38,"1,086,799 1,184,701 1,191,824 380 383 386 Hom mali rice in the area ข้าวเจ้าอื่นๆ5,125 4,657 4,634 4,942 4,654 4,611 2,220 2,149 2,146 449 462 465 Other White Rice ข้าวเหนียว 10,879 9,845 9,765 9,981 9,803 9,716 3,769 3,745 3,730 378 382 384 Glutinous Rice ตารางที่ 1.4 ข้าวนาปีแยกพันธุ์: เนื้อที่ ผลผลิต และผลผลิตต่อไร่ เป็นรายภาค และรายจังหวัด ปี 2565-2567 (ต่อ) Table 1.4 Major Rice Classified by Plant varieties: Area, production and yield by region and province, 2022-2024 (Continued) สถิติการเกษตรของประเทศไทย Agricultural Statistics of Thailand 10"
/content/drive/MyDrive/PROJECT-RAG SMARTPLANPLANTING/Data/คู่มือเกษตร/สถิติการเกษตรของประเทศไทย ปี 2567.pdf,39,"ข้าว: Rice ภาค/จังหวัด เนื้อที่เพาะปลูก (ไร่) Planted area (rai) เนื้อที่เก็บเกี่ยว (ไร่) Harvested area (rai) ผลผลิต (ตัน) Production (ton) ผลผลิตต่อไร่ (กก./ไร่) Yield (kg/rai) Region/ Province2565 2022 2566 2023 2567f 2024 2565 2022 2566 2023 2567f 2024 2565 2022 2566 2023 2567f 2024 2565 2022 2566 2023 2567f 2024 บุรีรัมย์ 2,998,520 2,956,900 2,952,803 2,823,772 2,871,118 2,868,920 1,042,769 1,060,889 1,069,500 369 370 373 Buri Ram ข้าวเจ้าหอมมะลิในพื้นที่ 2,836,172 2,797,559 2,794,090 2,668,170 2,714,339 2,712,551 979,925 997,267 1,005,480 367 367 371 Hom mali rice in the area ข้าวเจ้าอื่นๆ 56,380 55,496 55,365 55,198 55,183 55,088 24,371 24,566 24,748 442 445 449 Other White Rice ข้าวเหนียว 105,968 103,845 103,348 100,404 101,596 101,281 38,473 39,056 39,272 383 384 388 Glutinous Rice มหาสารคาม 2,130,023 2,108,431 2,100,565 1,886,774 2,030,492 2,027,556 683,211 730,671 739,034 362 360 364 Maha Sarakham ข้าวเจ้าหอมมะลิในพื้นที่ 1,127,603 1,118,075 1,113,614 998,743 1,073,969"
/content/drive/MyDrive/PROJECT-RAG SMARTPLANPLANTING/Data/คู่มือเกษตร/สถิติการเกษตรของประเทศไทย ปี 2567.pdf,39,"362 360 364 Maha Sarakham ข้าวเจ้าหอมมะลิในพื้นที่ 1,127,603 1,118,075 1,113,614 998,743 1,073,969 1,072,087 352,712 376,264 380,457 353 350 355 Hom mali rice in the area ข้าวเจ้าอื่นๆ 17,325 14,514 14,389 16,881 14,123 14,029 8,754 7,461 7,482 519 528 533 Other White Rice ข้าวเหนียว 985,095 975,842 972,562 871,150 942,400 941,440 321,745 346,946 351,095 369 368 373 Glutinous Rice ร้อยเอ็ด 3,094,018 3,074,106 3,069,560 2,729,199 2,882,260 2,909,084 947,627 994,627 1,008,158 347 345 347 Roi Et ข้าวเจ้าหอมมะลิในพื้นที่ 2,367,117 2,355,216 2,351,959 2,092,166 2,208,742 2,227,136 725,573 763,656 773,532 347 346 347 Hom mali rice in the area ข้าวเจ้าอื่นๆ 16,306 16,328 16,207 15,072 15,582 15,624 7,091 7,334 7,374 470 471 472 Other White Rice ข้าวเหนียว 710,595 702,562 701,394 621,961 657,936 666,324 214,963 223,637 227,252 346 340 341 Glutinous Rice กาฬสินธุ์ 1,505,471 1,495,263 1,491,630 1,417,369 1,367,037 1,389,166 528,027 505,075 520,054 373 369 374 Kalasin ข้าวเจ้าหอมมะลิในพื้นที่"
/content/drive/MyDrive/PROJECT-RAG SMARTPLANPLANTING/Data/คู่มือเกษตร/สถิติการเกษตรของประเทศไทย ปี 2567.pdf,39,"1,417,369 1,367,037 1,389,166 528,027 505,075 520,054 373 369 374 Kalasin ข้าวเจ้าหอมมะลิในพื้นที่ 431,449 430,118 429,142 412,341 394,353 400,819 151,147 144,128 148,483 367 365 370 Hom mali rice in the area ข้าวเจ้าอื่นๆ 10,166 8,293 8,204 10,145 8,210 8,163 4,334 3,462 3,511 427 422 430 Other White Rice ข้าวเหนียว 1,063,856 1,056,852 1,054,284 994,883 964,474 980,184 372,546 357,485 368,060 374 371 376 Glutinous Rice ขอนแก่น 2,402,112 2,361,046 2,352,743 2,094,724 2,270,919 2,262,837 713,589 766,084 770,681 341 337 341 Khon Kaen ข้าวเจ้าหอมมะลิในพื้นที่ 663,361 654,956 652,886 579,516 635,478 628,076 188,605 205,381 206,312 325 323 328 Hom mali rice in the area ข้าวเจ้าอื่นๆ 35,967 23,433 23,292 34,359 23,368 23,176 13,512 9,458 9,480 393 405 409 Other White Rice ข้าวเหนียว 1,702,784 1,682,657 1,676,565 1,480,849 1,612,073 1,611,585 511,472 551,245 554,889 345 342 344 Glutinous Rice ชัยภูมิ 1,784,176 1,745,389 1,719,708 1,542,206 1,650,230 1,625,193 590,958 636,909 633,779 383 386"
/content/drive/MyDrive/PROJECT-RAG SMARTPLANPLANTING/Data/คู่มือเกษตร/สถิติการเกษตรของประเทศไทย ปี 2567.pdf,39,"ชัยภูมิ 1,784,176 1,745,389 1,719,708 1,542,206 1,650,230 1,625,193 590,958 636,909 633,779 383 386 390 Chaiyaphum ข้าวเจ้าหอมมะลิในพื้นที่ 931,260 913,313 899,854 803,194 857,675 845,990 303,744 326,930 325,906 378 381 385 Hom mali rice in the area ข้าวเจ้าปทุมธานี 1 1,217 1,294 1,273 1,188 1,279 1,258 525 590 583 442 461 463 Pathum Thani 1 ข้าวเจ้าอื่นๆ146,493 137,236 135,169 136,035 134,786 132,804 58,227 58,923 58,528 428 437 441 Other White Rice ข้าวเหนียว 705,206 693,546 683,412 601,789 656,490 645,141 228,462 250,466 248,762 380 382 386 Glutinous Rice นครราชสีมา 3,531,915 3,500,514 3,472,411 3,246,410 3,311,435 3,283,763 1,203,502 1,226,539 1,228,624 371 370 374 Nakhon Ratchasima ข้าวเจ้าหอมมะลิในพื้นที่ 3,084,827 3,054,982 3,030,025 2,822,334 2,880,006 2,854,522 1,037,075 1,055,929 1,057,198 367 367 370 Hom mali rice in the area ข้าวเจ้าปทุมธานี 1 18,978 18,244 18,057 18,274 17,824 17,642 8,320 8,129 8,126 455 456 461 Pathum Thani 1 ข้าวเจ้าอื่นๆ237,853 242,014 240,291 226,667"
/content/drive/MyDrive/PROJECT-RAG SMARTPLANPLANTING/Data/คู่มือเกษตร/สถิติการเกษตรของประเทศไทย ปี 2567.pdf,39,"17,642 8,320 8,129 8,126 455 456 461 Pathum Thani 1 ข้าวเจ้าอื่นๆ237,853 242,014 240,291 226,667 234,434 233,082 94,083 97,953 98,519 415 418 423 Other White Rice ข้าวเหนียว 190,257 185,274 184,038 179,135 179,171 178,517 64,024 64,528 64,781 357 360 363 Glutinous Rice สระบุรี 326,548 315,435 316,386 321,977 313,703 314,491 204,607 202,466 201,825 635 645 642 Saraburi ข้าวเจ้าหอมมะลินอกพื้นที่ 6,271 6,253 6,271 6,187 6,245 6,240 2,783 2,856 2,841 450 457 455 Hom mali rice outside the area ข้าวเจ้าปทุมธานี 1 34,807 32,540 32,619 34,546 32,354 32,423 21,903 20,995 20,909 634 649 645 Pathum Thani 1 ข้าวเจ้าอื่นๆ285,470 276,642 277,496 281,244 275,104 275,828 179,921 178,615 178,075 640 649 646 Other White Rice ลพบุรี 807,018 806,324 804,719 793,784 799,053 797,704 396,777 404,170 400,928 500 506 503 Lop Buri ข้าวเจ้าหอมมะลินอกพื้นที่ 247,412 250,199 249,785 242,669 247,492 247,287 80,470 82,770 81,929 332 334 331 Hom mali rice outside the area ข้าวเจ้าปทุมธานี 1 214,477 198,418 198,122"
/content/drive/MyDrive/PROJECT-RAG SMARTPLANPLANTING/Data/คู่มือเกษตร/สถิติการเกษตรของประเทศไทย ปี 2567.pdf,39,"82,770 81,929 332 334 331 Hom mali rice outside the area ข้าวเจ้าปทุมธานี 1 214,477 198,418 198,122 210,724 197,738 196,141 131,992 124,902 123,826 626 632 631 Pathum Thani 1 ข้าวเจ้าอื่นๆ345,129 357,707 356,812 340,391 353,823 354,276 184,315 196,498 195,173 541 555 551 Other White Rice ตารางที่ 1.4 ข้าวนาปีแยกพันธุ์: เนื้อที่ ผลผลิต และผลผลิตต่อไร่ เป็นรายภาค และรายจังหวัด ปี 2565-2567 (ต่อ) Table 1.4 Major Rice Classified by Plant varieties: Area, production and yield by region and province, 2022-2024 (Continued) สถิติการเกษตรของประเทศไทย Agricultural Statistics of Thailand 11"
/content/drive/MyDrive/PROJECT-RAG SMARTPLANPLANTING/Data/คู่มือเกษตร/สถิติการเกษตรของประเทศไทย ปี 2567.pdf,40,"ข้าว: Rice ภาค/จังหวัด เนื้อที่เพาะปลูก (ไร่) Planted area (rai) เนื้อที่เก็บเกี่ยว (ไร่) Harvested area (rai) ผลผลิต (ตัน) Production (ton) ผลผลิตต่อไร่ (กก./ไร่) Yield (kg/rai) Region/ Province2565 2022 2566 2023 2567f 2024 2565 2022 2566 2023 2567f 2024 2565 2022 2566 2023 2567f 2024 2565 2022 2566 2023 2567f 2024 สิงห์บุรี 307,545 394,479 392,611 294,428 393,328 391,475 206,282 279,787 279,426 701 711 714 Sing Buri ข้าวเจ้าหอมมะลินอกพื้นที่ 8,511 9,942 9,894 8,377 9,924 9,864 3,410 4,312 4,314 407 435 437 Hom mali rice outside the area ข้าวเจ้าปทุมธานี 1 114,766 118,401 117,783 109,457 118,019 117,430 82,792 89,473 89,280 756 758 760 Pathum Thani 1 ข้าวเจ้าอื่นๆ183,928 265,711 264,522 176,254 264,960 263,769 119,914 185,782 185,617 680 701 704 Other White Rice ข้าวเหนียว 340 425 412 340 425 412 166 220 215 488 518 522 Glutinous Rice ชัยนาท 846,347 831,606 830,226 839,544 821,249 822,507 515,786 515,122 518,268 614 627 630 Chai Nat ข้าวเจ้าหอมมะลินอกพื้นที่ 22,883 22,742 22,665"
/content/drive/MyDrive/PROJECT-RAG SMARTPLANPLANTING/Data/คู่มือเกษตร/สถิติการเกษตรของประเทศไทย ปี 2567.pdf,40,"822,507 515,786 515,122 518,268 614 627 630 Chai Nat ข้าวเจ้าหอมมะลินอกพื้นที่ 22,883 22,742 22,665 22,784 22,589 22,484 8,962 9,192 9,247 393 407 411 Hom mali rice outside the area ข้าวเจ้าปทุมธานี 1 183,047 178,655 178,416 181,180 177,229 177,167 120,057 119,323 119,896 663 673 677 Pathum Thani 1 ข้าวเจ้าอื่นๆ640,417 630,209 629,145 635,580 621,431 622,856 386,767 386,607 389,125 609 622 625 Other White Rice สุพรรณบุรี 1,261,740 1,253,182 1,260,205 1,253,785 1,247,577 1,250,027 870,442 860,507 856,092 694 690 685 Suphan Buri ข้าวเจ้าหอมมะลินอกพื้นที่ 99,951 100,942 101,447 99,791 100,837 100,940 45,955 46,085 45,651 461 457 452 Hom mali rice outside the area ข้าวเจ้าปทุมธานี 1 200,228 187,628 188,779 200,086 187,498 187,835 150,029 139,629 139,130 750 745 741 Pathum Thani 1 ข้าวเจ้าอื่นๆ960,986 964,036 969,399 953,337 958,668 960,672 674,113 674,447 670,965 707 704 698 Other White Rice ข้าวเหนียว 575 576 580 571 574 580 345 346 346 604 603 597 Glutinous Rice อ่างทอง 344,353 346,470"
/content/drive/MyDrive/PROJECT-RAG SMARTPLANPLANTING/Data/คู่มือเกษตร/สถิติการเกษตรของประเทศไทย ปี 2567.pdf,40,"ข้าวเหนียว 575 576 580 571 574 580 345 346 346 604 603 597 Glutinous Rice อ่างทอง 344,353 346,470 345,212 333,527 345,119 343,878 232,412 242,383 239,553 697 702 697 Ang Thong ข้าวเจ้าหอมมะลินอกพื้นที่ 10,310 10,066 10,028 10,102 10,043 9,988 4,431 4,494 4,422 439 447 443 Hom mali rice outside the area ข้าวเจ้าปทุมธานี 1 103,341 92,255 91,930 100,082 91,913 91,562 75,333 69,715 68,948 753 758 753 Pathum Thani 1 ข้าวเจ้าอื่นๆ230,702 244,149 243,254 223,343 243,163 242,328 152,648 168,174 166,183 683 692 686 Other White Rice พระนครศรีอยุธยา 813,855 821,863 822,870 802,112 819,874 820,384 533,188 548,636 542,445 665 669 661 Ayutthaya ข้าวเจ้าหอมมะลินอกพื้นที่ 8,314 8,250 8,270 8,232 8,241 8,245 3,589 3,701 3,655 436 449 443 Hom mali rice outside the area ข้าวเจ้าปทุมธานี 1 25,697 26,465 26,538 25,522 26,442 26,458 18,103 18,997 18,842 709 718 712 Pathum Thani 1 ข้าวเจ้าอื่นๆ779,844 787,148 788,062 768,358 785,191 785,681 511,496 525,938 519,948 666 670 662 Other White Rice นนทบุรี 82,839"
/content/drive/MyDrive/PROJECT-RAG SMARTPLANPLANTING/Data/คู่มือเกษตร/สถิติการเกษตรของประเทศไทย ปี 2567.pdf,40,"788,062 768,358 785,191 785,681 511,496 525,938 519,948 666 670 662 Other White Rice นนทบุรี 82,839 81,709 81,395 82,744 81,635 81,324 57,549 56,498 56,511 696 692 695 Nonthaburi ข้าวเจ้าปทุมธานี 1 924 816 806 924 816 806 664 593 588 719 727 730 Pathum Thani 1 ข้าวเจ้าอื่นๆ 81,915 80,893 80,589 81,820 80,819 80,518 56,885 55,905 55,923 695 692 695 Other White Rice กรุงเทพมหานคร 81,743 80,768 80,430 81,260 80,581 80,269 55,216 54,414 54,393 679 675 678 Bangkok ข้าวเจ้าปทุมธานี 1 22,365 22,786 22,697 22,329 22,744 22,652 15,115 15,441 15,434 677 679 681 Otrer Hom Rice ข้าวเจ้าอื่นๆ 59,378 57,982 57,733 58,931 57,837 57,617 40,101 38,973 38,959 680 674 676 Other White Rice ปทุมธานี 295,153 293,577 295,976 294,221 293,083 295,513 212,963 211,407 213,863 724 721 724 Pathum Thani ข้าวเจ้าปทุมธานี 1 37,851 34,316 34,629 37,777 34,282 34,560 26,719 24,202 24,483 707 706 708 Pathum Thani 1 ข้าวเจ้าอื่นๆ257,302 259,261 261,347 256,444 258,801 260,953 186,244 187,205 189,380 726 723 726 Other"
/content/drive/MyDrive/PROJECT-RAG SMARTPLANPLANTING/Data/คู่มือเกษตร/สถิติการเกษตรของประเทศไทย ปี 2567.pdf,40,"259,261 261,347 256,444 258,801 260,953 186,244 187,205 189,380 726 723 726 Other White Rice นครนายก 363,813 359,799 357,910 361,998 357,724 356,005 201,399 197,455 195,052 556 552 548 Nakhon Nayok ข้าวเจ้าหอมมะลินอกพื้นที่ 31,885 31,934 31,782 31,885 31,886 31,639 11,914 11,952 11,791 374 375 373 Hom mali rice outside the area ข้าวเจ้าปทุมธานี 1 11,921 12,360 12,312 11,895 12,348 12,278 6,803 7,024 6,956 572 569 567 Pathum Thani 1 ข้าวเจ้าอื่นๆ320,007 315,505 313,816 318,218 313,490 312,088 182,682 178,479 176,305 574 569 565 Other White Rice ปราจีนบุรี 428,068 430,329 428,820 420,590 424,602 423,238 172,164 165,841 163,481 409 391 386 Prachin Buri ข้าวเจ้าหอมมะลินอกพื้นที่ 88,514 88,428 88,165 86,314 86,678 86,843 27,871 26,582 26,185 323 307 302 Hom mali rice outside the area ข้าวเจ้าปทุมธานี 1 5,051 5,463 5,425 5,005 5,437 5,398 2,635 2,817 2,783 526 518 516 Pathum Thani 1 ข้าวเจ้าอื่นๆ333,295 335,114 333,918 328,073 331,180 329,698 141,166 135,917 133,995 430 410 406 Other White"
/content/drive/MyDrive/PROJECT-RAG SMARTPLANPLANTING/Data/คู่มือเกษตร/สถิติการเกษตรของประเทศไทย ปี 2567.pdf,40,"335,114 333,918 328,073 331,180 329,698 141,166 135,917 133,995 430 410 406 Other White Rice ข้าวเหนียว 1,208 1,324 1,312 1,198 1,307 1,299 492 525 518 411 402 399 Glutinous Rice ตารางที่ 1.4 ข้าวนาปีแยกพันธุ์: เนื้อที่ ผลผลิต และผลผลิตต่อไร่ เป็นรายภาค และรายจังหวัด ปี 2565-2567 (ต่อ) Table 1.4 Major Rice Classified by Plant varieties: Area, production and yield by region and province, 2022-2024 (Continued) สถิติการเกษตรของประเทศไทย Agricultural Statistics of Thailand 12"
/content/drive/MyDrive/PROJECT-RAG SMARTPLANPLANTING/Data/คู่มือเกษตร/สถิติการเกษตรของประเทศไทย ปี 2567.pdf,41,"ข้าว: Rice ภาค/จังหวัด เนื้อที่เพาะปลูก (ไร่) Planted area (rai) เนื้อที่เก็บเกี่ยว (ไร่) Harvested area (rai) ผลผลิต (ตัน) Production (ton) ผลผลิตต่อไร่ (กก./ไร่) Yield (kg/rai) Region/ Province2565 2022 2566 2023 2567f 2024 2565 2022 2566 2023 2567f 2024 2565 2022 2566 2023 2567f 2024 2565 2022 2566 2023 2567f 2024 ฉะเชิงเทรา 634,824 633,367 631,359 627,078 625,897 625,154 392,675 388,648 384,969 626 621 616 Chachoengsao ข้าวเจ้าหอมมะลินอกพื้นที่ 86,386 87,657 87,380 84,992 86,545 86,506 36,700 36,979 36,525 432 427 422 Hom mali rice outside the area ข้าวเจ้าปทุมธานี 1 50,409 48,611 48,444 50,121 48,337 48,056 32,377 31,084 30,762 646 643 640 Pathum Thani 1 ข้าวเจ้าอื่นๆ496,655 495,802 494,247 490,602 489,731 489,313 322,926 319,953 317,057 658 653 648 Other White Rice ข้าวเหนียว 1,374 1,297 1,288 1,363 1,284 1,279 672 632 625 493 492 489 Glutinous Rice สระแก้ว 761,423 753,226 738,216 725,761 726,861 709,244 235,637 225,873 214,756 325 311 303 Sa Kaeo ข้าวเจ้าหอมมะลินอกพื้นที่"
/content/drive/MyDrive/PROJECT-RAG SMARTPLANPLANTING/Data/คู่มือเกษตร/สถิติการเกษตรของประเทศไทย ปี 2567.pdf,41,"725,761 726,861 709,244 235,637 225,873 214,756 325 311 303 Sa Kaeo ข้าวเจ้าหอมมะลินอกพื้นที่ 706,518 698,723 684,850 672,174 673,583 657,257 218,041 208,649 198,306 324 310 302 Hom mali rice outside the area ข้าวเจ้าปทุมธานี 1 2,573 2,808 2,754 2,546 2,797 2,726 1,127 1,204 1,162 443 430 426 Pathum Thani 1 ข้าวเจ้าอื่นๆ 45,574 43,285 42,374 44,477 42,176 41,188 14,433 13,546 12,924 325 321 314 Other White Rice ข้าวเหนียว 6,758 8,410 8,238 6,564 8,305 8,073 2,036 2,474 2,364 310 298 293 Glutinous Rice จันทบุรี 11,622 11,054 10,886 11,461 10,878 10,707 4,266 3,782 3,705 372 348 346 Chanthaburi ข้าวเจ้าหอมมะลินอกพื้นที่ 9,412 9,133 8,997 9,266 8,978 8,844 3,368 3,046 2,986 363 339 338 Hom mali rice outside the area ข้าวเจ้าปทุมธานี 1 272 248 244 272 248 244 139 120 117 511 484 480 Pathum Thani 1 ข้าวเจ้าอื่นๆ 1,938 1,673 1,645 1,923 1,652 1,619 759 616 602 395 373 372 Other White Rice ตราด 12,781 12,395 12,197 12,419 12,275 12,043 5,253 5,296 5,185 423 431 431 Trat"
/content/drive/MyDrive/PROJECT-RAG SMARTPLANPLANTING/Data/คู่มือเกษตร/สถิติการเกษตรของประเทศไทย ปี 2567.pdf,41,"Other White Rice ตราด 12,781 12,395 12,197 12,419 12,275 12,043 5,253 5,296 5,185 423 431 431 Trat ข้าวเจ้าหอมมะลินอกพื้นที่ 10,273 9,908 9,749 9,918 9,799 9,605 4,125 4,151 4,062 416 424 423 Hom mali rice outside the area ข้าวเจ้าปทุมธานี 1 725 725 714 718 725 714 347 358 351 483 494 492 Pathum Thani 1 ข้าวเจ้าอื่นๆ 1,783 1,762 1,734 1,783 1,751 1,724 781 787 772 438 449 448 Other White Rice ระยอง 9,725 9,030 8,816 9,508 8,984 8,761 4,763 4,473 4,345 501 498 496 Rayong ข้าวเจ้าหอมมะลินอกพื้นที่ 2,104 1,913 1,868 2,019 1,895 1,849 878 814 790 435 430 427 Hom mali rice outside the area ข้าวเจ้าปทุมธานี 1 713 609 595 713 609 595 386 328 320 541 539 538 Pathum Thani 1 ข้าวเจ้าอื่นๆ 6,908 6,508 6,353 6,776 6,480 6,317 3,499 3,331 3,235 516 514 512 Other White Rice ชลบุรี 68,756 62,244 61,763 66,558 60,055 59,566 31,555 28,131 27,754 474 468 466 Chon Buri ข้าวเจ้าหอมมะลินอกพื้นที่ 18,376 17,205 17,077 17,821 16,551 16,428 7,692 7,084 7,002 432 428 426 Hom mali rice outside the area"
/content/drive/MyDrive/PROJECT-RAG SMARTPLANPLANTING/Data/คู่มือเกษตร/สถิติการเกษตรของประเทศไทย ปี 2567.pdf,41,"17,205 17,077 17,821 16,551 16,428 7,692 7,084 7,002 432 428 426 Hom mali rice outside the area ข้าวเจ้าปทุมธานี 1 11,295 10,143 10,067 10,849 9,745 9,684 6,035 5,343 5,285 556 548 546 Pathum Thani 1 ข้าวเจ้าอื่นๆ 39,085 34,896 34,619 37,888 33,759 33,454 17,828 15,704 15,467 471 465 462 Other White Rice สมุทรปราการ 16,931 17,804 17,468 16,867 17,733 17,394 12,667 13,228 12,951 751 746 745 Samut Prakan ข้าวเจ้าปทุมธานี 1 3,183 2,669 2,620 3,183 2,669 2,620 2,291 1,912 1,871 720 716 714 Pathum Thani 1 ข้าวเจ้าอื่นๆ 13,748 15,135 14,848 13,684 15,064 14,774 10,376 11,316 11,080 758 751 750 Other White Rice สมุทรสาคร 3,857 3,744 3,696 3,837 3,719 3,673 2,700 2,628 2,603 704 707 709 Samut Sakhon ข้าวเจ้าปทุมธานี 1 48 48 46 48 48 46 30 31 30 625 646 652 Pathum Thani 1 ข้าวเจ้าอื่นๆ 3,809 3,696 3,650 3,789 3,671 3,627 2,670 2,597 2,573 705 707 709 Other White Rice นครปฐม 257,472 248,124 247,581 256,002 246,937 246,548 193,389 187,795 187,120 755 760 759 Nakhon Pathom"
/content/drive/MyDrive/PROJECT-RAG SMARTPLANPLANTING/Data/คู่มือเกษตร/สถิติการเกษตรของประเทศไทย ปี 2567.pdf,41,"257,472 248,124 247,581 256,002 246,937 246,548 193,389 187,795 187,120 755 760 759 Nakhon Pathom ข้าวเจ้าหอมมะลินอกพื้นที่ 598 542 532 598 542 532 282 259 253 472 478 476 Hom mali rice outside the area ข้าวเจ้าปทุมธานี 1 21,911 20,155 20,104 21,812 20,081 20,024 16,853 15,647 15,581 773 779 778 Pathum Thani 1 ข้าวเจ้าอื่นๆ234,963 227,427 226,945 233,592 226,314 225,992 176,254 171,889 171,286 755 760 758 Other White Rice กาญจนบุรี 365,616 361,149 359,950 362,620 351,773 357,111 219,200 211,407 217,724 604 601 610 Kanchanaburi ข้าวเจ้าหอมมะลินอกพื้นที่ 125,868 125,494 125,083 125,248 121,140 124,645 44,902 42,906 45,280 359 354 363 Hom mali rice outside the area ข้าวเจ้าปทุมธานี 1 109,864 113,149 112,808 108,495 110,239 111,454 86,307 87,204 89,118 795 791 800 Pathum Thani 1 ข้าวเจ้าอื่นๆ129,229 121,869 121,429 128,222 119,760 120,382 87,593 80,914 82,938 683 676 689 Other White Rice ข้าวเหนียว 655 637 630 655 634 630 398 383 388 608 604 616 Glutinous Rice ตารางที่ 1.4"
/content/drive/MyDrive/PROJECT-RAG SMARTPLANPLANTING/Data/คู่มือเกษตร/สถิติการเกษตรของประเทศไทย ปี 2567.pdf,41,"White Rice ข้าวเหนียว 655 637 630 655 634 630 398 383 388 608 604 616 Glutinous Rice ตารางที่ 1.4 ข้าวนาปีแยกพันธุ์: เนื้อที่ ผลผลิต และผลผลิตต่อไร่ เป็นรายภาค และรายจังหวัด ปี 2565-2567 (ต่อ) Table 1.4 Major Rice Classified by Plant varieties: Area, production and yield by region and province, 2022-2024 (Continued) สถิติการเกษตรของประเทศไทย Agricultural Statistics of Thailand 13"
/content/drive/MyDrive/PROJECT-RAG SMARTPLANPLANTING/Data/คู่มือเกษตร/สถิติการเกษตรของประเทศไทย ปี 2567.pdf,42,"ข้าว: Rice ภาค/จังหวัด เนื้อที่เพาะปลูก (ไร่) Planted area (rai) เนื้อที่เก็บเกี่ยว (ไร่) Harvested area (rai) ผลผลิต (ตัน) Production (ton) ผลผลิตต่อไร่ (กก./ไร่) Yield (kg/rai) Region/ Province2565 2022 2566 2023 2567f 2024 2565 2022 2566 2023 2567f 2024 2565 2022 2566 2023 2567f 2024 2565 2022 2566 2023 2567f 2024 ราชบุรี 223,532 210,734 209,881 222,366 209,392 208,666 154,159 145,678 145,499 693 696 697 Ratchaburi ข้าวเจ้าหอมมะลินอกพื้นที่ 5,423 8,643 8,626 5,407 8,629 8,609 1,922 3,104 3,123 355 360 363 Hom mali rice outside the area ข้าวเจ้าปทุมธานี 1 47,170 48,490 48,336 47,062 48,098 47,949 33,926 35,053 35,044 721 729 731 Pathum Thani 1 ข้าวเจ้าอื่นๆ170,939 153,601 152,919 169,897 152,665 152,108 118,311 107,521 107,332 696 704 706 Other White Rice สมุทรสงคราม 1,843 1,769 1,711 1,837 1,769 1,711 1,284 1,242 1,206 699 702 705 Samut Songkhram ข้าวเจ้าอื่นๆ 1,843 1,769 1,711 1,837 1,769 1,711 1,284 1,242 1,206 699 702 705 Other White Rice เพชรบุรี 272,518 265,335 268,040 271,294"
/content/drive/MyDrive/PROJECT-RAG SMARTPLANPLANTING/Data/คู่มือเกษตร/สถิติการเกษตรของประเทศไทย ปี 2567.pdf,42,"1,769 1,711 1,284 1,242 1,206 699 702 705 Other White Rice เพชรบุรี 272,518 265,335 268,040 271,294 264,161 266,870 189,184 185,143 188,359 697 701 706 Phetchaburi ข้าวเจ้าหอมมะลินอกพื้นที่ 679 673 684 679 673 684 312 312 320 459 464 468 Hom mali rice outside the area ข้าวเจ้าปทุมธานี 1 15,984 16,102 16,270 15,949 16,072 16,205 12,494 12,658 12,853 783 788 793 Pathum Thani 1 ข้าวเจ้าอื่นๆ255,855 248,560 251,086 254,666 247,416 249,981 176,378 172,173 175,186 693 696 701 Other White Rice ประจวบคีรีขันธ์ 21,793 9,342 19,613 21,551 8,760 19,219 12,360 4,808 10,851 574 549 565 Prachuap Khiri Khan ข้าวเจ้าหอมมะลินอกพื้นที่ 1,576 781 1,079 1,557 781 1,079 639 290 428 410 371 397 Hom mali rice outside the area ข้าวเจ้าปทุมธานี 1 9,755 3,905 7,845 9,607 3,624 7,688 5,864 2,111 4,550 610 583 592 Pathum Thani 1 ข้าวเจ้าอื่นๆ 10,462 4,656 10,689 10,387 4,355 10,452 5,857 2,407 5,873 564 553 562 Other White Rice ชุมพร 2,222 2,024 1,992 2,216 2,019 1,977 937 827 836 423 410 423 Chumphon"
/content/drive/MyDrive/PROJECT-RAG SMARTPLANPLANTING/Data/คู่มือเกษตร/สถิติการเกษตรของประเทศไทย ปี 2567.pdf,42,"553 562 Other White Rice ชุมพร 2,222 2,024 1,992 2,216 2,019 1,977 937 827 836 423 410 423 Chumphon ข้าวเจ้าปทุมธานี 1 1,667 1,449 1,424 1,661 1,449 1,409 716 606 609 431 418 432 Pathum Thani 1 ข้าวเจ้าอื่นๆ 555 575 568 555 570 568 221 221 227 398 388 400 Other White Rice ระนอง 539 446 440 539 446 440 207 164 166 384 368 377 Ranong ข้าวเจ้าปทุมธานี 1 283 228 225 283 228 225 108 83 84 382 364 373 Pathum Thani 1 ข้าวเจ้าอื่นๆ 256 218 215 256 218 215 99 81 82 387 372 381 Other White Rice สุราษฎร์ธานี 16,677 14,815 14,607 16,672 14,806 14,556 5,242 4,476 4,311 314 302 296 Surat Thani ข้าวเจ้าหอมมะลินอกพื้นที่ 409 368 358 409 368 358 115 100 96 281 272 268 Hom mali rice outside the area ข้าวเจ้าปทุมธานี 1 3,533 2,974 2,921 3,528 2,965 2,915 1,252 1,013 979 355 342 336 Pathum Thani 1 ข้าวเจ้าอื่นๆ 12,735 11,473 11,328 12,735 11,473 11,283 3,875 3,363 3,236 304 293 287 Other White Rice พังงา 2,039 1,932 1,890 2,039 1,932 1,890 713 656 661 350 340 350 Phangnga ข้าวเจ้าหอมมะลินอกพื้นที่ 235"
/content/drive/MyDrive/PROJECT-RAG SMARTPLANPLANTING/Data/คู่มือเกษตร/สถิติการเกษตรของประเทศไทย ปี 2567.pdf,42,"2,039 1,932 1,890 2,039 1,932 1,890 713 656 661 350 340 350 Phangnga ข้าวเจ้าหอมมะลินอกพื้นที่ 235 205 200 235 205 200 81 69 69 345 337 345 Hom mali rice outside the area ข้าวเจ้าปทุมธานี 1 512 502 491 512 502 491 185 176 177 361 351 360 Pathum Thani 1 ข้าวเจ้าอื่นๆ 1,292 1,225 1,199 1,292 1,225 1,199 447 411 415 346 336 346 Other White Rice ภูเก็ต 45 43 43 45 43 43 20 19 20 444 442 465 Phuket ข้าวเจ้าอื่นๆ 45 43 43 45 43 43 20 19 20 444 442 465 Other White Rice กระบี่ 6,257 6,616 6,548 6,247 6,601 6,529 1,976 2,031 2,041 316 308 313 Krabi ข้าวเจ้าหอมมะลินอกพื้นที่ 1,634 1,670 1,654 1,633 1,670 1,654 508 505 509 311 302 308 Hom mali rice outside the area ข้าวเจ้าอื่นๆ 4,623 4,946 4,894 4,614 4,931 4,875 1,468 1,526 1,532 318 309 314 Other White Rice ตรัง 9,487 9,050 9,029 9,487 9,050 9,029 3,827 3,293 3,316 403 364 367 Trang ข้าวเจ้าปทุมธานี 1 166 168 164 166 168 164 78 73 72 470 435 439 Pathum Thani 1 ข้าวเจ้าอื่นๆ 9,321 8,882 8,865 9,321 8,882 8,865 3,749 3,220 3,244 402 363 366"
/content/drive/MyDrive/PROJECT-RAG SMARTPLANPLANTING/Data/คู่มือเกษตร/สถิติการเกษตรของประเทศไทย ปี 2567.pdf,42,"439 Pathum Thani 1 ข้าวเจ้าอื่นๆ 9,321 8,882 8,865 9,321 8,882 8,865 3,749 3,220 3,244 402 363 366 Other White Rice นครศรีธรรมราช 172,946 162,578 161,405 168,886 156,372 155,859 83,319 75,434 75,602 493 482 485 Nakhon Si Thammarat ข้าวเจ้าหอมมะลินอกพื้นที่ 1,788 2,114 2,098 1,756 2,095 2,077 617 709 711 351 338 342 Hom mali rice outside the area ข้าวเจ้าปทุมธานี 1 25,643 23,345 23,162 24,976 22,536 22,467 13,768 12,135 12,160 551 538 541 Pathum Thani 1 ข้าวเจ้าอื่นๆ145,195 136,839 135,869 141,837 131,467 131,042 68,776 62,455 62,596 485 475 478 Other White Rice ข้าวเหนียว 320 280 276 317 274 273 158 135 135 498 493 495 Glutinous Rice ตารางที่ 1.4 ข้าวนาปีแยกพันธุ์: เนื้อที่ ผลผลิต และผลผลิตต่อไร่ เป็นรายภาค และรายจังหวัด ปี 2565-2567 (ต่อ) Table 1.4 Major Rice Classified by Plant varieties: Area, production and yield by region and province, 2022-2024 (Continued) สถิติการเกษตรของประเทศไทย Agricultural Statistics of Thailand 14"
/content/drive/MyDrive/PROJECT-RAG SMARTPLANPLANTING/Data/คู่มือเกษตร/สถิติการเกษตรของประเทศไทย ปี 2567.pdf,43,"ข้าว: Rice ภาค/จังหวัด เนื้อที่เพาะปลูก (ไร่) Planted area (rai) เนื้อที่เก็บเกี่ยว (ไร่) Harvested area (rai) ผลผลิต (ตัน) Production (ton) ผลผลิตต่อไร่ (กก./ไร่) Yield (kg/rai) Region/ Province2565 2022 2566 2023 2567f 2024 2565 2022 2566 2023 2567f 2024 2565 2022 2566 2023 2567f 2024 2565 2022 2566 2023 2567f 2024 พัทลุง 112,418 110,211 109,109 112,072 108,986 107,912 51,081 50,457 50,183 456 463 465 Phatthalung ข้าวเจ้าหอมมะลินอกพื้นที่ 206 175 170 206 175 170 64 55 54 311 314 318 Hom mali rice outside the area ข้าวเจ้าปทุมธานี 1 9,543 9,496 9,296 9,517 9,424 9,203 5,706 5,708 5,605 600 606 609 Pathum Thani 1 ข้าวเจ้าอื่นๆ102,547 100,415 99,521 102,227 99,262 98,417 45,260 44,641 44,472 443 450 452 Other White Rice ข้าวเหนียว 122 125 122 122 125 122 51 53 52 418 424 426 Glutinous Rice สงขลา 153,596 160,829 158,801 152,875 155,549 153,818 82,013 85,217 84,886 536 548 552 Songkhla ข้าวเจ้าหอมมะลินอกพื้นที่ 890 920 905 890 915 905 390 403 400 438 440 442 Hom mali rice outside the area"
/content/drive/MyDrive/PROJECT-RAG SMARTPLANPLANTING/Data/คู่มือเกษตร/สถิติการเกษตรของประเทศไทย ปี 2567.pdf,43,"890 920 905 890 915 905 390 403 400 438 440 442 Hom mali rice outside the area ข้าวเจ้าปทุมธานี 1 26,279 29,026 28,584 26,221 28,086 27,726 16,232 17,819 17,636 619 634 636 Pathum Thani 1 ข้าวเจ้าอื่นๆ126,317 130,760 129,193 125,654 126,428 125,069 65,328 66,925 66,781 520 529 534 Other White Rice ข้าวเหนียว 110 123 119 110 120 118 63 70 69 573 583 585 Glutinous Rice สตูล 14,658 14,502 14,297 14,658 14,502 14,297 5,479 5,784 5,806 374 399 406 Satun ข้าวเจ้าปทุมธานี 1 930 833 818 930 833 818 515 479 477 554 575 583 Pathum Thani 1 ข้าวเจ้าอื่นๆ 13,728 13,669 13,479 13,728 13,669 13,479 4,964 5,305 5,329 362 388 395 Other White Rice ปัตตานี 66,478 65,062 63,721 66,272 63,299 62,835 29,694 25,519 26,253 448 403 418 Pattani ข้าวเจ้าอื่นๆ 66,478 65,062 63,721 66,272 63,299 62,835 29,694 25,519 26,253 448 403 418 Other White Rice ยะลา 18,764 19,162 18,784 18,764 19,012 18,690 6,467 6,657 6,574 345 350 352 Yala ข้าวเจ้าอื่นๆ 18,764 19,162 18,784 18,764 19,012 18,690 6,467 6,657 6,574 345 350"
/content/drive/MyDrive/PROJECT-RAG SMARTPLANPLANTING/Data/คู่มือเกษตร/สถิติการเกษตรของประเทศไทย ปี 2567.pdf,43,"345 350 352 Yala ข้าวเจ้าอื่นๆ 18,764 19,162 18,784 18,764 19,012 18,690 6,467 6,657 6,574 345 350 352 Other White Rice นราธิวาส 29,356 29,484 27,007 29,356 29,322 26,777 13,795 13,601 12,342 470 464 461 Narathiwat ข้าวเจ้าอื่นๆ 29,356 29,484 27,007 29,356 29,322 26,777 13,795 13,601 12,342 470 464 461 Other White Rice ตารางที่ 1.4 ข้าวนาปีแยกพันธุ์: เนื้อที่ ผลผลิต และผลผลิตต่อไร่ เป็นรายภาค และรายจังหวัด ปี 2565-2567 (ต่อ) Table 1.4 Major Rice Classified by Plant varieties: Area, production and yield by region and province, 2022-2024 (Continued) สถิติการเกษตรของประเทศไทย Agricultural Statistics of Thailand 15"
/content/drive/MyDrive/PROJECT-RAG SMARTPLANPLANTING/Data/คู่มือเกษตร/สถิติการเกษตรของประเทศไทย ปี 2567.pdf,44,"ข้าว: Rice หมายเหตุ: 1/ ข้าวเปลือก 2/ ราคา ปี 2568 คือ ราคาเฉลี่ยเดือน ม.ค. - ก.พ. Remark: 1/ Paddy 2/ Price in 2025 is the average price of Jan and Feb รูปที่ 1.4 ข้าวนาปรัง: เนื้อที่ ผลผลิต ผลผลิตต่อไร่ และราคาที่เกษตรกรขายได้ ปี 2559-2568 Figure 1.4 Second Rice: Area, production, yield and farm gate price, 2016-2025 ปี เนื้อที่เพาะปลูก (1,000 ไร่) Planted area (1,000 rais) เนื้อที่เก็บเกี่ยว (1,000 ไร่) Harvested area (1,000 rais) ผลผลิต1/ (1,000 ตัน) Production (1,000 tons) ผลผลิตต่อไร่1/ (กก./ไร่) Yield (kg/rai) ราคา ที่เกษตรกรขายได้ (บาท/ตัน) Farm gate price (Baht/ton) มูลค่าของผลผลิต (ล้านบาท) Value of production (Million Baht) Year 2559 5,138 5,080 3,109 612 8,170 25,404 2016 2560 10,457 10,403 6,621 636 7,779 51,504 2017 2561 12,067 12,035 7,965 662 7,812 62,219 2018 2562 10,995 10,922 7,170 656 7,790 55,856 2019 2563 7,342 7,221 4,554 631 9,170 41,758 2020 2564 8,343 8,307 5,310 639 8,641 45,888 2021 2565 9,547 9,518 6,171 648 8,754 54,023 2022 2566 10,606 10,581 6,918 654"
/content/drive/MyDrive/PROJECT-RAG SMARTPLANPLANTING/Data/คู่มือเกษตร/สถิติการเกษตรของประเทศไทย ปี 2567.pdf,44,"639 8,641 45,888 2021 2565 9,547 9,518 6,171 648 8,754 54,023 2022 2566 10,606 10,581 6,918 654 10,172 70,368 2023 2567 10,058P 10,024P 6,545P 653P 10,840 70,943 2024 2568 11,624f 11,596f 7,605f 656f 8,7182/ 66,299 2025 ตารางที่ 1.5 ข้าวนาปรัง: เนื้อที่ ผลผลิต ผลผลิตต่อไร่ ราคาที่เกษตรกรขายได้ และมูลค่าของผลผลิต ปี 2559-2568 Table 1.5 Second Rice: Area, production, yield, farm gate price and value of production, 2016-2025 สถิติการเกษตรของประเทศไทย Agricultural Statistics of Thailand 16"
/content/drive/MyDrive/PROJECT-RAG SMARTPLANPLANTING/Data/คู่มือเกษตร/สถิติการเกษตรของประเทศไทย ปี 2567.pdf,45,"ข้าว: Rice ภาค/จังหวัด เนื้อที่เพาะปลูก (ไร่) Planted area (rai) เนื้อที่เก็บเกี่ยว (ไร่) Harvested area (rai) ผลผลิต (ตัน) Production (ton) ผลผลิตต่อไร่ (กก./ไร่) Yield (kg/rai) Region/ Province2566 2023 2567P 2024 2568f 2025 2566 2023 2567P 2024 2568f 2025 2566 2023 2567P 2024 2568f 2025 2566 2023 2567P 2024 2568f 2025 รวมทั้งประเทศ10,606,128 10,057,534 11,623,663 10,581,029 10,023,876 11,596,478 6,917,771 6,544,570 7,604,861 654 653 656 Whole Kingdom เหนือ 3,995,691 3,929,195 4,612,837 3,987,197 3,914,665 4,600,746 2,538,235 2,505,200 2,955,979 637 640 642 Northern ตะวันออกเฉียงเหนือ1,907,470 1,690,135 1,888,009 1,899,793 1,679,968 1,880,570 1,094,978 957,862 1,074,296 576 570 571 Northeastern กลาง 4,614,381 4,355,509 5,037,565 4,605,573 4,346,960 5,029,949 3,236,890 3,037,081 3,528,237 703 699 701 Central ใต้ 88,586 82,695 85,252 88,466 82,283 85,213 47,668 44,427 46,349 539 540 544 Southern เชียงราย 400,524 365,838 396,147 399,597 357,326 392,491 253,671 224,049 250,630 635 627"
/content/drive/MyDrive/PROJECT-RAG SMARTPLANPLANTING/Data/คู่มือเกษตร/สถิติการเกษตรของประเทศไทย ปี 2567.pdf,45,"44,608 44,079 48,013 44,423 43,695 47,789 19,393 19,539 21,214 437 447 444 Surin บุรีรัมย์ 46,676 25,174 37,955 46,611 24,796 37,765 24,214 12,314 18,464 519 497 489 Buri Ram ตารางที่ 1.6 ข้าวนาปรัง: เนื้อที่ ผลผลิต และผลผลิตต่อไร่ เป็นรายภาค และรายจังหวัด ปี 2566-2568 Table 1.6 Second Rice: Area, production and yield by region and province, 2023-2025 สถิติการเกษตรของประเทศไทย Agricultural Statistics of Thailand 17"
/content/drive/MyDrive/PROJECT-RAG SMARTPLANPLANTING/Data/คู่มือเกษตร/สถิติการเกษตรของประเทศไทย ปี 2567.pdf,46,"ข้าว: Rice ตารางที่ 1.6 ข้าวนาปรัง: เนื้อที่ ผลผลิต และผลผลิตต่อไร่ เป็นรายภาค และรายจังหวัด ปี 2566-2568 (ต่อ) Table 1.6 Second Rice: Area, production and yield by region and province, 2023-2025 (Continued) ภาค/จังหวัด เนื้อที่เพาะปลูก (ไร่) Planted area (rai) เนื้อที่เก็บเกี่ยว (ไร่) Harvested area (rai) ผลผลิต (ตัน) Production (ton) ผลผลิตต่อไร่ (กก./ไร่) Yield (kg/rai) Region/ Province2566 2023 2567P 2024 2568f 2025 2566 2023 2567P 2024 2568f 2025 2566 2023 2567P 2024 2568f 2025 2566 2023 2567P 2024 2568f 2025 มหาสารคาม 191,184 187,158 193,008 190,823 186,824 192,733 113,291 110,005 114,868 594 589 596 Maha Sarakham ร้อยเอ็ด 250,156 248,383 256,930 248,810 247,082 255,759 144,395 142,895 147,050 580 578 575 Roi Et กาฬสินธุ์ 279,519 277,990 285,795 278,143 276,753 284,814 182,181 182,507 189,124 655 659 664 Kalasin ขอนแก่น 147,208 143,079 150,756 146,871 142,755 150,457 83,618 79,786 85,436 569 559 568 Khon Kaen ชัยภูมิ 87,723 81,005 90,932 87,339 79,483 90,161 54,803 49,823 56,641"
/content/drive/MyDrive/PROJECT-RAG SMARTPLANPLANTING/Data/คู่มือเกษตร/สถิติการเกษตรของประเทศไทย ปี 2567.pdf,47,"รูปที่ 1.5 ข้าวนาปรัง: เนื้อที่เก็บเกี่ยว ผลผลิต และผลผลิตต่อไร่ เป็นรายภาค ปี 2568 Figure 1.5 Second rice: Harvested area, production and yield by region, 2025 ข้าว: Rice ตารางที่ 1.6 ข้าวนาปรัง: เนื้อที่ ผลผลิต และผลผลิตต่อไร่ เป็นรายภาค และรายจังหวัด ปี 2566-2568 (ต่อ) Table 1.6 Second Rice: Area, production and yield by region and province, 2023-2025 (Continued) ภาค/จังหวัด เนื้อที่เพาะปลูก (ไร่) Planted area (rai) เนื้อที่เก็บเกี่ยว (ไร่) Harvested area (rai) ผลผลิต (ตัน) Production (ton) ผลผลิตต่อไร่ (กก./ไร่) Yield (kg/rai) Region/ Province2566 2023 2567P 2024 2568f 2025 2566 2023 2567P 2024 2568f 2025 2566 2023 2567P 2024 2568f 2025 2566 2023 2567P 2024 2568f 2025 พัทลุง 21,700 20,245 19,543 21,700 20,117 19,538 12,017 11,078 10,832 554 551 554 Phatthalung สงขลา 41,680 40,054 39,457 41,580 40,003 39,457 21,634 21,083 20,957 520 527 531 Songkhla ปัตตานี 18,706 18,019 19,586 18,706 18,019 19,586 10,976 10,425 11,438 587 579 584 Pattani นราธิวาส 0 0 185 0 0 185 0 0 96 0 0 519"
/content/drive/MyDrive/PROJECT-RAG SMARTPLANPLANTING/Data/คู่มือเกษตร/สถิติการเกษตรของประเทศไทย ปี 2567.pdf,48,"ข้าว: Rice ตารางที่ 1.7 ข้าวนาปรังแยกพันธุ์: เนื้อที่ ผลผลิต และผลผลิตต่อไร่ เป็นรายภาค และรายจังหวัด ปี 2566-2568 Table 1.7 Second Rice Classified by Plant varieties: Area, production and yield by region and province, 2023-2025 ภาค/จังหวัด เนื้อที่เพาะปลูก (ไร่) Planted area (rai) เนื้อที่เก็บเกี่ยว (ไร่) Harvested area (rai) ผลผลิต (ตัน) Production (ton) ผลผลิตต่อไร่ (กก./ไร่) Yield (kg/rai) Region/ Province2566 2023 2567P 2024 2568f 2025 2566 2023 2567P 2024 2568f 2025 2566 2023 2567P 2024 2568f 2025 2566 2023 2567P 2024 2568f 2025 รวมทั้งประเทศ10,606,128 10,057,534 11,623,663 10,581,029 10,023,876 11,596,478 6,917,771 6,544,570 7,604,861 654 653 656 Whole Kingdom ข้าวเจ้าปทุมธานี 1 892,569 822,630 947,842 890,493 819,746 945,585 607,433 557,754 647,295 682 680 685 Pathum Thani 1 ข้าวเจ้าอื่นๆ8,691,655 8,285,242 9,586,737 8,672,756 8,264,552 9,566,598 5,716,192 5,442,366 6,322,231 659 659 661 Other White Rice ข้าวเหนียว 1,021,904 949,662 1,089,084 1,017,780 939,578 1,084,295 594,146"
/content/drive/MyDrive/PROJECT-RAG SMARTPLANPLANTING/Data/คู่มือเกษตร/สถิติการเกษตรของประเทศไทย ปี 2567.pdf,48,"659 661 Other White Rice ข้าวเหนียว 1,021,904 949,662 1,089,084 1,017,780 939,578 1,084,295 594,146 544,450 635,335 584 579 586 Glutinous Rice เหนือ 3,995,691 3,929,195 4,612,837 3,987,197 3,914,665 4,600,746 2,538,235 2,505,200 2,955,979 637 640 642 Northern ข้าวเจ้าปทุมธานี 1 191,909 185,358 206,955 191,030 183,876 206,346 125,152 121,350 137,297 655 660 665 Pathum Thani 1 ข้าวเจ้าอื่นๆ3,259,780 3,271,637 3,853,909 3,253,912 3,265,275 3,845,468 2,072,168 2,094,042 2,470,569 637 641 642 Other White Rice ข้าวเหนียว 544,002 472,200 551,973 542,255 465,514 548,932 340,915 289,808 348,113 629 623 634 Glutinous Rice ตะวันออกเฉียงเหนือ1,907,470 1,690,135 1,888,009 1,899,793 1,679,968 1,880,570 1,094,978 957,862 1,074,296 576 570 571 Northeastern ข้าวเจ้าปทุมธานี 1 30,610 26,344 31,590 30,526 26,136 31,374 16,836 14,258 17,175 552 546 547 Pathum Thani 1 ข้าวเจ้าอื่นๆ1,402,444 1,189,380 1,320,858 1,397,228 1,182,815 1,315,379 827,149 690,904 770,889 592 584 586 Other White Rice ข้าวเหนียว"
/content/drive/MyDrive/PROJECT-RAG SMARTPLANPLANTING/Data/คู่มือเกษตร/สถิติการเกษตรของประเทศไทย ปี 2567.pdf,48,"1,397,228 1,182,815 1,315,379 827,149 690,904 770,889 592 584 586 Other White Rice ข้าวเหนียว 474,416 474,411 535,561 472,039 471,017 533,817 250,993 252,700 286,232 532 536 536 Glutinous Rice กลาง 4,614,381 4,355,509 5,037,565 4,605,573 4,346,960 5,029,949 3,236,890 3,037,081 3,528,237 703 699 701 Central ข้าวเจ้าปทุมธานี 1 665,835 607,037 705,342 664,722 605,843 703,910 463,216 420,111 490,728 697 693 697 Pathum Thani 1 ข้าวเจ้าอื่นๆ3,945,060 3,745,421 4,330,673 3,937,365 3,738,070 4,324,493 2,771,436 2,615,028 3,036,519 704 700 702 Other White Rice ข้าวเหนียว 3,486 3,051 1,550 3,486 3,047 1,546 2,238 1,942 990 642 637 640 Glutinous Rice ใต้ 88,586 82,695 85,252 88,466 82,283 85,213 47,668 44,427 46,349 539 540 544 Southern ข้าวเจ้าปทุมธานี 1 4,215 3,891 3,955 4,215 3,891 3,955 2,229 2,035 2,095 529 523 530 Pathum Thani 1 ข้าวเจ้าอื่นๆ84,371 78,804 81,297 84,251 78,392 81,258 45,439 42,392 44,254 539 541 545 Other White Rice เชียงราย 400,524 365,838 396,147 399,597 357,326 392,491"
/content/drive/MyDrive/PROJECT-RAG SMARTPLANPLANTING/Data/คู่มือเกษตร/สถิติการเกษตรของประเทศไทย ปี 2567.pdf,48,"42,392 44,254 539 541 545 Other White Rice เชียงราย 400,524 365,838 396,147 399,597 357,326 392,491 253,671 224,049 250,630 635 627 639 Chiang Rai ข้าวเจ้าปทุมธานี 1 38,318 35,413 38,307 38,279 34,705 38,230 23,658 21,248 23,980 618 612 627 Pathum Thani 1 ข้าวเจ้าอื่นๆ90,378 80,484 87,152 90,159 78,713 86,280 59,083 50,705 56,387 655 644 654 Other White Rice ข้าวเหนียว 271,828 249,941 270,688 271,159 243,908 267,981 170,930 152,096 170,263 630 624 635 Glutinous Rice พะเยา 62,105 34,717 48,560 62,012 34,552 48,511 38,280 20,648 30,306 617 598 625 Phayao ข้าวเจ้าปทุมธานี 1 263 175 228 263 174 227 133 86 115 506 494 498 Pathum Thani 1 ข้าวเจ้าอื่นๆ23,075 11,561 16,127 23,017 11,514 16,111 14,338 6,948 9,902 623 603 615 Other White Rice ข้าวเหนียว 38,767 22,981 32,205 38,732 22,864 32,173 23,809 13,614 20,289 615 595 631 Glutinous Rice ลำาปาง 38,883 32,387 46,024 38,786 32,285 45,940 20,856 16,737 24,635 538 518 536 Lampang ข้าวเจ้าอื่นๆ3,527 2,819 4,043 3,518 2,819 4,043 1,915 1,472"
/content/drive/MyDrive/PROJECT-RAG SMARTPLANPLANTING/Data/คู่มือเกษตร/สถิติการเกษตรของประเทศไทย ปี 2567.pdf,48,"16,737 24,635 538 518 536 Lampang ข้าวเจ้าอื่นๆ3,527 2,819 4,043 3,518 2,819 4,043 1,915 1,472 2,175 544 522 538 Other White Rice ข้าวเหนียว 35,356 29,568 41,981 35,268 29,466 41,897 18,941 15,265 22,460 537 518 536 Glutinous Rice ลำาพูน 17,391 8,303 17,850 17,383 8,292 17,838 11,621 5,254 11,936 669 634 669 Lamphun ข้าวเจ้าอื่นๆ349 124 284 349 124 284 239 82 202 685 661 711 Other White Rice ข้าวเหนียว 17,042 8,179 17,566 17,034 8,168 17,554 11,382 5,172 11,734 668 633 668 Glutinous Rice เชียงใหม่ 116,578 103,398 128,504 115,863 103,100 128,378 77,613 68,597 86,364 670 665 673 ChiangMai ข้าวเจ้าอื่นๆ2,521 2,016 2,339 2,521 2,016 2,339 1,661 1,327 1,581 659 658 676 Other White Rice ข้าวเหนียว 114,057 101,382 126,165 113,342 101,084 126,039 75,952 67,270 84,783 670 665 673 Glutinous Rice แม่ฮ่องสอน 57 68 102 57 68 102 33 38 58 579 559 569 Mae Hong Son ข้าวเจ้าอื่นๆ 57 68 102 57 68 102 33 38 58 579 559 569 Other White Rice ตาก 14,117 12,232 12,082 14,041 12,200 12,058 7,760 6,789 6,691"
/content/drive/MyDrive/PROJECT-RAG SMARTPLANPLANTING/Data/คู่มือเกษตร/สถิติการเกษตรของประเทศไทย ปี 2567.pdf,48,"38 58 579 559 569 Other White Rice ตาก 14,117 12,232 12,082 14,041 12,200 12,058 7,760 6,789 6,691 553 556 555 Tak ข้าวเจ้าปทุมธานี 1 195 183 181 195 183 181 106 100 98 544 546 541 Pathum Thani 1 ข้าวเจ้าอื่นๆ13,922 12,049 11,901 13,846 12,017 11,877 7,654 6,689 6,593 553 557 555 Other White Rice สถิติการเกษตรของประเทศไทย Agricultural Statistics of Thailand 20"
/content/drive/MyDrive/PROJECT-RAG SMARTPLANPLANTING/Data/คู่มือเกษตร/สถิติการเกษตรของประเทศไทย ปี 2567.pdf,49,"ข้าว: Rice ตารางที่ 1.7 ข้าวนาปรังแยกพันธุ์: เนื้อที่ ผลผลิต และผลผลิตต่อไร่ เป็นรายภาค และรายจังหวัด ปี 2566-2568 (ต่อ) Table 1.7 Second Rice Classified by Plant varieties: Area, production and yield by region and province, 2023-2025 (Continued) ภาค/จังหวัด เนื้อที่เพาะปลูก (ไร่) Planted area (rai) เนื้อที่เก็บเกี่ยว (ไร่) Harvested area (rai) ผลผลิต (ตัน) Production (ton) ผลผลิตต่อไร่ (กก./ไร่) Yield (kg/rai) Region/ Province2566 2023 2567P 2024 2568f 2025 2566 2023 2567P 2024 2568f 2025 2566 2023 2567P 2024 2568f 2025 2566 2023 2567P 2024 2568f 2025 กำาแพงเพชร 502,772 541,404 609,421 502,772 540,622 609,212 316,912 341,221 383,297 630 631 629 Kamphaeng Phet ข้าวเจ้าปทุมธานี 1 4,897 5,468 6,216 4,897 5,468 6,216 3,069 3,439 3,891 627 629 626 Pathum Thani 1 ข้าวเจ้าอื่นๆ497,006 534,907 602,065 497,006 534,125 601,858 313,304 337,141 378,699 630 631 629 Other White Rice ข้าวเหนียว 869 1,029 1,140 869 1,029 1,138 539 641 707 620 623 621 Glutinous Rice สุโขทัย 485,785 485,836 578,220"
/content/drive/MyDrive/PROJECT-RAG SMARTPLANPLANTING/Data/คู่มือเกษตร/สถิติการเกษตรของประเทศไทย ปี 2567.pdf,49,"1,029 1,140 869 1,029 1,138 539 641 707 620 623 621 Glutinous Rice สุโขทัย 485,785 485,836 578,220 483,066 483,598 575,915 277,351 281,700 334,225 574 583 580 Sukhothai ข้าวเจ้าปทุมธานี 1 2,444 2,449 2,914 2,444 2,437 2,902 1,456 1,474 1,745 596 605 601 Pathum Thani 1 ข้าวเจ้าอื่นๆ481,713 481,755 573,363 478,994 479,529 571,070 275,001 279,315 331,404 574 582 580 Other White Rice ข้าวเหนียว 1,628 1,632 1,943 1,628 1,632 1,943 894 911 1,076 549 558 554 Glutinous Rice แพร่ 30,511 24,405 23,854 30,381 24,323 23,807 17,704 14,447 14,267 583 594 599 Phrae ข้าวเจ้าอื่นๆ317 226 221 317 226 221 186 135 134 587 597 606 Other White Rice ข้าวเหนียว 30,194 24,179 23,633 30,064 24,097 23,586 17,518 14,312 14,133 583 594 599 Glutinous Rice น่าน 9,821 9,412 9,117 9,787 9,404 9,106 5,589 5,394 5,280 571 574 580 Nan ข้าวเจ้าอื่นๆ148 122 119 148 122 119 85 71 70 574 582 588 Other White Rice ข้าวเหนียว 9,673 9,290 8,998 9,639 9,282 8,987 5,504 5,323 5,210 571 573 580 Glutinous Rice อุตรดิตถ์ 310,294"
/content/drive/MyDrive/PROJECT-RAG SMARTPLANPLANTING/Data/คู่มือเกษตร/สถิติการเกษตรของประเทศไทย ปี 2567.pdf,49,"9,673 9,290 8,998 9,639 9,282 8,987 5,504 5,323 5,210 571 573 580 Glutinous Rice อุตรดิตถ์ 310,294 290,186 309,671 307,500 289,421 308,459 201,081 190,596 204,953 654 659 664 Uttaradit ข้าวเจ้าปทุมธานี 1 103,374 99,447 106,434 102,534 98,751 105,995 67,544 65,734 70,991 659 666 670 Pathum Thani 1 ข้าวเจ้าอื่นๆ193,044 177,274 188,868 191,156 177,227 188,113 124,518 115,989 124,464 651 654 662 Other White Rice ข้าวเหนียว 13,876 13,465 14,369 13,810 13,443 14,351 9,019 8,873 9,498 653 660 662 Glutinous Rice พิษณุโลก 713,449 720,406 841,655 712,615 718,933 839,192 445,174 454,367 536,466 625 632 639 Phitsanulok ข้าวเจ้าปทุมธานี 1 19,790 20,748 23,398 19,790 20,686 23,367 13,644 14,399 16,308 689 696 698 Pathum Thani 1 ข้าวเจ้าอื่นๆ687,117 692,886 810,345 686,285 691,488 807,914 427,606 435,891 515,379 623 630 638 Other White Rice ข้าวเหนียว 6,542 6,772 7,912 6,540 6,759 7,911 3,924 4,077 4,779 600 603 604 Glutinous Rice พิจิตร 535,782 580,758 679,474 535,782 580,758 678,795 355,722"
/content/drive/MyDrive/PROJECT-RAG SMARTPLANPLANTING/Data/คู่มือเกษตร/สถิติการเกษตรของประเทศไทย ปี 2567.pdf,49,"4,779 600 603 604 Glutinous Rice พิจิตร 535,782 580,758 679,474 535,782 580,758 678,795 355,722 389,010 453,894 664 670 669 Phichit ข้าวเจ้าปทุมธานี 1 1,752 2,091 2,446 1,752 2,091 2,444 1,166 1,407 1,639 666 673 671 Pathum Thani 1 ข้าวเจ้าอื่นๆ534,030 578,667 677,028 534,030 578,667 676,351 354,556 387,603 452,255 664 670 669 Other White Rice นครสวรรค์ 613,963 603,197 739,128 613,913 603,197 738,083 418,552 412,940 504,607 682 685 684 Nakhon Sawan ข้าวเจ้าปทุมธานี 1 12,233 12,064 15,817 12,233 12,064 15,785 8,737 8,650 11,309 714 717 716 Pathum Thani 1 ข้าวเจ้าอื่นๆ601,730 591,133 723,311 601,680 591,133 722,298 409,815 404,290 493,298 681 684 683 Other White Rice อุทัยธานี 106,776 83,469 125,475 106,759 83,420 125,316 68,318 53,831 80,521 640 645 643 Uthai Thani ข้าวเจ้าปทุมธานี 1 8,131 6,844 10,327 8,131 6,841 10,312 5,341 4,538 6,826 657 663 662 Pathum Thani 1 ข้าวเจ้าอื่นๆ98,645 76,625 115,148 98,628 76,579 115,004 62,977 49,293 73,695 639 644 641 Other White Rice เพชรบูรณ์"
/content/drive/MyDrive/PROJECT-RAG SMARTPLANPLANTING/Data/คู่มือเกษตร/สถิติการเกษตรของประเทศไทย ปี 2567.pdf,49,"76,625 115,148 98,628 76,579 115,004 62,977 49,293 73,695 639 644 641 Other White Rice เพชรบูรณ์ 36,883 33,179 47,553 36,883 33,166 47,543 21,998 19,582 27,849 596 590 586 Phetchabun ข้าวเจ้าปทุมธานี 1 512 476 687 512 476 687 298 275 395 582 578 575 Pathum Thani 1 ข้าวเจ้าอื่นๆ32,201 28,921 41,493 32,201 28,908 41,484 19,197 17,053 24,273 596 590 585 Other White Rice ข้าวเหนียว 4,170 3,782 5,373 4,170 3,782 5,372 2,503 2,254 3,181 600 596 592 Glutinous Rice เลย 588 565 1,168 588 564 1,168 239 230 471 406 408 403 Loei ข้าวเจ้าอื่นๆ 65 59 121 65 59 121 26 24 49 400 407 405 Other White Rice ข้าวเหนียว 523 506 1,047 523 505 1,047 213 206 422 407 408 403 Glutinous Rice หนองบัวลำาภู 15,701 11,898 16,054 15,483 11,690 15,971 7,962 6,087 8,159 514 521 511 Nong Bua Lam Phu ข้าวเจ้าปทุมธานี 1 674 595 819 663 586 819 350 312 429 528 532 524 Pathum Thani 1 ข้าวเจ้าอื่นๆ6,180 4,660 6,304 6,108 4,595 6,232 3,176 2,414 3,247 520 525 521 Other White Rice ข้าวเหนียว 8,847 6,643 8,931 8,712 6,509 8,920"
/content/drive/MyDrive/PROJECT-RAG SMARTPLANPLANTING/Data/คู่มือเกษตร/สถิติการเกษตรของประเทศไทย ปี 2567.pdf,49,"6,232 3,176 2,414 3,247 520 525 521 Other White Rice ข้าวเหนียว 8,847 6,643 8,931 8,712 6,509 8,920 4,436 3,361 4,483 509 516 503 Glutinous Rice สถิติการเกษตรของประเทศไทย Agricultural Statistics of Thailand 21"
/content/drive/MyDrive/PROJECT-RAG SMARTPLANPLANTING/Data/คู่มือเกษตร/สถิติการเกษตรของประเทศไทย ปี 2567.pdf,50,"ข้าว: Rice ภาค/จังหวัด เนื้อที่เพาะปลูก (ไร่) Planted area (rai) เนื้อที่เก็บเกี่ยว (ไร่) Harvested area (rai) ผลผลิต (ตัน) Production (ton) ผลผลิตต่อไร่ (กก./ไร่) Yield (kg/rai) Region/ Province2566 2023 2567P 2024 2568f 2025 2566 2023 2567P 2024 2568f 2025 2566 2023 2567P 2024 2568f 2025 2566 2023 2567P 2024 2568f 2025 อุดรธานี 40,603 39,917 48,569 40,459 39,854 48,507 21,109 21,102 25,334 522 529 522 Udon Thani ข้าวเจ้าอื่นๆ1,243 1,233 1,510 1,224 1,221 1,495 639 644 769 522 527 514 Other White Rice ข้าวเหนียว 39,360 38,684 47,059 39,235 38,633 47,012 20,470 20,458 24,565 522 530 523 Glutinous Rice หนองคาย 86,457 93,570 100,630 85,980 92,231 100,247 44,758 48,509 52,853 521 526 527 Nong Khai ข้าวเจ้าอื่นๆ4,850 5,333 5,766 4,826 5,269 5,701 2,212 2,437 2,670 458 463 468 Other White Rice ข้าวเหนียว 81,607 88,237 94,864 81,154 86,962 94,546 42,546 46,072 50,183 524 530 531 Glutinous Rice บึงกาฬ 14,559 13,786 16,304 14,479 13,663 16,282 7,504 7,140 8,398 518 523 516 Bueng Kan"
/content/drive/MyDrive/PROJECT-RAG SMARTPLANPLANTING/Data/คู่มือเกษตร/สถิติการเกษตรของประเทศไทย ปี 2567.pdf,50,"Rice บึงกาฬ 14,559 13,786 16,304 14,479 13,663 16,282 7,504 7,140 8,398 518 523 516 Bueng Kan ข้าวเจ้าปทุมธานี 1 399 372 448 399 372 448 223 209 251 559 562 560 Pathum Thani 1 ข้าวเจ้าอื่นๆ1,010 949 1,124 998 935 1,117 464 437 516 465 467 462 Other White Rice ข้าวเหนียว 13,150 12,465 14,732 13,082 12,356 14,717 6,817 6,494 7,631 521 526 519 Glutinous Rice สกลนคร 65,935 70,969 93,020 65,230 70,547 92,717 30,792 33,994 44,368 472 482 479 Sakon Nakhon ข้าวเจ้าปทุมธานี 1 130 142 186 130 142 186 60 67 87 462 472 468 Pathum Thani 1 ข้าวเจ้าอื่นๆ5,588 5,961 7,860 5,530 5,901 7,829 2,584 2,814 3,663 467 477 468 Other White Rice ข้าวเหนียว 60,217 64,866 84,974 59,570 64,504 84,702 28,148 31,113 40,618 473 482 480 Glutinous Rice นครพนม 66,641 64,285 73,476 66,376 63,948 73,345 34,007 33,332 38,814 512 521 529 Nakhon Phanom ข้าวเจ้าปทุมธานี 1 96 87 99 96 87 99 53 49 56 552 563 566 Pathum Thani 1 ข้าวเจ้าอื่นๆ2,433 2,250 2,601 2,422 2,228 2,591 999 936 1,105 412 420 426 Other White Rice"
/content/drive/MyDrive/PROJECT-RAG SMARTPLANPLANTING/Data/คู่มือเกษตร/สถิติการเกษตรของประเทศไทย ปี 2567.pdf,50,"Thani 1 ข้าวเจ้าอื่นๆ2,433 2,250 2,601 2,422 2,228 2,591 999 936 1,105 412 420 426 Other White Rice ข้าวเหนียว 64,112 61,948 70,776 63,858 61,633 70,655 32,955 32,347 37,653 516 525 533 Glutinous Rice มุกดาหาร 802 798 658 802 798 658 432 432 361 539 541 549 Mukdahan ข้าวเจ้าอื่นๆ140 139 115 140 139 115 73 73 61 521 525 530 Other White Rice ข้าวเหนียว 662 659 543 662 659 543 359 359 300 542 545 552 Glutinous Rice ยโสธร 70,517 70,870 72,810 70,381 70,701 72,678 39,568 40,559 42,116 562 574 579 Yasothon ข้าวเจ้าปทุมธานี 1 93 103 106 93 103 106 48 54 56 516 524 528 Pathum Thani 1 ข้าวเจ้าอื่นๆ66,371 66,692 68,525 66,243 66,527 68,436 37,221 38,141 39,607 562 573 579 Other White Rice ข้าวเหนียว 4,053 4,075 4,179 4,045 4,071 4,136 2,299 2,364 2,453 568 581 593 Glutinous Rice อำานาจเจริญ 2,190 2,161 2,381 2,190 2,161 2,381 1,071 1,068 1,198 489 494 503 Amnat Charoen ข้าวเจ้าปทุมธานี 1 51 0 0 51 0 0 23 0 0 451 0 0 Pathum Thani 1 ข้าวเจ้าอื่นๆ1,791 1,807 1,990 1,791 1,807 1,990 886 902 1,011"
/content/drive/MyDrive/PROJECT-RAG SMARTPLANPLANTING/Data/คู่มือเกษตร/สถิติการเกษตรของประเทศไทย ปี 2567.pdf,50,"51 0 0 23 0 0 451 0 0 Pathum Thani 1 ข้าวเจ้าอื่นๆ1,791 1,807 1,990 1,791 1,807 1,990 886 902 1,011 495 499 508 Other White Rice ข้าวเหนียว 348 354 391 348 354 391 162 166 187 466 469 478 Glutinous Rice อุบลราชธานี 155,354 148,678 162,563 154,981 147,735 160,908 75,011 72,350 79,830 484 490 496 Ubon Ratchathani ข้าวเจ้าปทุมธานี 1 219 184 202 219 184 202 128 108 119 584 587 589 Pathum Thani 1 ข้าวเจ้าอื่นๆ116,805 112,053 122,486 116,512 111,219 121,000 56,107 54,240 59,773 482 488 494 Other White Rice ข้าวเหนียว 38,330 36,441 39,875 38,250 36,332 39,706 18,776 18,002 19,938 491 495 502 Glutinous Rice ศรีสะเกษ 70,787 71,117 78,067 70,582 70,938 77,977 37,102 37,847 42,082 526 534 540 Si Sa Ket ข้าวเจ้าปทุมธานี 1 7,735 7,787 8,580 7,695 7,748 8,563 3,931 4,003 4,444 511 517 519 Pathum Thani 1 ข้าวเจ้าอื่นๆ61,086 61,330 67,292 60,928 61,198 67,223 32,214 32,858 36,540 529 537 544 Other White Rice ข้าวเหนียว 1,966 2,000 2,195 1,959 1,992 2,191 957 986 1,098 489 495 501 Glutinous Rice"
/content/drive/MyDrive/PROJECT-RAG SMARTPLANPLANTING/Data/คู่มือเกษตร/สถิติการเกษตรของประเทศไทย ปี 2567.pdf,50,"White Rice ข้าวเหนียว 1,966 2,000 2,195 1,959 1,992 2,191 957 986 1,098 489 495 501 Glutinous Rice สุรินทร์ 44,608 44,079 48,013 44,423 43,695 47,789 19,393 19,539 21,214 437 447 444 Surin ข้าวเจ้าปทุมธานี 1 1,400 1,382 1,505 1,400 1,375 1,479 719 721 774 514 524 523 Pathum Thani 1 ข้าวเจ้าอื่นๆ41,233 40,758 44,381 41,056 40,391 44,226 17,788 17,930 19,483 433 444 441 Other White Rice ข้าวเหนียว 1,975 1,939 2,127 1,967 1,929 2,084 886 888 957 450 460 459 Glutinous Rice ตารางที่ 1.7 ข้าวนาปรังแยกพันธุ์: เนื้อที่ ผลผลิต และผลผลิตต่อไร่ เป็นรายภาค และรายจังหวัด ปี 2566-2568 (ต่อ) Table 1.7 Second Rice Classified by Plant varieties: Area, production and yield by region and province, 2023-2025 (Continued) สถิติการเกษตรของประเทศไทย Agricultural Statistics of Thailand 22"
/content/drive/MyDrive/PROJECT-RAG SMARTPLANPLANTING/Data/คู่มือเกษตร/สถิติการเกษตรของประเทศไทย ปี 2567.pdf,51,"ข้าว: Rice ภาค/จังหวัด เนื้อที่เพาะปลูก (ไร่) Planted area (rai) เนื้อที่เก็บเกี่ยว (ไร่) Harvested area (rai) ผลผลิต (ตัน) Production (ton) ผลผลิตต่อไร่ (กก./ไร่) Yield (kg/rai) Region/ Province2566 2023 2567P 2024 2568f 2025 2566 2023 2567P 2024 2568f 2025 2566 2023 2567P 2024 2568f 2025 2566 2023 2567P 2024 2568f 2025 บุรีรัมย์ 46,676 25,174 37,955 46,611 24,796 37,765 24,214 12,314 18,464 519 497 489 Buri Ram ข้าวเจ้าปทุมธานี 1 4,030 2,573 3,909 4,030 2,558 3,889 2,015 1,214 1,837 500 475 472 Pathum Thani 1 ข้าวเจ้าอื่นๆ41,662 22,047 33,192 41,599 21,688 33,026 21,712 10,841 16,231 522 500 491 Other White Rice ข้าวเหนียว 984 554 854 982 550 850 487 259 396 496 471 466 Glutinous Rice มหาสารคาม 191,184 187,158 193,008 190,823 186,824 192,733 113,291 110,005 114,868 594 589 596 Maha Sarakham ข้าวเจ้าปทุมธานี 1 115 0 0 115 0 0 68 0 0 591 0 0 Pathum Thani 1 ข้าวเจ้าอื่นๆ179,722 176,022 181,466 179,396 175,744 181,208 106,790 103,758 108,335 595 590 598 Other White Rice ข้าวเหนียว 11,347"
/content/drive/MyDrive/PROJECT-RAG SMARTPLANPLANTING/Data/คู่มือเกษตร/สถิติการเกษตรของประเทศไทย ปี 2567.pdf,51,"179,396 175,744 181,208 106,790 103,758 108,335 595 590 598 Other White Rice ข้าวเหนียว 11,347 11,136 11,542 11,312 11,080 11,525 6,433 6,247 6,533 569 564 567 Glutinous Rice ร้อยเอ็ด 250,156 248,383 256,930 248,810 247,082 255,759 144,395 142,895 147,050 580 578 575 Roi Et ข้าวเจ้าปทุมธานี 1 1,025 994 1,053 1,025 994 1,044 558 538 564 544 541 540 Pathum Thani 1 ข้าวเจ้าอื่นๆ242,158 240,558 248,709 240,844 239,298 247,590 140,174 138,784 142,759 582 580 577 Other White Rice ข้าวเหนียว 6,973 6,831 7,168 6,941 6,790 7,125 3,663 3,573 3,727 528 526 523 Glutinous Rice กาฬสินธุ์ 279,519 277,990 285,795 278,143 276,753 284,814 182,181 182,507 189,124 655 659 664 Kalasin ข้าวเจ้าปทุมธานี 1 57 53 57 57 53 57 35 33 36 614 623 632 Pathum Thani 1 ข้าวเจ้าอื่นๆ198,443 197,348 202,972 197,379 196,474 202,363 133,305 133,315 138,021 675 679 682 Other White Rice ข้าวเหนียว 81,019 80,589 82,766 80,707 80,226 82,394 48,841 49,159 51,067 605 613 620 Glutinous Rice ขอนแก่น 147,208 143,079 150,756"
/content/drive/MyDrive/PROJECT-RAG SMARTPLANPLANTING/Data/คู่มือเกษตร/สถิติการเกษตรของประเทศไทย ปี 2567.pdf,51,"80,226 82,394 48,841 49,159 51,067 605 613 620 Glutinous Rice ขอนแก่น 147,208 143,079 150,756 146,871 142,755 150,457 83,618 79,786 85,436 569 559 568 Khon Kaen ข้าวเจ้าปทุมธานี 1 1,242 1,216 1,281 1,242 1,216 1,281 596 572 608 480 470 475 Pathum Thani 1 ข้าวเจ้าอื่นๆ113,808 110,572 116,399 113,601 110,372 116,166 66,347 63,256 67,628 584 573 582 Other White Rice ข้าวเหนียว 32,158 31,291 33,076 32,028 31,167 33,010 16,675 15,958 17,200 521 512 521 Glutinous Rice ชัยภูมิ 87,723 81,005 90,932 87,339 79,483 90,161 54,803 49,823 56,641 627 627 628 Chaiyaphum ข้าวเจ้าปทุมธานี 1 9,250 8,830 9,912 9,239 8,715 9,813 5,485 5,166 5,868 594 593 598 Pathum Thani 1 ข้าวเจ้าอื่นๆ51,688 46,982 52,558 51,396 46,003 52,085 33,448 29,969 33,952 651 651 652 Other White Rice ข้าวเหนียว 26,785 25,193 28,462 26,704 24,765 28,263 15,870 14,688 16,821 594 593 595 Glutinous Rice นครราชสีมา 270,262 94,653 158,920 269,242 93,750 158,253 173,528 58,343 97,515 645 622 616 Nakhon Ratchasima ข้าวเจ้าปทุมธานี 1"
/content/drive/MyDrive/PROJECT-RAG SMARTPLANPLANTING/Data/คู่มือเกษตร/สถิติการเกษตรของประเทศไทย ปี 2567.pdf,51,"269,242 93,750 158,253 173,528 58,343 97,515 645 622 616 Nakhon Ratchasima ข้าวเจ้าปทุมธานี 1 4,094 2,026 3,433 4,072 2,003 3,388 2,544 1,212 2,046 625 605 604 Pathum Thani 1 ข้าวเจ้าอื่นๆ266,168 92,627 155,487 265,170 91,747 154,865 170,984 57,131 95,469 645 623 616 Other White Rice สระบุรี 154,394 157,653 198,045 154,055 157,399 197,746 102,679 104,058 130,413 667 661 659 Saraburi ข้าวเจ้าปทุมธานี 1 6,908 7,094 9,051 6,888 7,080 9,037 4,666 4,753 6,055 677 671 670 Pathum Thani 1 ข้าวเจ้าอื่นๆ147,486 150,559 188,994 147,167 150,319 188,709 98,013 99,305 124,358 666 661 659 Other White Rice ลพบุรี 354,573 280,704 355,401 354,154 280,246 354,968 229,483 179,994 230,527 648 642 649 Lop Buri ข้าวเจ้าปทุมธานี 1 107,745 84,829 107,758 107,698 84,659 107,647 70,345 55,054 70,797 653 650 658 Pathum Thani 1 ข้าวเจ้าอื่นๆ246,828 195,875 247,643 246,456 195,587 247,321 159,138 124,940 159,730 646 639 646 Other White Rice สิงห์บุรี 194,865 197,821 280,780 194,625 197,544 280,513 131,276 132,294"
/content/drive/MyDrive/PROJECT-RAG SMARTPLANPLANTING/Data/คู่มือเกษตร/สถิติการเกษตรของประเทศไทย ปี 2567.pdf,51,"639 646 Other White Rice สิงห์บุรี 194,865 197,821 280,780 194,625 197,544 280,513 131,276 132,294 189,175 675 670 674 Sing Buri ข้าวเจ้าปทุมธานี 1 33,156 33,630 47,733 33,092 33,539 47,727 22,569 22,700 32,363 682 677 678 Pathum Thani 1 ข้าวเจ้าอื่นๆ158,994 161,817 232,064 158,818 161,634 231,804 106,954 108,075 156,179 673 669 674 Other White Rice ข้าวเหนียว 2,715 2,374 983 2,715 2,371 982 1,753 1,519 633 646 641 645 Glutinous Rice ชัยนาท 409,159 407,367 495,800 408,699 406,950 495,418 271,085 268,317 329,122 663 659 664 Chai Nat ข้าวเจ้าปทุมธานี 1 107,156 106,526 130,048 107,066 106,398 129,747 72,819 72,225 88,823 680 679 685 Pathum Thani 1 ข้าวเจ้าอื่นๆ302,003 300,841 365,752 301,633 300,552 365,671 198,266 196,092 240,299 657 652 657 Other White Rice ตารางที่ 1.7 ข้าวนาปรังแยกพันธุ์: เนื้อที่ ผลผลิต และผลผลิตต่อไร่ เป็นรายภาค และรายจังหวัด ปี 2566-2568 (ต่อ) Table 1.7 Second Rice Classified by Plant varieties: Area, production and yield by region and province, 2023-2025"
/content/drive/MyDrive/PROJECT-RAG SMARTPLANPLANTING/Data/คู่มือเกษตร/สถิติการเกษตรของประเทศไทย ปี 2567.pdf,52,"ข้าว: Rice ภาค/จังหวัด เนื้อที่เพาะปลูก (ไร่) Planted area (rai) เนื้อที่เก็บเกี่ยว (ไร่) Harvested area (rai) ผลผลิต (ตัน) Production (ton) ผลผลิตต่อไร่ (กก./ไร่) Yield (kg/rai) Region/ Province2566 2023 2567P 2024 2568f 2025 2566 2023 2567P 2024 2568f 2025 2566 2023 2567P 2024 2568f 2025 2566 2023 2567P 2024 2568f 2025 สุพรรณบุรี 862,872 770,396 885,430 862,361 769,851 884,858 638,586 569,786 657,135 741 740 743 Suphan Buri ข้าวเจ้าปทุมธานี 1 105,692 91,677 105,366 105,537 91,631 105,046 81,437 70,775 81,448 772 772 775 Pathum Thani 1 ข้าวเจ้าอื่นๆ757,180 678,719 780,064 756,824 678,220 779,812 557,149 499,011 575,687 736 736 738 Other White Rice อ่างทอง 235,925 241,686 264,893 235,871 241,534 264,787 158,685 161,209 177,872 673 667 672 Ang Thong ข้าวเจ้าปทุมธานี 1 49,833 51,750 56,719 49,833 51,682 56,645 33,868 35,035 38,626 680 678 682 Pathum Thani 1 ข้าวเจ้าอื่นๆ185,321 189,259 207,607 185,267 189,176 207,578 124,332 125,751 138,889 671 665 669 Other White Rice ข้าวเหนียว 771 677"
/content/drive/MyDrive/PROJECT-RAG SMARTPLANPLANTING/Data/คู่มือเกษตร/สถิติการเกษตรของประเทศไทย ปี 2567.pdf,52,"185,267 189,176 207,578 124,332 125,751 138,889 671 665 669 Other White Rice ข้าวเหนียว 771 677 567 771 676 564 485 423 357 629 626 633 Glutinous Rice พระนครศรีอยุธยา 658,109 667,394 739,418 657,375 666,775 738,786 488,276 497,381 552,069 743 746 747 Ayutthaya ข้าวเจ้าปทุมธานี 1 16,136 16,551 18,412 16,102 16,530 18,389 11,718 12,082 13,478 728 731 733 Pathum Thani 1 ข้าวเจ้าอื่นๆ641,973 650,843 721,006 641,273 650,245 720,397 476,558 485,299 538,591 743 746 748 Other White Rice นนทบุรี 76,467 78,762 87,823 76,433 78,720 87,800 55,713 56,905 63,711 729 723 726 Nonthaburi ข้าวเจ้าปทุมธานี 1 582 630 694 582 630 692 384 412 455 660 654 658 Pathum Thani 1 ข้าวเจ้าอื่นๆ75,885 78,132 87,129 75,851 78,090 87,108 55,329 56,493 63,256 729 723 726 Other White Rice กรุงเทพมหานคร 74,125 75,393 89,034 74,000 75,254 88,920 48,772 49,415 58,213 659 657 655 Bangkok ข้าวเจ้าปทุมธานี 1 5,881 5,930 6,913 5,867 5,918 6,898 3,789 3,801 4,424 646 642 641 Pathum Thani 1 ข้าวเจ้าอื่นๆ68,244 69,463 82,121"
/content/drive/MyDrive/PROJECT-RAG SMARTPLANPLANTING/Data/คู่มือเกษตร/สถิติการเกษตรของประเทศไทย ปี 2567.pdf,52,"5,867 5,918 6,898 3,789 3,801 4,424 646 642 641 Pathum Thani 1 ข้าวเจ้าอื่นๆ68,244 69,463 82,121 68,133 69,336 82,022 44,983 45,614 53,789 660 658 656 Other White Rice ปทุมธานี 202,482 201,279 239,701 202,269 201,031 239,520 146,087 144,046 170,783 722 717 713 Pathum Thani ข้าวเจ้าปทุมธานี 1 28,588 28,139 33,031 28,566 28,139 32,995 20,228 19,866 23,221 708 706 704 Pathum Thani 1 ข้าวเจ้าอื่นๆ173,894 173,140 206,670 173,703 172,892 206,525 125,859 124,180 147,562 725 718 714 Other White Rice นครนายก 158,266 159,964 167,433 157,149 159,010 166,405 104,315 103,727 110,595 664 652 665 Nakhon Nayok ข้าวเจ้าปทุมธานี 1 1,821 1,888 1,959 1,749 1,841 1,924 1,131 1,161 1,217 647 631 633 Pathum Thani 1 ข้าวเจ้าอื่นๆ156,445 158,076 165,474 155,400 157,169 164,481 103,184 102,566 109,378 664 653 665 Other White Rice ปราจีนบุรี 123,572 124,416 134,677 122,603 123,470 133,733 76,301 76,136 83,396 622 617 624 Prachin Buri ข้าวเจ้าปทุมธานี 1 1,628 1,667 1,791 1,628 1,661 1,777 918 930 1,007 564 560"
/content/drive/MyDrive/PROJECT-RAG SMARTPLANPLANTING/Data/คู่มือเกษตร/สถิติการเกษตรของประเทศไทย ปี 2567.pdf,52,"617 624 Prachin Buri ข้าวเจ้าปทุมธานี 1 1,628 1,667 1,791 1,628 1,661 1,777 918 930 1,007 564 560 567 Pathum Thani 1 ข้าวเจ้าอื่นๆ121,944 122,749 132,886 120,975 121,809 131,956 75,383 75,206 82,389 623 617 624 Other White Rice ฉะเชิงเทรา 305,701 298,807 319,640 303,876 297,297 318,358 205,455 199,811 215,949 676 672 678 Chachoengsao ข้าวเจ้าปทุมธานี 1 9,994 9,553 10,155 9,944 9,505 10,013 6,282 5,980 6,428 632 629 642 Pathum Thani 1 ข้าวเจ้าอื่นๆ295,707 289,254 309,485 293,932 287,792 308,345 199,173 193,831 209,521 678 674 680 Other White Rice สระแก้ว 31,445 11,730 12,794 31,192 11,550 12,739 19,247 6,851 7,457 617 593 585 Sa Kaeo ข้าวเจ้าปทุมธานี 1 20,866 7,531 8,201 20,684 7,372 8,160 12,954 4,441 4,830 626 602 592 Pathum Thani 1 ข้าวเจ้าอื่นๆ10,579 4,199 4,593 10,508 4,178 4,579 6,293 2,410 2,627 599 577 574 Other White Rice ตราด 2,565 2,520 2,478 2,495 2,478 2,426 1,347 1,321 1,312 540 533 541 Trat ข้าวเจ้าปทุมธานี 1 487 479 468 487 479 468 246 241 237 505 503 506 Pathum Thani 1"
/content/drive/MyDrive/PROJECT-RAG SMARTPLANPLANTING/Data/คู่มือเกษตร/สถิติการเกษตรของประเทศไทย ปี 2567.pdf,52,"540 533 541 Trat ข้าวเจ้าปทุมธานี 1 487 479 468 487 479 468 246 241 237 505 503 506 Pathum Thani 1 ข้าวเจ้าอื่นๆ2,078 2,041 2,010 2,008 1,999 1,958 1,101 1,080 1,075 548 540 549 Other White Rice ระยอง 3,250 2,642 2,529 3,237 2,623 2,515 1,775 1,412 1,345 548 538 535 Rayong ข้าวเจ้าอื่นๆ3,250 2,642 2,529 3,237 2,623 2,515 1,775 1,412 1,345 548 538 535 Other White Rice ชลบุรี 33,327 32,053 34,590 33,191 31,936 34,492 22,175 20,674 22,234 668 647 645 Chon Buri ข้าวเจ้าปทุมธานี 1 1,826 1,776 1,906 1,818 1,767 1,901 1,143 1,080 1,153 629 611 607 Pathum Thani 1 ข้าวเจ้าอื่นๆ31,501 30,277 32,684 31,373 30,169 32,591 21,032 19,594 21,081 670 649 647 Other White Rice สมุทรปราการ 13,845 13,397 14,589 13,749 13,112 14,436 9,624 9,068 10,069 700 692 697 Samut Prakan ข้าวเจ้าปทุมธานี 1 1,350 1,324 1,440 1,350 1,298 1,418 873 834 917 647 643 647 Pathum Thani 1 ข้าวเจ้าอื่นๆ12,495 12,073 13,149 12,399 11,814 13,018 8,751 8,234 9,152 706 697 703 Other White Rice ตารางที่ 1.7 ข้าวนาปรังแยกพันธุ์:"
/content/drive/MyDrive/PROJECT-RAG SMARTPLANPLANTING/Data/คู่มือเกษตร/สถิติการเกษตรของประเทศไทย ปี 2567.pdf,52,"11,814 13,018 8,751 8,234 9,152 706 697 703 Other White Rice ตารางที่ 1.7 ข้าวนาปรังแยกพันธุ์: เนื้อที่ ผลผลิต และผลผลิตต่อไร่ เป็นรายภาค และรายจังหวัด ปี 2566-2568 (ต่อ) Table 1.7 Second Rice Classified by Plant varieties: Area, production and yield by region and province, 2023-2025 (Continued) สถิติการเกษตรของประเทศไทย Agricultural Statistics of Thailand 24"
/content/drive/MyDrive/PROJECT-RAG SMARTPLANPLANTING/Data/คู่มือเกษตร/สถิติการเกษตรของประเทศไทย ปี 2567.pdf,53,"ข้าว: Rice ภาค/จังหวัด เนื้อที่เพาะปลูก (ไร่) Planted area (rai) เนื้อที่เก็บเกี่ยว (ไร่) Harvested area (rai) ผลผลิต (ตัน) Production (ton) ผลผลิตต่อไร่ (กก./ไร่) Yield (kg/rai) Region/ Province2566 2023 2567P 2024 2568f 2025 2566 2023 2567P 2024 2568f 2025 2566 2023 2567P 2024 2568f 2025 2566 2023 2567P 2024 2568f 2025 สมุทรสาคร 2,245 2,225 2,298 2,239 2,222 2,296 1,513 1,514 1,579 676 681 688 Samut Sakhon ข้าวเจ้าอื่นๆ2,245 2,225 2,298 2,239 2,222 2,296 1,513 1,514 1,579 676 681 688 Other White Rice นครปฐม 226,714 225,865 227,096 226,410 225,613 226,888 176,235 172,557 175,031 778 765 771 Nakhon Pathom ข้าวเจ้าปทุมธานี 1 13,007 12,987 13,035 12,982 12,948 13,015 9,807 9,610 9,776 755 742 751 Pathum Thani 1 ข้าวเจ้าอื่นๆ213,707 212,878 214,061 213,428 212,665 213,873 166,428 162,947 165,255 780 766 773 Other White Rice กาญจนบุรี 175,971 171,501 175,932 175,617 171,029 175,603 126,318 120,345 124,734 719 704 710 Kanchanaburi ข้าวเจ้าปทุมธานี 1 107,282 102,935 105,647 107,038 102,746"
/content/drive/MyDrive/PROJECT-RAG SMARTPLANPLANTING/Data/คู่มือเกษตร/สถิติการเกษตรของประเทศไทย ปี 2567.pdf,53,"120,345 124,734 719 704 710 Kanchanaburi ข้าวเจ้าปทุมธานี 1 107,282 102,935 105,647 107,038 102,746 105,424 76,101 71,595 74,059 711 697 702 Pathum Thani 1 ข้าวเจ้าอื่นๆ68,689 68,566 70,285 68,579 68,283 70,179 50,217 48,750 50,675 732 714 722 Other White Rice ราชบุรี 152,336 145,670 152,934 152,180 145,465 152,779 107,535 100,441 107,170 707 690 701 Ratchaburi ข้าวเจ้าปทุมธานี 1 37,434 36,418 38,845 37,403 36,345 38,839 26,387 25,128 27,308 705 691 703 Pathum Thani 1 ข้าวเจ้าอื่นๆ114,902 109,252 114,089 114,777 109,120 113,940 81,148 75,313 79,862 707 690 701 Other White Rice สมุทรสงคราม 1,257 1,536 1,680 1,251 1,533 1,678 872 1,064 1,191 697 694 710 Samut Songkhram ข้าวเจ้าอื่นๆ1,257 1,536 1,680 1,251 1,533 1,678 872 1,064 1,191 697 694 710 Other White Rice เพชรบุรี 147,844 81,808 148,714 147,717 81,675 148,560 105,778 57,275 105,042 716 701 707 Phetchaburi ข้าวเจ้าปทุมธานี 1 4,099 2,806 4,952 4,099 2,800 4,942 2,832 1,908 3,402 691 681 688 Pathum Thani 1 ข้าวเจ้าอื่นๆ143,745 79,002"
/content/drive/MyDrive/PROJECT-RAG SMARTPLANPLANTING/Data/คู่มือเกษตร/สถิติการเกษตรของประเทศไทย ปี 2567.pdf,53,"4,952 4,099 2,800 4,942 2,832 1,908 3,402 691 681 688 Pathum Thani 1 ข้าวเจ้าอื่นๆ143,745 79,002 143,762 143,618 78,875 143,618 102,946 55,367 101,640 717 702 708 Other White Rice ประจวบคีรีขันธ์ 13,072 2,920 3,856 12,825 2,643 3,725 7,758 1,480 2,113 605 560 567 Prachuap Khiri Khan ข้าวเจ้าปทุมธานี 1 4,364 917 1,218 4,309 875 1,206 2,719 500 704 631 571 584 Pathum Thani 1 ข้าวเจ้าอื่นๆ8,708 2,003 2,638 8,516 1,768 2,519 5,039 980 1,409 592 554 559 Other White Rice ชุมพร 446 389 431 446 389 431 204 173 199 457 445 462 Chumphon ข้าวเจ้าปทุมธานี 1 193 172 191 193 172 191 90 78 89 466 453 466 Pathum Thani 1 ข้าวเจ้าอื่นๆ253 217 240 253 217 240 114 95 110 451 438 458 Other White Rice สุราษฎร์ธานี 1,679 1,253 1,657 1,679 1,233 1,657 793 543 767 472 440 463 Surat Thani ข้าวเจ้าปทุมธานี 1 366 265 348 366 265 348 177 118 165 484 445 474 Pathum Thani 1 ข้าวเจ้าอื่นๆ1,313 988 1,309 1,313 968 1,309 616 425 602 469 439 460 Other White Rice นครศรีธรรมราช 4,314 2,625 4,273 4,294 2,413 4,239 2,016"
/content/drive/MyDrive/PROJECT-RAG SMARTPLANPLANTING/Data/คู่มือเกษตร/สถิติการเกษตรของประเทศไทย ปี 2567.pdf,53,"616 425 602 469 439 460 Other White Rice นครศรีธรรมราช 4,314 2,625 4,273 4,294 2,413 4,239 2,016 1,084 2,007 469 449 473 Nakhon Si Thammarat ข้าวเจ้าปทุมธานี 1 242 134 215 242 134 215 115 57 104 475 425 484 Pathum Thani 1 ข้าวเจ้าอื่นๆ4,072 2,491 4,058 4,052 2,279 4,024 1,901 1,027 1,903 469 451 473 Other White Rice พัทลุง 21,700 20,245 19,543 21,700 20,117 19,538 12,017 11,078 10,832 554 551 554 Phatthalung ข้าวเจ้าปทุมธานี 1 3,026 2,956 2,842 3,026 2,956 2,842 1,684 1,626 1,580 557 550 556 Pathum Thani 1 ข้าวเจ้าอื่นๆ18,674 17,289 16,701 18,674 17,161 16,696 10,333 9,452 9,252 553 551 554 Other White Rice สงขลา 41,680 40,054 39,457 41,580 40,003 39,457 21,634 21,083 20,957 520 527 531 Songkhla ข้าวเจ้าปทุมธานี 1 388 364 359 388 364 359 163 156 157 420 429 437 Pathum Thani 1 ข้าวเจ้าอื่นๆ41,292 39,690 39,098 41,192 39,639 39,098 21,471 20,927 20,800 521 528 532 Other White Rice ปัตตานี 18,706 18,019 19,586 18,706 18,019 19,586 10,976 10,425 11,438 587 579 584 Pattani"
/content/drive/MyDrive/PROJECT-RAG SMARTPLANPLANTING/Data/คู่มือเกษตร/สถิติการเกษตรของประเทศไทย ปี 2567.pdf,53,"Rice ปัตตานี 18,706 18,019 19,586 18,706 18,019 19,586 10,976 10,425 11,438 587 579 584 Pattani ข้าวเจ้าอื่นๆ18,706 18,019 19,586 18,706 18,019 19,586 10,976 10,425 11,438 587 579 584 Other White Rice นราธิวาส 0 0 185 0 0 185 0 0 96 0 0 519 Narathiwat ข้าวเจ้าอื่นๆ 0 0 185 0 0 185 0 0 96 0 0 519 Other White Rice อื่น ๆ1/ 61 110 120 61 109 120 28 41 53 467 373 442 Others1/ Remark: 1/The others are Krabi and Trangหมายเหตุ: 1/ อื่น ๆ ได้แก่ จังหวัดกระบี่ และตรัง ตารางที่ 1.7 ข้าวนาปรังแยกพันธุ์: เนื้อที่ ผลผลิต และผลผลิตต่อไร่ เป็นรายภาค และรายจังหวัด ปี 2566-2568 (ต่อ) Table 1.7 Second Rice Classified by Plant varieties: Area, production and yield by region and province, 2023-2025 (Continued) สถิติการเกษตรของประเทศไทย Agricultural Statistics of Thailand 25"
/content/drive/MyDrive/PROJECT-RAG SMARTPLANPLANTING/Data/คู่มือเกษตร/สถิติการเกษตรของประเทศไทย ปี 2567.pdf,54,"ตารางที่ 1.8 ข้าวโพดเลี้ยงสัตว์: เนื้อที่เก็บเกี่ยว ผลผลิต และผลผลิตต่อไร่ ของประเทศผู้ผลิตที่สำาคัญ 10 อันดับแรก ปี 2565/66-2567/68 Table 1.8 Maize: Harvested area, production and yield of top 10 major countries, 2022/23-2024/25 รูปที่ 1.6 ข้าวโพดเลี้ยงสัตว์: เนื้อที่เก็บเกี่ยว ผลผลิต และผลผลิตต่อไร่ ของประเทศผู้ผลิตที่สำาคัญ 10 อันดับแรก ปี 2566/67 Figure 1.6 Maize: Harvested area, production and yield of top 10 major countries, 2023/24 ข้าวโพดเลี้ยงสัตว์: Maize ประเทศ เนื้อที่เก็บเกี่ยว (1,000 ไร่) Harvested area (1,000 rais) ผลผลิต (1,000 ตัน) Production (1,000 tons) ผลผลิตต่อไร่ (กก./ไร่) Yield (kg/rai) Countries 2565/66 2022/23 2566/67 2023/24 2567/68 2024/25 2565/66 2022/23 2566/67 2023/24 2567/68 2024/25 2565/66 2022/23 2566/67 2023/24 2567/68 2024/25 รวมทั้งโลก1,277,599 1,294,148 1,282,054 1,160,170 1,225,383 1,216,535 908 947 949 World Total สหรัฐอเมริกา 199,069 218,800 209,200 346,739 389,667 386,182 1,742 1,781 1,846 USA จีน 269,188 276,363 279,375 277,200 288,842 292,000"
/content/drive/MyDrive/PROJECT-RAG SMARTPLANPLANTING/Data/คู่มือเกษตร/สถิติการเกษตรของประเทศไทย ปี 2567.pdf,55,"ตารางที่ 1.9 ข้าวโพดเลี้ยงสัตว์: เนื้อที่ ผลผลิต ผลผลิตต่อไร่ ราคาที่เกษตรกรขายได้ และมูลค่าของผลผลิต ปี 2558-2567 Table 1.9 Maize: Area, production, yield, farm gate price and value of production, 2015-2024 ข้าวโพดเลี้ยงสัตว์: Maize รูปที่ 1.7 ข้าวโพดเลี้ยงสัตว์: เนื้อที่ ผลผลิต ผลผลิตต่อไร่ และราคาที่เกษตรกรขายได้ ปี 2558-2567 Figure 1.7 Maize: Area, production, yield and farm gate price, 2015-2024 ปี เนื้อที่เพาะปลูก (1,000 ไร่) Planted area (1,000 rais) เนื้อที่เก็บเกี่ยว (1,000ไร่) Havested area (1,000 rais) ผลผลิต (1,000 ตัน) Production (1,000 tons) ผลผลิตต่อไร่ (กก./ไร่) Yield (kg/rai) ราคา ที่เกษตรกรขายได้ (บาท/กก.) Farm gate price (Baht/kg) มูลค่าของผลผลิต (ล้านบาท) Value of production (Million Baht) Year 2558 6,587 6,275 4,029 642 7.73 31,144 2015 2559 6,490 6,445 4,390 681 6.86 30,115 2016 2560 6,579 6,553 4,821 736 6.25 30,131 2017 2561 6,930 6,895 5,069 735 7.96 40,349 2018 2562 7,025 6,522 4,535 695 7.60 34,466 2019 2563 7,083 7,003 4,990 713 7.69 38,375 2020 2564 6,825"
/content/drive/MyDrive/PROJECT-RAG SMARTPLANPLANTING/Data/คู่มือเกษตร/สถิติการเกษตรของประเทศไทย ปี 2567.pdf,56,"ตารางที่ 1.10 ข้าวโพดเลี้ยงสัตว์: เนื้อที่ ผลผลิต และผลผลิตต่อไร่ เป็นรายภาค และรายจังหวัด ปี 2565-2567 Table 1.10 Maize: Area, production and yield by region and province, 2022-2024 ภาค/จังหวัด เนื้อที่เพาะปลูก (ไร่) Planted area (rai) เนื้อที่เก็บเกี่ยว (ไร่) Harvested area (rai) ผลผลิต (ตัน) Production (ton) ผลผลิตต่อไร่ (กก./ไร่) Yield (kg/rai) Region/ Province2565 2022 2566P 2023 2567f 2024 2565 2022 2566P 2023 2567f 2024 2565 2022 2566P 2023 2567f 2024 2565 2022 2566P 2023 2567f 2024 รวมทั้งประเทศ6,397,086 6,279,932 6,184,984 6,285,818 6,197,855 6,112,335 4,700,555 4,614,006 4,558,192 748 744 746 Whole Kingdom เหนือ 4,320,362 4,208,767 4,139,377 4,275,410 4,160,308 4,085,188 3,190,756 3,077,434 3,018,535 746 740 739 Northern ตะวันออกเฉียงเหนือ1,185,676 1,164,437 1,143,453 1,139,253 1,142,052 1,133,258 854,610 859,024 860,355 750 752 759 Northeastern กลาง 891,048 906,728 902,154 871,155 895,495 893,889 655,189 677,548 679,302 752 757 760 Central เชียงราย 265,579 222,638 215,013"
/content/drive/MyDrive/PROJECT-RAG SMARTPLANPLANTING/Data/คู่มือเกษตร/สถิติการเกษตรของประเทศไทย ปี 2567.pdf,56,"209,289 179,087 174,482 639 641 639 Loei หนองบัวลำาภู 16,298 14,202 12,528 16,240 14,107 12,470 10,491 9,096 8,176 646 645 656 Nong Bua Lam Phu อุดรธานี 1,689 1,654 1,571 1,645 1,639 1,571 1,096 1,124 1,092 666 686 695 Udon Thani อำานาจเจริญ 128 10 12 128 10 12 78 6 8 609 600 667 Amnat Charoen อุบลราชธานี 77,662 80,200 75,046 77,296 80,200 74,885 63,089 66,445 63,421 816 828 847 Ubon Ratchathani ศรีสะเกษ 32,164 36,433 33,862 31,989 36,433 33,791 28,015 31,533 29,563 876 866 875 Si Sa Ket สุรินทร์ 354 339 323 354 339 303 168 238 248 475 702 818 Surin บุรีรัมย์ 2,435 2,754 2,515 2,435 2,729 2,496 1,852 2,126 1,954 761 779 783 Buri Ram กาฬสินธุ์ 677 270 594 677 270 594 334 175 408 493 648 687 Kalasin ขอนแก่น 6,260 6,213 6,834 6,100 6,209 6,834 4,269 4,483 4,964 700 722 726 Khon Kaen ชัยภูมิ 70,353 70,340 70,937 69,976 70,252 70,937 51,762 51,171 52,359 740 728 738 Chaiyaphum ข้าวโพดเลี้ยงสัตว์: Maize สถิติการเกษตรของประเทศไทย Agricultural Statistics of Thailand 28"
/content/drive/MyDrive/PROJECT-RAG SMARTPLANPLANTING/Data/คู่มือเกษตร/สถิติการเกษตรของประเทศไทย ปี 2567.pdf,57,"ตารางที่ 1.10 ข้าวโพดเลี้ยงสัตว์: เนื้อที่ ผลผลิต และผลผลิตต่อไร่ เป็นรายภาค และรายจังหวัด ปี 2565-2567 (ต่อ) Table 1.10 Maize: Area, production and yield by region and province, 2022-2024 (Continued) ภาค/จังหวัด เนื้อที่เพาะปลูก (ไร่) Planted area (rai) เนื้อที่เก็บเกี่ยว (ไร่) Harvested area (rai) ผลผลิต (ตัน) Production (ton) ผลผลิตต่อไร่ (กก./ไร่) Yield (kg/rai) Region/ Province2565 2022 2566P 2023 2567f 2024 2565 2022 2566P 2023 2567f 2024 2565 2022 2566P 2023 2567f 2024 2565 2022 2566P 2023 2567f 2024 นครราชสีมา 649,424 669,548 663,443 604,906 650,557 656,252 484,167 513,540 523,680 800 789 798 Nakhon Ratchasima สระบุรี 176,974 181,645 181,623 172,616 178,675 179,290 129,277 136,659 140,179 749 765 782 Saraburi ลพบุรี 386,950 403,156 401,151 381,324 401,207 400,633 290,388 307,536 304,658 762 767 760 Lop Buri ชัยนาท 16,240 16,831 14,986 16,089 16,718 14,795 11,359 11,869 10,880 706 710 735 Chai Nat สุพรรณบุรี 42,058 41,436 41,190 42,047 41,414 41,190 29,760 29,556 29,934 708 714"
/content/drive/MyDrive/PROJECT-RAG SMARTPLANPLANTING/Data/คู่มือเกษตร/สถิติการเกษตรของประเทศไทย ปี 2567.pdf,57,"710 735 Chai Nat สุพรรณบุรี 42,058 41,436 41,190 42,047 41,414 41,190 29,760 29,556 29,934 708 714 727 Suphanburi นครนายก 268 269 279 268 269 279 239 209 221 892 777 792 Nakhon Nayok ปราจีนบุรี 28,293 29,210 29,389 28,171 29,080 29,317 22,194 22,669 23,281 788 780 794 Prachin Buri ฉะเชิงเทรา3,601 3,762 4,421 3,556 3,718 4,421 2,458 2,540 3,073 691 683 695 Chachoengsao สระแก้ว 139,342 133,949 132,275 130,247 128,246 127,324 98,907 99,152 97,785 759 773 768 Sa Kaeo จันทบุรี 9,651 9,797 8,643 9,569 9,651 8,550 6,658 6,563 5,934 696 680 694 Chanthaburi กาญจนบุรี 81,786 80,591 82,122 81,447 80,464 82,015 60,495 57,305 59,789 743 712 729 Kanchanaburi ราชบุรี 1,036 918 835 1,014 918 835 597 540 501 589 588 600 Ratchaburi เพชรบุรี 4,283 4,752 4,934 4,241 4,723 4,934 2,481 2,687 2,867 585 569 581 Phetchaburi ประจวบคีรีขันธ์ 566 412 306 566 412 306 376 263 200 664 638 654 Prachuap Khiri Khan ข้าวโพดเลี้ยงสัตว์: Maize รูปที่ 1.8 ข้าวโพดเลี้ยงสัตว์: เนื้อที่เก็บเกี่ยว ผลผลิต และผลผลิตต่อไร่"
/content/drive/MyDrive/PROJECT-RAG SMARTPLANPLANTING/Data/คู่มือเกษตร/สถิติการเกษตรของประเทศไทย ปี 2567.pdf,57,"ข้าวโพดเลี้ยงสัตว์: Maize รูปที่ 1.8 ข้าวโพดเลี้ยงสัตว์: เนื้อที่เก็บเกี่ยว ผลผลิต และผลผลิตต่อไร่ เป็นรายภาค ปี 2567 Figure 1.8 Maize: Harvested area, production and yield by region, 2024 สถิติการเกษตรของประเทศไทย Agricultural Statistics of Thailand 29"
/content/drive/MyDrive/PROJECT-RAG SMARTPLANPLANTING/Data/คู่มือเกษตร/สถิติการเกษตรของประเทศไทย ปี 2567.pdf,58,"ตารางที่ 1.11 ข้าวโพดเลี้ยงสัตว์แยกรุ่น: เนื้อที่ ผลผลิต และผลผลิตต่อไร่ เป็นรายภาค และรายจังหวัด ปี 2565-2567 Table 1.11 Maize: Area, production and yield by region and province, 2022-2024 ภาค/จังหวัด เนื้อที่เพาะปลูก (ไร่) Planted area (rai) เนื้อที่เก็บเกี่ยว (ไร่) Harvested area (rai) ผลผลิต (ตัน) Production (ton) ผลผลิตต่อไร่ (กก./ไร่) Yield (kg/rai) Region/ Province2565 2022 2566P 2023 2567f 2024 2565 2022 2566P 2023 2567f 2024 2565 2022 2566P 2023 2567f 2024 2565 2022 2566P 2023 2567f 2024 รวมทั้งประเทศ6,397,086 6,279,932 6,184,984 6,285,818 6,197,855 6,112,335 4,700,555 4,614,006 4,558,192 748 744 746 Whole Kingdom รุ่น 1 5,734,473 5,685,120 5,598,720 5,625,730 5,604,123 5,526,816 4,161,329 4,130,001 4,076,965 740 737 738 Season 1 รุ่น 2 662,613 594,812 586,264 660,088 593,732 585,519 539,226 484,005 481,227 817 815 822 Season 2 เหนือ 4,320,362 4,208,767 4,139,377 4,275,410 4,160,308 4,085,188 3,190,756 3,077,434 3,018,535 746 740 739 Northern รุ่น 1 3,810,967 3,760,148"
/content/drive/MyDrive/PROJECT-RAG SMARTPLANPLANTING/Data/คู่มือเกษตร/สถิติการเกษตรของประเทศไทย ปี 2567.pdf,58,"693 699 710 Season 1 รุ่น 2 48,804 49,763 43,806 48,675 49,670 43,739 40,683 41,720 36,784 836 840 841 Season 2 กำาแพงเพชร112,173 121,633 124,297 112,105 120,866 123,316 91,462 97,604 99,961 816 808 811 Kamphaeng Phet รุ่น 1 64,143 76,420 76,710 64,075 75,692 75,729 51,513 59,872 59,750 804 791 789 Season 1 รุ่น 2 48,030 45,213 47,587 48,030 45,174 47,587 39,949 37,732 40,211 832 835 845 Season 2 สุโขทัย 91,008 88,703 89,238 90,492 88,179 88,689 63,273 61,800 61,722 699 701 696 Sukhothai รุ่น 1 74,757 74,334 72,498 74,256 73,810 71,973 51,199 51,167 49,302 689 693 685 Season 1 รุ่น 2 16,251 14,369 16,740 16,236 14,369 16,716 12,074 10,633 12,420 744 740 743 Season 2 ข้าวโพดเลี้ยงสัตว์: Maize สถิติการเกษตรของประเทศไทย Agricultural Statistics of Thailand 30"
/content/drive/MyDrive/PROJECT-RAG SMARTPLANPLANTING/Data/คู่มือเกษตร/สถิติการเกษตรของประเทศไทย ปี 2567.pdf,59,"ตารางที่ 1.11 ข้าวโพดเลี้ยงสัตว์แยกรุ่น: เนื้อที่ ผลผลิต และผลผลิตต่อไร่ เป็นรายภาค และรายจังหวัด ปี 2565-2567 (ต่อ) Table 1.11 Maize: Area, production and yield by region and province, 2022-2024 (Continued) ภาค/จังหวัด เนื้อที่เพาะปลูก (ไร่) Planted area (rai) เนื้อที่เก็บเกี่ยว (ไร่) Harvested area (rai) ผลผลิต (ตัน) Production (ton) ผลผลิตต่อไร่ (กก./ไร่) Yield (kg/rai) Region/ Province2565 2022 2566P 2023 2567f 2024 2565 2022 2566P 2023 2567f 2024 2565 2022 2566P 2023 2567f 2024 2565 2022 2566P 2023 2567f 2024 แพร่ 249,002 243,598 239,209 248,311 242,707 239,209 170,798 164,040 160,194 688 676 670 Phrae รุ่น 1 207,645 208,009 204,826 207,064 207,191 204,826 138,805 136,980 133,547 670 661 652 Season 1 รุ่น 2 41,357 35,589 34,383 41,247 35,516 34,383 31,993 27,060 26,647 776 762 775 Season 2 น่าน 504,728 453,195 445,673 502,581 450,552 431,239 345,453 304,994 287,905 687 677 668 Nan รุ่น 1 484,052 436,987 430,301 481,935 434,400 415,923 329,436 292,695 276,173 684 674 664 Season 1"
/content/drive/MyDrive/PROJECT-RAG SMARTPLANPLANTING/Data/คู่มือเกษตร/สถิติการเกษตรของประเทศไทย ปี 2567.pdf,59,"อำานาจเจริญ 128 10 12 128 10 12 78 6 8 609 600 667 Amnat Charoen รุ่น 2 128 10 12 128 10 12 78 6 8 609 600 667 Season 2 อุบลราชธานี 77,662 80,200 75,046 77,296 80,200 74,885 63,089 66,445 63,421 816 828 847 Ubon Ratchathani รุ่น 1 2895 6,811 5,194 2895 6,811 5,194 2244 5,403 4,114 775 793 792 Season 1 รุ่น 2 74,767 73,389 69,852 74,401 73,389 69,691 60,845 61,042 59,307 818 832 851 Season 2 ข้าวโพดเลี้ยงสัตว์: Maize สถิติการเกษตรของประเทศไทย Agricultural Statistics of Thailand 31"
/content/drive/MyDrive/PROJECT-RAG SMARTPLANPLANTING/Data/คู่มือเกษตร/สถิติการเกษตรของประเทศไทย ปี 2567.pdf,60,"ภาค/จังหวัด เนื้อที่เพาะปลูก (ไร่) Planted area (rai) เนื้อที่เก็บเกี่ยว (ไร่) Harvested area (rai) ผลผลิต (ตัน) Production (ton) ผลผลิตต่อไร่ (กก./ไร่) Yield (kg/rai) Region/ Province2565 2022 2566P 2023 2567f 2024 2565 2022 2566P 2023 2567f 2024 2565 2022 2566P 2023 2567f 2024 2565 2022 2566P 2023 2567f 2024 ศรีสะเกษ 32,164 36,433 33,862 31,989 36,433 33,791 28,015 31,533 29,563 876 866 875 Si Sa Ket รุ่น 1 4,935 5,029 5,730 4,922 5,029 5,730 3,899 4,126 4,813 792 820 840 Season 1 รุ่น 2 27,229 31,404 28,132 27,067 31,404 28,061 24,116 27,407 24,750 891 873 882 Season 2 สุรินทร์ 354 339 323 354 339 303 168 238 248 475 702 818 Surin รุ่น 2 354 339 323 354 339 303 168 238 248 475 702 818 Season 2 บุรีรัมย์ 2,435 2,754 2,515 2,435 2,729 2,496 1,852 2,126 1,954 761 779 783 Buri Ram รุ่น 1 1772 1,979 1,507 1772 1,954 1,488 1405 1,598 1,241 793 818 834 Season 1 รุ่น 2 663 775 1,008 663 775 1,008 447 528 713 674 681 707 Season 2 กาฬสินธุ์ 677 270 594 677 270 594 334 175 408 493 648 687"
/content/drive/MyDrive/PROJECT-RAG SMARTPLANPLANTING/Data/คู่มือเกษตร/สถิติการเกษตรของประเทศไทย ปี 2567.pdf,60,"41,190 42,047 41,414 41,190 29,760 29,556 29,934 708 714 727 Suphan Buri รุ่น 1 37,994 38,321 35,926 37,983 38,299 35,926 26,822 27,308 26,118 706 713 727 Season 1 รุ่น 2 4,064 3,115 5,264 4,064 3,115 5,264 2,938 2,248 3,816 723 722 725 Season 2 นครนายก 268 269 279 268 269 279 239 209 221 892 777 792 Nakhon nayok รุ่น 1 268 269 279 268 269 279 239 209 221 892 777 792 Season 1 ปราจีนบุรี 28,293 29,210 29,389 28,171 29,080 29,317 22,194 22,669 23,281 788 780 794 Prachin Buri รุ่น 1 27,521 28,351 28,652 27,414 28,221 28,580 21,498 21,888 22,607 784 776 791 Season 1 รุ่น 2 772 859 737 757 859 737 696 781 674 919 909 915 Season 2 ฉะเชิงเทรา 3,601 3,762 4,421 3,556 3,718 4,421 2,458 2,540 3,073 691 683 695 Chachoengsao รุ่น 1 3,601 3,762 4,421 3,556 3,718 4,421 2,458 2,540 3,073 691 683 695 Season 1 ตารางที่ 1.11 ข้าวโพดเลี้ยงสัตว์แยกรุ่น: เนื้อที่ ผลผลิต และผลผลิตต่อไร่ เป็นรายภาค และรายจังหวัด ปี 2565-2567 (ต่อ) Table 1.11 Maize: Area, production and yield by region and province,"
/content/drive/MyDrive/PROJECT-RAG SMARTPLANPLANTING/Data/คู่มือเกษตร/สถิติการเกษตรของประเทศไทย ปี 2567.pdf,60,"ปี 2565-2567 (ต่อ) Table 1.11 Maize: Area, production and yield by region and province, 2022-2024 (Continued) ข้าวโพดเลี้ยงสัตว์: Maize สถิติการเกษตรของประเทศไทย Agricultural Statistics of Thailand 32"
/content/drive/MyDrive/PROJECT-RAG SMARTPLANPLANTING/Data/คู่มือเกษตร/สถิติการเกษตรของประเทศไทย ปี 2567.pdf,61,"ภาค/จังหวัด เนื้อที่เพาะปลูก (ไร่) Planted area (rai) เนื้อที่เก็บเกี่ยว (ไร่) Harvested area (rai) ผลผลิต (ตัน) Production (ton) ผลผลิตต่อไร่ (กก./ไร่) Yield (kg/rai) Region/ Province2565 2022 2566P 2023 2567f 2024 2565 2022 2566P 2023 2567f 2024 2565 2022 2566P 2023 2567f 2024 2565 2022 2566P 2023 2567f 2024 สระแก้ว 139,342 133,949 132,275 130,247 128,246 127,324 98,907 99,152 97,785 759 773 768 SaKaeo รุ่น 1 139,342 133,949 132,275 130,247 128,246 127,324 98,907 99,152 97,785 759 773 768 Season 1 จันทบุรี 9,651 9,797 8,643 9,569 9,651 8,550 6,658 6,563 5,934 696 680 694 Chanthaburi รุ่น 1 9,651 9,797 8,643 9,569 9,651 8,550 6,658 6,563 5,934 696 680 694 Season 1 กาญจนบุรี 81,786 80,591 82,122 81,447 80,464 82,015 60,495 57,305 59,789 743 712 729 Kanchanaburi รุ่น 1 81,786 80,591 82,122 81,447 80,464 82,015 60,495 57,305 59,789 743 712 729 Season 1 ราชบุรี 1,036 918 835 1,014 918 835 597 540 501 589 588 600 Ratchaburi รุ่น 1 1,036 918 835 1,014 918 835 597 540 501 589 588 600 Season"
/content/drive/MyDrive/PROJECT-RAG SMARTPLANPLANTING/Data/คู่มือเกษตร/สถิติการเกษตรของประเทศไทย ปี 2567.pdf,61,"540 501 589 588 600 Ratchaburi รุ่น 1 1,036 918 835 1,014 918 835 597 540 501 589 588 600 Season 1 เพชรบุรี 4,283 4,752 4,934 4,241 4,723 4,934 2,481 2,687 2,867 585 569 581 Phetchaburi รุ่น 1 4,283 4,752 4,934 4,241 4,723 4,934 2,481 2,687 2,867 585 569 581 Season 1 ประจวบคีรีขันธ์ 566 412 306 566 412 306 376 263 200 664 638 654 Prachuap Khiri Khan รุ่น 1 566 412 306 566 412 306 376 263 200 664 638 654 Season 1 ตารางที่ 1.11 ข้าวโพดเลี้ยงสัตว์แยกรุ่น: เนื้อที่ ผลผลิต และผลผลิตต่อไร่ เป็นรายภาค และรายจังหวัด ปี 2565-2567 (ต่อ) Table 1.11 Maize: Area, production and yield by region and province, 2022-2024 (Continued) ข้าวโพดเลี้ยงสัตว์: Maize สถิติการเกษตรของประเทศไทย Agricultural Statistics of Thailand 33"
/content/drive/MyDrive/PROJECT-RAG SMARTPLANPLANTING/Data/คู่มือเกษตร/สถิติการเกษตรของประเทศไทย ปี 2567.pdf,62,"มันสำาปะหลังโรงงาน: Cassava ตารางที่ 1.12 มันสำาปะหลังโรงงาน: เนื้อที่เก็บเกี่ยว ผลผลิต และผลผลิตต่อไร่ ของประเทศผู้ผลิตที่สำาคัญ 10 อันดับแรก ปี 2564-2566 Table 1.12 Cassava: Harvested area, production and yield of top 10 major countries, 2021-2023 รูปที่ 1.9 มันสำาปะหลังโรงงาน: เนื้อที่เก็บเกี่ยว ผลผลิต และผลผลิตต่อไร่ ของประเทศผู้ผลิตที่ สำาคัญ 10 อันดับแรก ปี 2566 Figure 1.9 Cassava: Harvested area, production and yield of top 10 major countries, 2023 ประเทศ เนื้อที่เก็บเกี่ยว (1,000 ไร่) Harvested area (1,000 rais) ผลผลิต (1,000 ตัน) Production (1,000 tons) ผลผลิตต่อไร่ (กก./ไร่) Yield (kg/rai) Countries 2564 2021 2565 2022 2566 2023 2564 2021 2565 2022 2566 2023 2564 2021 2565 2022 2566 2023 รวมทั้งโลก 196,570 200,958 201,361 321,651 326,969 333,681 1,636 1,627 1,657 World Total ไนจีเรีย 62,371 63,404 61,742 58,238 61,015 62,690 934 962 1,015 Nigeria คองโก 32,624 33,613 34,632 42,527 43,830 45,174 1,304 1,304 1,304 Congo ไทย1/ 10,406 9,921 9,268 35,094 34,068 30,617 3,372 3,434"
/content/drive/MyDrive/PROJECT-RAG SMARTPLANPLANTING/Data/คู่มือเกษตร/สถิติการเกษตรของประเทศไทย ปี 2567.pdf,63,"มันสำาปะหลังโรงงาน: Cassava ตารางที่ 1.13 มันสำาปะหลังโรงงาน: เนื้อที่ ผลผลิต ผลผลิตต่อไร่ ราคาที่เกษตรกรขายได้ และมูลค่าของผลผลิต ปี 2559-2568 Table 1.13 Cassava: Area, production, yield, farm gate price and value of production, 2016-2025 หมายเหตุ: 1/ราคา ปี 2568 คือ ราคาเฉลี่ยเดือน ม.ค.-ก.พ. Remark: 1/Price in 2025 is the average price between Jan and Feb รูปที่ 1.10 มันสำาปะหลังโรงงาน: เนื้อที่ ผลผลิต ผลผลิตต่อไร่ และราคาที่เกษตรกรขายได้ ปี 2559-2568 Figure 1.10 Cassava: Area, production, yield and farm gate price, 2016-2025 ปี เนื้อที่เพาะปลูก (1,000 ไร่) Planted area (1,000 rais) เนื้อที่เก็บเกี่ยว (1,000ไร่) Havested area (1,000 rais) ผลผลิต (1,000 ตัน) Production (1,000 tons) ผลผลิตต่อไร่ (กก./ไร่) Yield (kg/rai) ราคา ที่เกษตรกรขายได้ (บาท/กก.) Farm gate price (Baht/kg) มูลค่าของผลผลิต (ล้านบาท) Value of production (Million Baht) Year 2559 9,315 9,065 31,161 3,437 1.81 56,444 2016 2560 8,918 8,714 30,495 3,499 1.43 43,649 2017 2561 8,624 8,327 29,368 3,527 2.11 61,969 2018 2562"
/content/drive/MyDrive/PROJECT-RAG SMARTPLANPLANTING/Data/คู่มือเกษตร/สถิติการเกษตรของประเทศไทย ปี 2567.pdf,64,"ตารางที่ 1.14 มันสำาปะหลังโรงงาน: เนื้อที่ ผลผลิต และผลผลิตต่อไร่ เป็นรายภาค และรายจังหวัด ปี 2566-2568 Table 1.14 Cassava: Area, production and yield by region and province, 2023-2025 ภาค/จังหวัด เนื้อที่เพาะปลูก (ไร่) Planted area (rai) เนื้อที่เก็บเกี่ยว (ไร่) Harvested area (rai) ผลผลิต (ตัน) Production (ton) ผลผลิตต่อไร่ (กก./ไร่) Yield (kg/rai) Region/ Province2566 2023 2567P 2024 2568f 2025 2566 2023 2567P 2024 2568f 2025 2566 2023 2567P 2024 2568f 2025 2566 2023 2567P 2024 2568f 2025 รวมทั้งประเทศ10,511,171 9,321,839 9,319,880 9,267,954 8,873,538 8,664,560 30,616,586 28,624,312 27,063,751 3,303 3,226 3,123 Whole Kingdom เหนือ 2,757,586 2,421,546 2,401,663 2,428,969 2,267,029 2,226,330 7,707,851 6,969,778 6,830,249 3,173 3,074 3,068 Northern ตะวันออกเฉียงเหนือ5,676,841 5,015,713 5,030,269 4,946,627 4,819,753 4,688,584 16,644,474 16,216,132 14,959,724 3,365 3,365 3,191 Northeastern กลาง 2,076,744 1,884,580 1,887,948 1,892,358 1,786,756 1,749,646 6,264,261 5,438,402 5,273,778"
/content/drive/MyDrive/PROJECT-RAG SMARTPLANPLANTING/Data/คู่มือเกษตร/สถิติการเกษตรของประเทศไทย ปี 2567.pdf,65,"ตารางที่ 1.14 มันสำาปะหลังโรงงาน: เนื้อที่ ผลผลิต และผลผลิตต่อไร่ เป็นรายภาค และรายจังหวัด ปี 2566-2568 (ต่อ) Table 1.14 Cassava: Area, production and yield by region and province, 2023-2025 (Continued) ภาค/จังหวัด เนื้อที่เพาะปลูก (ไร่) Planted area (rai) เนื้อที่เก็บเกี่ยว (ไร่) Harvested area (rai) ผลผลิต (ตัน) Production (ton) ผลผลิตต่อไร่ (กก./ไร่) Yield (kg/rai) Region/ Province2566 2023 2567P 2024 2568f 2025 2566 2023 2567P 2024 2568f 2025 2566 2023 2567P 2024 2568f 2025 2566 2023 2567P 2024 2568f 2025 สุรินทร์ 169,003 135,004 134,252 134,545 132,855 129,978 476,901 481,008 459,732 3,545 3,621 3,537 Surin บุรีรัมย์ 319,411 260,212 259,607 254,018 253,156 249,030 942,860 964,436 924,399 3,712 3,810 3,712 Buri Ram มหาสารคาม 163,261 148,095 144,379 151,620 140,654 135,850 492,875 440,965 393,014 3,251 3,135 2,893 Maha Sarakham ร้อยเอ็ด 67,516 55,496 54,219 66,536 54,503 53,428 226,362 176,279 158,040 3,402 3,234 2,958 Roi Et กาฬสินธุ์ 306,598 286,887 277,750 304,126 281,900 265,750"
/content/drive/MyDrive/PROJECT-RAG SMARTPLANPLANTING/Data/คู่มือเกษตร/สถิติการเกษตรของประเทศไทย ปี 2567.pdf,66,"รูปที่ 1.11 มันสำาปะหลังโรงงาน: เนื้อที่เก็บเกี่ยว ผลผลิต และผลผลิตต่อไร่ เป็นรายภาค ปี 2568 Figure 1.11 Cassava: Harvested area production and yield by region, 2025 มันสำาปะหลังโรงงาน: Cassava สถิติการเกษตรของประเทศไทย Agricultural Statistics of Thailand 38"
/content/drive/MyDrive/PROJECT-RAG SMARTPLANPLANTING/Data/คู่มือเกษตร/สถิติการเกษตรของประเทศไทย ปี 2567.pdf,67,"ตารางที่ 1.15 อ้อยโรงงาน: เนื้อที่เก็บเกี่ยว ผลผลิต และผลผลิตต่อไร่ ของประเทศผู้ผลิตที่สำาคัญ 10 อันดับแรก ปี 2564-2566 Table 1.15 Sugarcane: Harvested area, production and yield of top 10 major countries, 2021-2023 รูปที่ 1.12 อ้อยโรงงาน: เนื้อที่เก็บเกี่ยว ผลผลิต และผลผลิตต่อไร่ ของประเทศผู้ผลิตที่สำาคัญ 10 อันดับแรก ปี 2566 Figure 1.12 Sugarcane: Harvested area, production and yield of top 10 major countries, 2023 ประเทศ เนื้อที่เก็บเกี่ยว (1,000 ไร่) Harvested area (1,000 rais) ผลผลิต (1,000 ตัน) Production (1,000 tons) ผลผลิตต่อไร่ (กก./ไร่) Yield (kg/rai) Countries 2564 2021 2565 2022 2566 2023 2564 2021 2565 2022 2566 2023 2564 2021 2565 2022 2566 2023 รวมทั้งโลก 162,198 164,214 168,151 1,863,645 1,925,388 2,025,760 11,490 11,725 12,047 World Total บราซิล 62,321 61,791 62,910 715,679 726,053 782,586 11,484 11,750 12,440 Brazil อินเดีย 30,320 32,346 36,783 405,399 439,425 490,533 13,371 13,585 13,336 India จีน 8,279 8,107 8,176 107,259 103,897 104,989 12,956 12,816 12,841 China"
/content/drive/MyDrive/PROJECT-RAG SMARTPLANPLANTING/Data/คู่มือเกษตร/สถิติการเกษตรของประเทศไทย ปี 2567.pdf,67,"13,371 13,585 13,336 India จีน 8,279 8,107 8,176 107,259 103,897 104,989 12,956 12,816 12,841 China ไทย 1/ 9,283 9,532 9,464 66,946 92,049 93,945 7,212 9,657 9,927 Thailand 1/ ปากีสถาน 7,877 8,243 7,377 88,651 87,981 87,638 11,255 10,674 11,880 Pakistan เม็กซิโก 5,058 4,970 5,099 55,248 55,556 55,977 10,922 11,178 10,978 Mexico โคลัมเบีย 2,806 3,063 3,155 32,200 36,000 34,700 11,474 11,755 10,999 Colombia อินโดนีเซีย 2,265 2,100 2,065 31,133 28,669 32,589 13,749 13,652 15,779 Indonesia สหรัฐอเมริกา 2,252 2,402 2,350 34,583 35,761 32,416 15,358 14,889 13,797 USA ออสเตรเลีย 2,365 2,353 2,356 29,790 31,453 29,897 12,594 13,369 12,689 Australia อื่น ๆ 29,372 29,308 28,417 296,757 288,544 280,490 10,103 9,845 9,871 Others ที่มา: องค์การอาหารและการเกษตรแห่งสหประชาชาติ หมายเหตุ: 1/ ข้อมูลประเทศไทยจากสำานักงานคณะกรรมการอ้อยและน้ำาตาลทราย อันดับเรียงตามผลผลิต ข้ อ มู ล ณ 8 ม . ค . 2 5 6 8 Source: Food and Agriculture Organization of the United Nations Remark: 1/ Thailand information from"
/content/drive/MyDrive/PROJECT-RAG SMARTPLANPLANTING/Data/คู่มือเกษตร/สถิติการเกษตรของประเทศไทย ปี 2567.pdf,67,Food and Agriculture Organization of the United Nations Remark: 1/ Thailand information from Office of the Cane and Sugar Board. Sorted by production Data as of 8 Jan 2025 อ้อยโรงงาน: Sugarcane สถิติการเกษตรของประเทศไทย Agricultural Statistics of Thailand 39
/content/drive/MyDrive/PROJECT-RAG SMARTPLANPLANTING/Data/คู่มือเกษตร/สถิติการเกษตรของประเทศไทย ปี 2567.pdf,68,"ตารางที่ 1.16 อ้อยโรงงาน: เนื้อที่เก็บเกี่ยว ผลผลิต ผลผลิตต่อไร่ ราคาที่เกษตรกรขายได้ และมูลค่าของผลผลิต ปี 2559-2568 Table 1.16 Sugarcane: Harvested area, production, yield, farm gate price and value of production, 2016-2025 ปี เนื้อที่เก็บเกี่ยว (1,000 ไร่) Harvested area (1,000 rais) ผลผลิต (1,000 ตัน) Production (1,000 tons) ผลผลิตต่อไร่ (กก./ไร่) Yield (kg/rai) ราคา ที่เกษตรกรขายได้ (บาท/ตัน) Farm gate price (Baht/ton) มูลค่าของผลผลิต (ล้านบาท) Value of production (Million Baht) Year 2559 10,278 94,064 9,152 745 70,117 2016 2560 9,865 92,989 9,426 949 88,203 2017 2561 11,189 131,717 11,772 762 100,382 2018 2562 11,957 128,530 10,749 594 76,290 2019 2563 10,713 75,970 7,091 673 51,103 2020 2564 9,283 66,946 7,212 873 58,444 2021 2565 9,532 92,049 9,657 1,034 95,137 2022 2566 9,464 93,945 9,927 1,115 104,731 2023 2567 9,220 82,170 8,912 1,405 115,449 2024 2568 9,632f 87,843f 8,910 f 1,109 1/ 97,418 2025 ที่มา: สำานักงานคณะกรรมการอ้อยและน้ำาตาลทราย หมายเหตุ: 1/ ราคาปี 2568 คือ"
/content/drive/MyDrive/PROJECT-RAG SMARTPLANPLANTING/Data/คู่มือเกษตร/สถิติการเกษตรของประเทศไทย ปี 2567.pdf,68,"f 1,109 1/ 97,418 2025 ที่มา: สำานักงานคณะกรรมการอ้อยและน้ำาตาลทราย หมายเหตุ: 1/ ราคาปี 2568 คือ ราคาเฉลี่ยเดือน ม.ค.-ก.พ. Source: Office of the Cane and Sugar Board Remark: 1/ Price in 2025 is the average price between Jan and Feb รูปที่ 1.13 อ้อยโรงงาน: เนื้อที่เก็บเกี่ยว ผลผลิต ผลผลิตต่อไร่ และราคาที่เกษตรกรขายได้ ปี 2559-2568 Figure 1.13 Sugarcane: Harvested area, production yield and farm gate price, 2016-2025 อ้อยโรงงาน: Sugarcane สถิติการเกษตรของประเทศไทย Agricultural Statistics of Thailand 40"
/content/drive/MyDrive/PROJECT-RAG SMARTPLANPLANTING/Data/คู่มือเกษตร/สถิติการเกษตรของประเทศไทย ปี 2567.pdf,69,"ตารางที่ 1.17 อ้อยโรงงาน: เนื้อที่เก็บเกี่ยว ผลผลิต และผลผลิตต่อไร่ เป็นรายภาค และรายจังหวัด ปี 2566-2568 Table 1.17 Sugarcane: Harvested area, production and yield by region and province, 2023-2025 ภาค/จังหวัด เนื้อที่เก็บเกี่ยว (ไร่) Harvested area (rai) ผลผลิต (ตัน) Production (ton) ผลผลิตต่อไร่ (กก./ไร่) Yield (kg/rai) Region/ Province2566 2023 2567 2024 2568f 2025 2566 2023 2567 2024 2568f 2025 2566 2023 2567 2024 2568f 2025 รวมทั้งประเทศ9,463,555 9,219,862 9,632,185 93,944,698 82,169,922 87,843,447 9,927 8,912 9,120 Whole Kingdom เหนือ 2,613,364 2,256,270 2,504,674 24,447,298 19,085,596 22,018,051 9,355 8,459 8,791 Northern ตะวันออกเฉียงเหนือ4,207,065 4,650,184 4,360,504 44,568,875 42,907,333 41,886,231 10,594 9,227 9,606 Northeastern กลาง 2,643,126 2,313,408 2,767,007 24,928,525 20,176,993 23,939,165 9,431 8,722 8,652 Central ตาก 8,033 8,590 9,395 69,245 68,723 84,552 8,620 8,000 9,000 Tak กำาแพงเพชร 666,904 589,091 638,600 6,102,168 4,948,365 5,460,030 9,150 8,400 8,550"
/content/drive/MyDrive/PROJECT-RAG SMARTPLANPLANTING/Data/คู่มือเกษตร/สถิติการเกษตรของประเทศไทย ปี 2567.pdf,69,"100,646 9,700 8,900 9,510 Si Sa Ket สุรินทร์ 110,049 127,446 122,992 1,111,499 1,210,736 1,181,951 10,100 9,500 9,610 Surin บุรีรัมย์ 157,059 245,574 229,793 1,704,089 2,332,949 2,254,268 10,850 9,500 9,810 Buri Ram มหาสารคาม 112,509 119,080 111,581 1,068,833 1,035,996 1,051,092 9,500 8,700 9,420 Maha Sarakham ร้อยเอ็ด 145,193 150,811 143,262 1,546,306 1,401,035 1,360,990 10,650 9,290 9,500 Roi Et กาฬสินธุ์ 382,279 397,460 377,117 4,090,388 3,577,139 3,639,176 10,700 9,000 9,650 Kalasin ขอนแก่น 554,221 597,740 549,567 5,957,877 5,469,317 5,303,325 10,750 9,150 9,650 Khon Kaen ชัยภูมิ 480,008 545,197 514,085 5,136,084 5,179,374 4,960,921 10,700 9,500 9,650 Chaiyaphum อ้อยโรงงาน: Sugarcane สถิติการเกษตรของประเทศไทย Agricultural Statistics of Thailand 41"
/content/drive/MyDrive/PROJECT-RAG SMARTPLANPLANTING/Data/คู่มือเกษตร/สถิติการเกษตรของประเทศไทย ปี 2567.pdf,70,"ตารางที่ 1.17 อ้อยโรงงาน: เนื้อที่เก็บเกี่ยว ผลผลิต และผลผลิตต่อไร่ เป็นรายภาค และรายจังหวัด ปี 2566-2568 Table 1.17 Sugarcane: Harvested area, production and yield by region and province, 2023-2025 ภาค/จังหวัด เนื้อที่เก็บเกี่ยว (ไร่) Harvested area (rai) ผลผลิต (ตัน) Production (ton) ผลผลิตต่อไร่ (กก./ไร่) Yield (kg/rai) Region/ Province2566 2023 2567 2024 2568f 2025 2566 2023 2567 2024 2568f 2025 2566 2023 2567 2024 2568f 2025 นครราชสีมา 522,937 608,435 571,204 5,281,659 5,536,757 5,512,115 10,100 9,100 9,650 Nakhon Ratchasima สระบุรี 116,793 97,265 118,196 1,010,262 792,713 1,054,313 8,650 8,150 8,920 Saraburi ลพบุรี 530,235 453,619 548,571 4,984,207 3,923,800 4,772,567 9,400 8,650 8,700 Lop Buri สิงห์บุรี 17,995 14,254 18,122 194,886 128,715 159,473 10,830 9,030 8,800 Sing Buri ชัยนาท 123,795 103,112 125,134 1,119,109 890,890 1,077,401 9,040 8,640 8,610 Chai Nat สุพรรณบุรี 482,777 415,908 493,470 4,533,272 3,618,401 4,416,559 9,390 8,700 8,950 Suphanburi อ่างทอง 18,794 14,508"
/content/drive/MyDrive/PROJECT-RAG SMARTPLANPLANTING/Data/คู่มือเกษตร/สถิติการเกษตรของประเทศไทย ปี 2567.pdf,70,"Ratchaburi เพชรบุรี 32,602 27,661 32,974 279,403 223,779 267,415 8,570 8,090 8,110 Phetchaburi ประจวบคีรีขันธ์ 38,534 31,795 38,907 331,003 257,855 313,201 8,590 8,110 8,050 Prachuap Khiri Khan ที่มา: สำานักงานคณะกรรมการอ้อยและน้ำาตาลทราย Source: Office of the Cane and Sugar Board อ้อยโรงงาน: Sugarcane สถิติการเกษตรของประเทศไทย Agricultural Statistics of Thailand 42"
/content/drive/MyDrive/PROJECT-RAG SMARTPLANPLANTING/Data/คู่มือเกษตร/สถิติการเกษตรของประเทศไทย ปี 2567.pdf,71,"รูปที่ 1.14 อ้อยโรงงาน: เนื้อที่เก็บเกี่ยว ผลผลิต และผลผลิตต่อไร่ เป็นรายภาค ปี 2568 Figure 1.14 Sugarcane: Harvested area, production and yield by region, 2025 อ้อยโรงงาน: Sugarcane สถิติการเกษตรของประเทศไทย Agricultural Statistics of Thailand 43"
/content/drive/MyDrive/PROJECT-RAG SMARTPLANPLANTING/Data/คู่มือเกษตร/สถิติการเกษตรของประเทศไทย ปี 2567.pdf,74,"สถิติการเกษตรของประเทศไทย Agricultural Statistics of Thailand 46 ปาล์มน้ำามัน: Oil palm ประเทศ เนื้อที่ให้ผล (1,000 ไร่) Harvested area (1,000 rais) ผลผลิต (1,000 ตัน) Production (1,000 tons) ผลผลิตต่อไร่ (กก./ไร่) Yield (kg/rai) Countries2564 2021 2565 2022 2566 2023 2564 2021 2565 2022 2566 2023 2564 2021 2565 2022 2566 2023 รวมทั้งโลก174,600 177,749 180,958 414,427 407,152 409,158 2,374 2,291 2,261 World Total อินโดนีเซีย85,438 87,125 88,563 252,000 238,000 240,000 2,950 2,732 2,710 Indonesia มาเลเซีย32,151 32,046 32,064 91,394 94,814 94,953 2,843 2,959 2,961 Malaysia ไทย 1/ 6,034 6,135 6,210 16,905 18,588 18,274 2,802 3,030 2,942 Thailand 1/ ไนจีเรีย25,544 27,021 28,251 10,500 11,100 11,598 411 411 411 Nigeria โคลัมเบีย 3,017 3,044 3,141 7,886 8,026 8,321 2,614 2,636 2,649 Colombia ปาปัวนิวกินี 1,504 1,605 1,661 3,090 3,271 3,359 2,054 2,038 2,022 Papua New Guinea กัวเตมาลา1,313 1,344 1,375 3,193 3,300 3,291 2,432 2,456 2,394 Guatemala บราซิล 1,232 1,254 1,258 2,888 2,952 2,898"
/content/drive/MyDrive/PROJECT-RAG SMARTPLANPLANTING/Data/คู่มือเกษตร/สถิติการเกษตรของประเทศไทย ปี 2567.pdf,74,"1,375 3,193 3,300 3,291 2,432 2,456 2,394 Guatemala บราซิล 1,232 1,254 1,258 2,888 2,952 2,898 2,343 2,354 2,305 Brazil แคเมอรูน 1,658 1,354 1,376 2,875 2,833 2,879 1,734 2,092 2,092 Cameroon โกตดิวัวร์ 2,500 2,500 2,566 2,763 2,800 2,753 1,105 1,120 1,073 Côte d'Ivoire อื่น ๆ 14,210 14,323 14,494 20,935 21,468 20,832 1,473 1,499 1,437 Others ตารางที่ 2.1 ปาล์มน้ำามัน: เนื้อที่ให้ผล ผลผลิต และผลผลิตต่อไร่ ของประเทศผู้ผลิตที่สำาคัญ 10 อันดับแรก ปี 2564-2566 Table 2.1 Oil palm: Harvested area, production and yield of top 10 major countries, 2021-2023 ที่มา: องค์การอาหารและการเกษตรแห่งสหประชาชาติ หมายเหตุ: 1/ ข้อมูลประเทศไทยปรับปรุงโดย สำานักงานเศรษฐกิจการเกษตร อันดับเรียงตามผลผลิต ข้อมูล ณ 8 ม.ค. 2568 Source: Food and Agriculture Organization of the United Nations Remark: 1/ Thailand information was updated by Office of Agricultural Economics. Sorted by production Data as of 8 Jan 2025 รูปที่ 2.1 ปาล์มน้ำามัน: เนื้อที่ให้ผล ผลผลิต และผลผลิตต่อไร่ ของประเทศผู้ผลิตที่สำาคัญ 10 อันดับแรก"
/content/drive/MyDrive/PROJECT-RAG SMARTPLANPLANTING/Data/คู่มือเกษตร/สถิติการเกษตรของประเทศไทย ปี 2567.pdf,74,"2.1 ปาล์มน้ำามัน: เนื้อที่ให้ผล ผลผลิต และผลผลิตต่อไร่ ของประเทศผู้ผลิตที่สำาคัญ 10 อันดับแรก ปี 2566 Figure 2.1 Oil palm: Harvested area, production and yield of top 10 major countries, 2023"
/content/drive/MyDrive/PROJECT-RAG SMARTPLANPLANTING/Data/คู่มือเกษตร/สถิติการเกษตรของประเทศไทย ปี 2567.pdf,75,"สถิติการเกษตรของประเทศไทย Agricultural Statistics of Thailand 47 ปาล์มน้ำามัน: Oil palm ปี เนื้อที่ยืนต้น (1,000 ไร่) Planted area (1,000 rais) เนื้อที่ให้ผล (1,000 ไร่) Harvested area (1,000 rais) ผลผลิต (1,000 ตัน) Production (1,000 tons) ผลผลิตต่อไร่ (กก./ไร่) Yield (kg/rai) ราคา ที่เกษตรกรขายได้ (บาท/กก.) Farm gate price (Baht/kg) มูลค่าของผลผลิต (ล้านบาท) Value of production (Million Baht) Year 2558 5,089 4,318 12,397 2,871 4.04 50,083 2015 2559 5,418 4,521 11,663 2,580 5.41 63,095 2016 2560 5,802 4,987 14,454 2,899 4.10 59,263 2017 2561 6,009 5,344 15,491 2,899 3.11 48,178 2018 2562 6,116 5,674 16,423 2,895 2.60 42,699 2019 2563 6,222 5,871 16,222 2,763 4.27 69,268 2020 2564 6,297 6,034 16,905 2,802 6.50 109,881 2021 2565 6,420 6,135 18,588 3,030 7.89 146,660 2022 2566 6,554 6,210 18,274 2,942 5.29 96,667 2023 2567 6,647f 6,343f 18,607f 2,933f 5.67 105,500 2024 ตารางที่ 2.2 ปาล์มน้ำามัน: เนื้อที่ ผลผลิต ผลผลิตต่อไร่ ราคาที่เกษตรกรขายได้ และมูลค่าของผลผลิต ปี 2558-2567 Table 2.2"
/content/drive/MyDrive/PROJECT-RAG SMARTPLANPLANTING/Data/คู่มือเกษตร/สถิติการเกษตรของประเทศไทย ปี 2567.pdf,75,"เนื้อที่ ผลผลิต ผลผลิตต่อไร่ ราคาที่เกษตรกรขายได้ และมูลค่าของผลผลิต ปี 2558-2567 Table 2.2 Oil palm: Area, production, yield, farm gate price and value of production, 2015-2024 รูปที่ 2.2 ปาล์มน้ำามัน: เนื้อที่ ผลผลิต ผลผลิตต่อไร่ และราคาที่เกษตรกรขายได้ ปี 2558-2567 Figure 2.2 Oil palm: Area, production, yield, and farm gate price, 2015-2024"
/content/drive/MyDrive/PROJECT-RAG SMARTPLANPLANTING/Data/คู่มือเกษตร/สถิติการเกษตรของประเทศไทย ปี 2567.pdf,76,"สถิติการเกษตรของประเทศไทย Agricultural Statistics of Thailand 48 ปาล์มน้ำามัน: Oil palm ภาค/จังหวัด เนื้อที่ยืนต้น (ไร่) Planted area (rai) เนื้อที่ให้ผล (ไร่) Harvested area (rai) ผลผลิต (ตัน) Production (ton) ผลผลิตต่อไร่ (กก./ไร่) Yield (kg/rai) Region/ Province2565 2022 2566 2023 2567f 2024 2565 2022 2566 2023 2567f 2024 2565 2022 2566 2023 2567f 2024 2565 2022 2566 2023 2567f 2024 รวมทั้งประเทศ6,419,764 6,553,666 6,647,307 6,134,756 6,210,480 6,343,383 18,588,120 18,273,62918,606,769 3,030 2,942 2,933 Whole Kingdom เหนือ 90,203 91,489 89,657 85,610 85,513 86,087 112,534 106,783 106,885 1,314 1,249 1,242 Northern ตะวันออกเฉียงเหนือ252,097 257,696 257,248 243,295 245,002 247,714 378,302 376,237 377,830 1,555 1,536 1,525 Northeastern กลาง 558,115 560,262 562,166 537,757 544,313 548,412 1,332,618 1,297,665 1,298,560 2,478 2,384 2,368 Central ใต้ 5,519,349 5,644,219 5,738,236 5,268,094 5,335,652 5,461,170 16,764,666 16,492,94416,823,494 3,182 3,091 3,081 Southern เชียงราย 11,453 11,333"
/content/drive/MyDrive/PROJECT-RAG SMARTPLANPLANTING/Data/คู่มือเกษตร/สถิติการเกษตรของประเทศไทย ปี 2567.pdf,76,"1,690 1,684 1,677 Nong Khai บึงกาฬ 35,979 37,224 37,139 33,956 34,745 35,609 65,690 67,047 68,440 1,935 1,930 1,922 Beung Kan สกลนคร 30,170 31,162 31,144 29,140 29,849 30,071 33,738 34,397 34,401 1,158 1,152 1,144 Sakon Nakhon นครพนม 9,918 10,351 10,358 9,206 9,532 9,883 10,619 11,089 11,405 1,153 1,163 1,154 Nakhon Phanom มุกดาหาร 4,582 4,611 4,592 4,493 4,485 4,515 6,994 7,249 7,201 1,557 1,616 1,595 Mukdahan ยโสธร 4,106 4,119 4,109 4,095 4,095 4,096 4,985 4,984 4,936 1,217 1,217 1,205 Yasothon อำานาจเจริญ 7,864 7,921 8,018 7,686 7,685 7,863 9,821 10,078 10,175 1,278 1,311 1,294 Amnat Charoen อุบลราชธานี 22,587 24,221 24,276 22,345 22,338 22,535 38,686 38,936 39,098 1,731 1,743 1,735 Ubon Ratchathani ตารางที่ 2.3 ปาล์มน้ำามัน: เนื้อที่ ผลผลิต และผลผลิตต่อไร่ เป็นรายภาค และรายจังหวัด ปี 2565-2567 Table 2.3 Oil palm: Area, production and yield by region and province, 2022-2024"
/content/drive/MyDrive/PROJECT-RAG SMARTPLANPLANTING/Data/คู่มือเกษตร/สถิติการเกษตรของประเทศไทย ปี 2567.pdf,77,"สถิติการเกษตรของประเทศไทย Agricultural Statistics of Thailand 49 ปาล์มน้ำามัน: Oil palm ภาค/จังหวัด เนื้อที่ยืนต้น (ไร่) Planted area (rai) เนื้อที่ให้ผล (ไร่) Harvested area (rai) ผลผลิต (ตัน) Production (ton) ผลผลิตต่อไร่ (กก./ไร่) Yield (kg/rai) Region/ Province2565 2022 2566 2023 2567f 2024 2565 2022 2566 2023 2567f 2024 2565 2022 2566 2023 2567f 2024 2565 2022 2566 2023 2567f 2024 ศรีสะเกษ 7,963 7,963 8,108 7,719 7,495 7,639 10,741 10,829 10,886 1,392 1,445 1,425 Si Sa Ket สุรินทร์ 5,256 5,293 5,271 5,216 5,213 5,225 7,048 7,023 6,939 1,351 1,347 1,328 Surin บุรีรัมย์ 7,737 7,802 7,792 7,716 7,680 7,691 13,479 12,819 12,729 1,747 1,669 1,655 Buri Ram มหาสารคาม 231 185 185 138 123 137 106 62 69 768 504 502 Maha Sarakham ร้อยเอ็ด 2,067 2,040 2,035 2,049 2,022 2,013 2,997 2,885 2,867 1,463 1,427 1,424 Roi Et กาฬสินธุ์ 6,388 6,374 6,417 6,251 6,183 6,311 8,312 7,969 8,034 1,330 1,289 1,273 Kalasin ขอนแก่น 1,893 2,049 2,062 1,848 1,848 1,866 2,520 2,500 2,495 1,364 1,353 1,337 Khon"
/content/drive/MyDrive/PROJECT-RAG SMARTPLANPLANTING/Data/คู่มือเกษตร/สถิติการเกษตรของประเทศไทย ปี 2567.pdf,77,"21,930 21,724 20,437 20,490 20,303 32,058 30,394 29,886 1,569 1,483 1,472 Kanchanaburi ราชบุรี 11,676 11,850 11,836 11,457 11,444 11,324 15,921 15,440 15,118 1,390 1,349 1,335 Ratchaburi เพชรบุรี 14,399 14,492 15,076 14,102 14,125 14,311 27,803 26,816 26,890 1,972 1,898 1,879 Phetchaburi ประจวบคีรีขันธ์ 151,761 152,584 153,154 144,798 150,790 151,423 371,255 367,648 365,232 2,564 2,438 2,412 Prachuap Khiri Khan ชุมพร 1,035,776 1,037,226 1,047,339 1,011,178 1,013,020 1,025,214 3,128,742 3,012,337 3,034,633 3,094 2,974 2,960 Chumphon ระนอง 162,159 163,586 167,767 152,907 153,816 158,674 489,410 480,927 494,746 3,201 3,127 3,118 Ranong สุราษฎร์ธานี 1,434,290 1,463,697 1,491,357 1,345,692 1,371,883 1,407,484 4,445,175 4,420,016 4,525,061 3,303 3,222 3,215 Surat Thani ตารางที่ 2.3 ปาล์มน้ำามัน: เนื้อที่ ผลผลิต และผลผลิตต่อไร่ เป็นรายภาค และรายจังหวัด ปี 2565-2567 (ต่อ) Table 2.3 Oil palm: Area, production and yield by region and province, 2022-2024 (Continued)"
/content/drive/MyDrive/PROJECT-RAG SMARTPLANPLANTING/Data/คู่มือเกษตร/สถิติการเกษตรของประเทศไทย ปี 2567.pdf,78,"สถิติการเกษตรของประเทศไทย Agricultural Statistics of Thailand 50 ปาล์มน้ำามัน: Oil palm รูปที่ 2.3 ปาล์มน้ำามัน: เนื้อที่ให้ผล ผลผลิต และผลผลิตต่อไร่ เป็นรายภาค ปี 2567 Figure 2.3 Oil palm: Harvested area, production and yield by region, 2024 ตารางที่ 2.3 ปาล์มน้ำามัน: เนื้อที่ ผลผลิต และผลผลิตต่อไร่ เป็นรายภาค และรายจังหวัด ปี 2565-2567 (ต่อ) Table 2.3 Oil palm: Area, production and yield by region and province, 2022-2024 (Continued) ภาค/จังหวัด เนื้อที่ยืนต้น (ไร่) Planted area (rai) เนื้อที่ให้ผล (ไร่) Harvested area (rai) ผลผลิต (ตัน) Production (ton) ผลผลิตต่อไร่ (กก./ไร่) Yield (kg/rai) Region/ Province2565 2022 2566 2023 2567f 2024 2565 2022 2566 2023 2567f 2024 2565 2022 2566 2023 2567f 2024 2565 2022 2566 2023 2567f 2024 พังงา 269,340 279,713 287,102 254,966 259,459 268,482 798,319 794,152 818,602 3,131 3,061 3,049 Phang Nga ภูเก็ต 3,069 3,168 3,259 2,781 3,025 3,064 7,992 8,546 8,616 2,874 2,825 2,812 Phuket กระบี่ 1,197,809 1,208,594 1,220,899 1,164,696 1,172,660 1,189,674"
/content/drive/MyDrive/PROJECT-RAG SMARTPLANPLANTING/Data/คู่มือเกษตร/สถิติการเกษตรของประเทศไทย ปี 2567.pdf,79,"สถิติการเกษตรของประเทศไทย Agricultural Statistics of Thailand 51 ถั่วเหลือง: Soybean ประเทศ เนื้อที่เก็บเกี่ยว (1,000 ไร่) Harvested area (1,000 rais) ผลผลิต (1,000 ตัน) Production (1,000 tons) ผลผลิตต่อไร่ (กก./ไร่) Yield (kg/rai) Countries2564 2021 2565 2022 2566 2023 2564 2021 2565 2022 2566 2023 2564 2021 2565 2022 2566 2023 รวมทั้งโลก816,561 838,790 855,659 372,710 353,702 371,176 456 422 434 World Total บราซิล 244,539 256,568 277,797 134,799 121,290 152,144 551 473 548 Brazil สหรัฐอเมริกา 218,308 217,961 208,429 121,504 116,221 113,343 557 533 544 USA อาร์เจนตินา 102,917 99,214 89,731 46,218 43,861 25,045 449 442 279 Argentina จีน 52,617 64,042 62,404 16,400 20,289 19,496 312 317 312 China อินเดีย80,739 75,916 81,776 12,610 12,987 14,985 156 171 183 India ปารากวัย 22,750 22,124 22,550 10,537 5,220 10,197 463 236 452 Paraguay แคนาดา 13,001 13,238 14,133 6,224 6,543 6,981 479 494 494 Canada รัสเซีย 18,691 20,975 21,875 4,760 6,003 6,600 255 286 302 Russia ยูเครน 8,268 9,545 11,463"
/content/drive/MyDrive/PROJECT-RAG SMARTPLANPLANTING/Data/คู่มือเกษตร/สถิติการเกษตรของประเทศไทย ปี 2567.pdf,79,"Canada รัสเซีย 18,691 20,975 21,875 4,760 6,003 6,600 255 286 302 Russia ยูเครน 8,268 9,545 11,463 3,493 3,444 4,743 422 361 414 Ukraine โบลิเวีย 8,944 9,530 11,400 3,318 3,457 3,670 371 363 322 Bolivia ไทย 1/ 80 78 66P 21 21 17P 264 266 256P Thailand 1/ อื่น ๆ 45,706 49,600 54,036 12,826 14,367 13,954 281 290 258 Others ตารางที่ 2.4 ถั่วเหลือง: เนื้อที่เก็บเกี่ยว ผลผลิต และผลผลิตต่อไร่ ของประเทศผู้ผลิตที่สำาคัญ 10 อันดับแรก ปี 2563-2566 Table 2.4 Soybean: Harvested area, production and yield of top 10 major countries, 2021-2023 รูปที่ 2.4 ถั่วเหลือง: เนื้อที่เก็บเกี่ยว ผลผลิต และผลผลิตต่อไร่ ของประเทศผู้ผลิตที่สำาคัญ 10 อันดับแรก ปี 2566 Figure 2.4 Soybean: Harvested area, production and yield of top 10 major countries, 2023 ที่มา: องค์การอาหารและการเกษตรแห่งสหประชาชาติ หมายเหตุ: 1/ ข้อมูลประเทศไทยปรับปรุงโดย สำานักงานเศรษฐกิจการเกษตร อันดับเรียงตามผลผลิต ประเทศไทยอยู่ลำาดับที่ 62 ข้อมูล ณ 8 ม.ค. 2568 Source: Food and Agriculture Organization of the United Nations Remark: 1/ Thailand"
/content/drive/MyDrive/PROJECT-RAG SMARTPLANPLANTING/Data/คู่มือเกษตร/สถิติการเกษตรของประเทศไทย ปี 2567.pdf,80,"สถิติการเกษตรของประเทศไทย Agricultural Statistics of Thailand 52 ถั่วเหลือง: Soybean ปี เนื้อที่เพาะปลูก (ไร่) Planted area (rai) เนื้อที่เก็บเกี่ยว (ไร่) Harvested area (rai) ผลผลิต (ตัน) Production (ton) ผลผลิตต่อไร่ (กก./ไร่) Yield (kg/rai) ราคา ที่เกษตรกรขายได้ (บาท/กก.) Farm gate price (Baht/kg) มูลค่าขอผลผลิต (ล้านบาท) Value of production (Million Baht) Year 2558 166,868 162,840 42,395 260 14.87 630 2015 2559 137,254 136,543 37,765 277 15.82 597 2016 2560 152,106 151,133 42,829 283 15.69 672 2017 2561 151,312 150,196 41,165 274 16.48 678 2018 2562 104,193 98,183 26,283 268 15.97 420 2019 2563 86,011 85,605 22,800 266 17.30 394 2020 2564 81,094 80,390 21,234 264 18.40 391 2021 2565 78,330 77,898 20,699 266 23.23 481 2022 2566 66,121P 65,931P 16,899P 256P 20.52 347 2023 2567 62,722f 62,482f 16,346f 262f 17.01 278 2024 ตารางที่ 2.5 ถั่วเหลือง: เนื้อที่ ผลผลิต ผลผลิตต่อไร่ ราคาที่เกษตรกรขายได้ และมูลค่าของผลผลิต ปี 2558-2567 Table 2.5 Soybean: Area, production, yield, farm gate price"
/content/drive/MyDrive/PROJECT-RAG SMARTPLANPLANTING/Data/คู่มือเกษตร/สถิติการเกษตรของประเทศไทย ปี 2567.pdf,80,"และมูลค่าของผลผลิต ปี 2558-2567 Table 2.5 Soybean: Area, production, yield, farm gate price and value of production, 2015-2024 รูปที่ 2.5 ถั่วเหลือง: เนื้อที่ ผลผลิต ผลผลิตต่อไร่ และราคาที่เกษตรกรขายได้ ปี 2558-2567 Figure 2.5 Soybean: Area, production, yield and farm gate price, 2015-2024"
/content/drive/MyDrive/PROJECT-RAG SMARTPLANPLANTING/Data/คู่มือเกษตร/สถิติการเกษตรของประเทศไทย ปี 2567.pdf,81,"สถิติการเกษตรของประเทศไทย Agricultural Statistics of Thailand 53 ถั่วเหลือง: Soybean ภาค/จังหวัด เนื้อที่เพาะปลูก (ไร่) Planted area (rai) เนื้อที่เก็บเกี่ยว (ไร่) Harvested area (rai) ผลผลิต (ตัน) Production (ton) ผลผลิตต่อไร่ (กก./ไร่) Yield (kg/rai) Region/ Province2565 2022 2566P 2023 2567f 2024 2565 2022 2566P 2023 2567f 2024 2565 2022 2566P 2023 2567f 2024 2565 2022 2566P 2023 2567f 2024 รวมทั้งประเทศ 78,330 66,121 62,722 77,898 65,931 62,482 20,699 16,899 16,346 266 256 262 Whole Kingdom เหนือ 51,022 38,542 35,774 50,761 38,365 35,641 13,854 9,844 9,387 273 257 263 Northern ตะวันออกเฉียงเหนือ 27,287 27,579 26,948 27,116 27,566 26,841 6,838 7,055 6,959 252 256 259 Northeastern กลาง 21 0 0 21 0 0 7 0 0 333 0 0 Central เชียงราย 3,537 2,689 2,557 3,537 2,689 2,557 851 630 602 241 234 235 Chiang Rai ลำาปาง 666 895 834 643 895 834 137 226 212 213 253 254 Lampang เชียงใหม่ 3,798 3,756 3,630 3,798 3,756 3,630 1,049 950 955 276 253 263 Chiang Mai แม่ฮ่องสอน 13,317 9,536 7,868 13,140"
/content/drive/MyDrive/PROJECT-RAG SMARTPLANPLANTING/Data/คู่มือเกษตร/สถิติการเกษตรของประเทศไทย ปี 2567.pdf,81,"260 250 256 Udon Thani ศรีสะเกษ 301 110 91 301 110 91 54 14 12 179 127 132 Si Sa Ket ขอนแก่น 10,932 11,245 11,091 10,785 11,245 11,045 2,795 3,044 3,021 259 271 274 Khon Kaen ชัยภูมิ 12,246 12,517 12,347 12,246 12,512 12,308 3,044 3,099 3,082 249 248 250 Chaiyaphum อื่น ๆ1/ 334 70 45 334 70 45 83 18 12 249 257 267 Others1/ หมายเหตุ: 1/ อื่น ๆ ได้แก่ จังหวัดลำาพูน พิจิตร และกาญจนบุรี Remark: 1/The others are Lamphun, Phichit and Kanchanaburi ตารางที่ 2.6 ถั่วเหลือง: เนื้อที่ ผลผลิต และผลผลิตต่อไร่ เป็นรายภาค และรายจังหวัด ปี 2565-2567 Table 2.6 Soybean: Area, production and yield by region and province, 2022-2024"
/content/drive/MyDrive/PROJECT-RAG SMARTPLANPLANTING/Data/คู่มือเกษตร/สถิติการเกษตรของประเทศไทย ปี 2567.pdf,82,"สถิติการเกษตรของประเทศไทย Agricultural Statistics of Thailand 54 รูปที่ 2.6 ถั่วเหลือง: เนื้อที่เก็บเกี่ยว ผลผลิต และผลผลิตต่อไร่ เป็นรายภาค ปี 2567 Figure 2.6 Soybean: Harvested area, production and yield by region, 2024 ถั่วเหลือง: Soybean"
/content/drive/MyDrive/PROJECT-RAG SMARTPLANPLANTING/Data/คู่มือเกษตร/สถิติการเกษตรของประเทศไทย ปี 2567.pdf,83,"สถิติการเกษตรของประเทศไทย Agricultural Statistics of Thailand 55 ภาค/จังหวัด เนื้อที่เพาะปลูก (ไร่) Planted area (rai) เนื้อที่เก็บเกี่ยว (ไร่) Harvested area (rai) ผลผลิต (ตัน) Production (ton) ผลผลิตต่อไร่ (กก./ไร่) Yield (kg/rai) Region/ Province2565 2022 2566P 2023 2567f 2024 2565 2022 2566P 2023 2567f 2024 2565 2022 2566P 2023 2567f 2024 2565 2022 2566P 2023 2567f 2024 รวมทั้งประเทศ 78,330 66,121 62,722 77,898 65,931 62,482 20,699 16,899 16,346 266 256 262 Whole Kingdom รุ่น 1 18,944 12,357 10,288 18,564 12,282 10,231 5,384 3,269 2,829 290 266 277 Season 1 รุ่น 2 59,386 53,764 52,434 59,334 53,649 52,251 15,315 13,630 13,517 258 254 259 Season 2 เหนือ 51,022 38,542 35,774 50,761 38,365 35,641 13,854 9,844 9,387 273 257 263 Northern รุ่น 1 15,958 9,388 7,527 15,720 9,321 7,479 4,604 2,417 2,025 293 259 271 Season 1 รุ่น 2 35,064 29,154 28,247 35,041 29,044 28,162 9,250 7,427 7,362 264 256 261 Season 2 ตะวันออกเฉียงเหนือ 27,287 27,579 26,948 27,116 27,566 26,841 6,838 7,055 6,959"
/content/drive/MyDrive/PROJECT-RAG SMARTPLANPLANTING/Data/คู่มือเกษตร/สถิติการเกษตรของประเทศไทย ปี 2567.pdf,83,"2 3,793 3,313 3,215 3,793 3,313 3,215 1,025 873 865 270 264 269 Season 2 แพร่ 3,898 2,051 1,989 3,898 2,051 1,989 1,054 538 527 270 262 265 Phrae รุ่น 1 136 92 75 136 92 75 32 22 18 235 239 240 Season 1 รุ่น 2 3,762 1,959 1,914 3,762 1,959 1,914 1,022 516 509 272 263 266 Season 2 น่าน 5,350 3,654 3,521 5,350 3,622 3,512 1,568 1,049 1,025 293 290 292 Nan รุ่น 1 473 579 496 473 579 496 134 161 139 283 278 280 Season 1 รุ่น 2 4,877 3,075 3,025 4,877 3,043 3,016 1,434 888 886 294 292 294 Season 2 ตารางที่ 2.7 ถั่วเหลืองแยกรุ่น: เนื้อที่ ผลผลิต และผลผลิตต่อไร่ เป็นรายภาค และรายจังหวัด ปี 2565-2567 Table 2.7 Soybean Classified by Plant varieties: Area, production and yield by region and province, 2022-2024 ถั่วเหลือง: Soybean"
/content/drive/MyDrive/PROJECT-RAG SMARTPLANPLANTING/Data/คู่มือเกษตร/สถิติการเกษตรของประเทศไทย ปี 2567.pdf,84,"สถิติการเกษตรของประเทศไทย Agricultural Statistics of Thailand 56 ภาค/จังหวัด เนื้อที่เพาะปลูก (ไร่) Planted area (rai) เนื้อที่เก็บเกี่ยว (ไร่) Harvested area (rai) ผลผลิต (ตัน) Production (ton) ผลผลิตต่อไร่ (กก./ไร่) Yield (kg/rai) Region/ Province2565 2022 2566P 2023 2567f 2024 2565 2022 2566P 2023 2567f 2024 2565 2022 2566P 2023 2567f 2024 2565 2022 2566P 2023 2567f 2024 อุตรดิตถ์ 3,407 1,356 1,314 3,407 1,351 1,314 854 336 330 251 249 251 Uttaradit รุ่น 1 824 156 148 824 151 148 207 34 34 251 225 230 Season 1 รุ่น 2 2,583 1,200 1,166 2,583 1,200 1,166 647 302 296 250 252 254 Season 2 พิษณุโลก 788 661 567 788 661 567 193 161 140 245 244 247 Phitsanulok รุ่น 1 198 101 89 198 101 89 55 26 24 278 257 270 Season 1 รุ่น 2 590 560 478 590 560 478 138 135 116 234 241 243 Season 2 เลย 1,639 1,758 1,627 1,639 1,750 1,614 409 423 401 250 242 248 Loei รุ่น 1 76 169 114 76 166 112 16 39 27 211 235 241 Season 1 รุ่น 2 1,563 1,589 1,513 1,563 1,584 1,502 393 384 374 251 242 249 Season 2"
/content/drive/MyDrive/PROJECT-RAG SMARTPLANPLANTING/Data/คู่มือเกษตร/สถิติการเกษตรของประเทศไทย ปี 2567.pdf,84,"250 Chaiyaphum รุ่น 1 434 360 291 434 355 288 115 98 80 265 276 278 Season 1 รุ่น 2 11,812 12,157 12,056 11,812 12,157 12,020 2,929 3,001 3,002 248 247 250 Season 2 อื่น ๆ1/ 334 70 45 334 70 45 83 18 12 249 257 267 Others1/ ตารางที่ 2.7 ถั่วเหลืองแยกรุ่น: เนื้อที่ ผลผลิต และผลผลิตต่อไร่ เป็นรายภาค และรายจังหวัด ปี 2565-2567 (ต่อ) Table 2.7 Soybean Classified by Plant varieties: Area, production and yield by region and province, 2022-2024 (Continued) หมายเหตุ: 1/ อื่น ๆ ได้แก่ จังหวัดลำาพูน พิจิตร และกาญจนบุรี Remark: 1/The others are Lamphun, Phichit and Kanchanaburi ถั่วเหลือง: Soybean"
/content/drive/MyDrive/PROJECT-RAG SMARTPLANPLANTING/Data/คู่มือเกษตร/สถิติการเกษตรของประเทศไทย ปี 2567.pdf,85,"สถิติการเกษตรของประเทศไทย Agricultural Statistics of Thailand 57 มะพร้าว: Coconut ประเทศ เนื้อที่ให้ผล (1,000 ไร่) Harvested area (1,000 rais) ผลผลิต (1,000 ตัน) Production (1,000 tons) ผลผลิตต่อไร่ (กก./ไร่) Yield (kg/rai) Countries2564 2021 2565 2022 2566 2023 2564 2021 2565 2022 2566 2023 2564 2021 2565 2022 2566 2023 รวมทั้งโลก 69,130 68,784 70,318 64,176 63,596 64,616 928 925 919 World Total อินโดนีเซีย 17,375 17,438 17,563 18,100 18,070 17,970 1,042 1,036 1,023 Indonesia ฟิลิปปินส์ 22,793 22,526 22,907 14,717 14,931 14,893 646 663 650 Philippines อินเดีย 13,744 13,463 14,231 14,301 13,317 14,163 1,041 989 995 India บราซิล 1,172 1,185 1,167 2,465 2,744 2,898 2,103 2,317 2,484 Brazil เวียดนาม 1,048 1,080 1,111 1,867 1,924 2,132 1,781 1,782 1,920 Vietnam ศรีลังกา 2,851 2,877 3,001 2,496 2,204 2,061 876 766 687 Sri Lanka ปาปัวนิวกินี 1,176 1,197 1,321 1,186 1,224 1,370 1,009 1,023 1,037 Papua New Guinea เม็กซิโก 775 780 784 1,074 1,120 1,145 1,386 1,436 1,461 Mexico เมียนมา 306 306"
/content/drive/MyDrive/PROJECT-RAG SMARTPLANPLANTING/Data/คู่มือเกษตร/สถิติการเกษตรของประเทศไทย ปี 2567.pdf,85,"Papua New Guinea เม็กซิโก 775 780 784 1,074 1,120 1,145 1,386 1,436 1,461 Mexico เมียนมา 306 306 283 1,220 1,143 1,122 3,984 3,741 3,961 Myanmar ไทย 1/ 802 815 817 913 947 911 1,138 1,162 1,115 Thailand 1/ อื่น ๆ 7,086 7,119 7,132 5,836 5,971 5,951 824 839 834 Others ที่มา: องค์การอาหารและเกษตรแห่งสหประชาชาติ Source: Food and Agriculture Organization of the United Nations หมายเหตุ: 1/ ข้อมูลประเทศไทยปรับปรุงโดย สำานักงานเศรษฐกิจการเกษตร Remark: 1/ Thailand information was updated by Office of Agricultural Economics. อันดับเรียงตามผลผลิต Sorted by product ข้อมูล ณ 8 ม.ค. 2568 Data as of 8 Jan 2025 ตารางที่ 2.8 มะพร้าว: เนื้อที่ให้ผล ผลผลิต และผลผลิตต่อไร่ ของประเทศผู้ผลิตที่สำาคัญ 10 อันดับแรก ปี 2564-2566 Table 2.8 Coconut: Harvested area, production and yield of top 10 major countries, 2021-2023 รูปที่ 2.7 มะพร้าว: เนื้อที่ให้ผล ผลผลิต และผลผลิตต่อไร่ ของประเทศผู้ผลิตที่สำาคัญ 10 อันดับแรก ปี 2566 Figure 2.7 Coconut: Harvested area, production and yield of top 10 major countries,"
/content/drive/MyDrive/PROJECT-RAG SMARTPLANPLANTING/Data/คู่มือเกษตร/สถิติการเกษตรของประเทศไทย ปี 2567.pdf,86,"สถิติการเกษตรของประเทศไทย Agricultural Statistics of Thailand 58 มะพร้าว: Coconut ปี เนื้อที่ยืนต้น (1,000 ไร่) Planted area (1,000 rais) เนื้อที่ให้ผล (1,000 ไร่) Harvested area (1,000 rais) ผลผลิต (1,000 ผล) Production (1,000 Unit) ผลผลิตต่อไร่ (ผล) Yield (Unit) ราคา ที่เกษตรกรขายได้ (บาท/ผล) Farm gate price (Bath/unit) มูลค่าของผลผลิต (ล้านบาท) Value of production (Million baht) Year 2558 858 806 612,730 760 9.71 5,950 2015 2559 844 788 582,356 739 14.36 8,363 2016 2560 826 760 587,501 773 16.95 9,957 2017 2561 853 766 637,694 832 8.41 5,360 2018 2562 858 774 618,830 800 7.76 4,803 2019 2563 861 777 618,246 795 14.36 8,875 2020 2564 861 802 651,856 813 12.37 8,062 2021 2565 863 815 676,325 830 10.59 7,163 2022 2566 861 817 650,681 797 10.22 6,650 2023 2567 862f 821f 600,519f 732f 15.89 9,542 2024 ตารางที่ 2.9 มะพร้าวผลแก่: เนื้อที่ ผลผลิต ผลผลิตต่อไร่ ราคาที่เกษตรกรขายได้ และมูลค่าของผลผลิต ปี 2558-2567 Table 2.9 Coconut: Area, production, yield, farm gate price and value of"
/content/drive/MyDrive/PROJECT-RAG SMARTPLANPLANTING/Data/คู่มือเกษตร/สถิติการเกษตรของประเทศไทย ปี 2567.pdf,86,"ปี 2558-2567 Table 2.9 Coconut: Area, production, yield, farm gate price and value of production, 2015-2024 รูปที่ 2.8 มะพร้าวผลแก่: เนื้อที่ ผลผลิต ผลผลิตต่อไร่ และราคาที่เกษตรกรขายได้ ปี 2558-2567 Figure 2.8 Coconut: Area, production, yield, and farm gate price, 2015-2024"
/content/drive/MyDrive/PROJECT-RAG SMARTPLANPLANTING/Data/คู่มือเกษตร/สถิติการเกษตรของประเทศไทย ปี 2567.pdf,87,"สถิติการเกษตรของประเทศไทย Agricultural Statistics of Thailand 59 มะพร้าว: Coconut ภาค/จังหวัด เนื้อที่ยืนต้น (ไร่) Planted area (rai) เนื้อที่ให้ผล (ไร่) Harvested area (rai) ผลผลิต (1,000 ผล) Production (1,000 unit) ผลผลิตต่อไร่ (ผล) Yield (unit) Region/ Province2565 2022 2566 2023 2567f 2024 2565 2022 2566 2023 2567f 2024 2565 2022 2566 2023 2567f 2024 2565 2022 2566 2023 2567f 2024 รวมทั้งประเทศ862,718 861,141 861,835 815,137 816,727 820,905 676,325 650,681 600,519 830 797 732 Whole Kingdom เหนือ 2,454 2,377 2,284 2,149 1,990 1,987 709 634 595 330 318 300 Northern ตะวันออกเฉียงเหนือ877 793 778 555 387 362 211 140 126 380 363 348 Northeastern กลาง 489,733 486,587 487,226 461,865 461,688 463,622 389,619 377,838 333,759 844 818 720 Central ใต้ 369,654 371,384 371,547 350,568 352,662 354,934 285,786 272,069 266,038 815 771 750 Southern ตาก 466 462 466 452 442 426 152 146 136 337 329 319 Tak กำาแพงเพชร 363 307 289 346 289 269 96 78 69 276 269 255 Kamphaeng Phet พิษณุโลก 315 278 268 299"
/content/drive/MyDrive/PROJECT-RAG SMARTPLANPLANTING/Data/คู่มือเกษตร/สถิติการเกษตรของประเทศไทย ปี 2567.pdf,87,"Phetchaburi ประจวบคีรีขันธ์ 358,544 359,670 361,180 339,169 342,973 344,459 301,911 294,580 254,211 890 859 738 Prachuap Khiri Khan ชุมพร 97,275 97,632 97,752 94,041 94,895 95,500 93,758 87,991 85,091 997 927 891 Chumphon ระนอง 4,524 4,565 4,545 3,910 4,084 4,137 2,569 2,496 2,474 657 611 598 Ranong สุราษฏร์ธานี 81,159 81,297 81,377 79,109 79,935 80,052 55,002 53,489 52,114 695 669 651 Surat Thani พังงา 9,882 9,980 9,880 9,534 9,534 9,458 5,489 5,343 5,174 576 560 547 Phang Nga ภูเก็ต 4,896 4,902 4,905 4,853 4,851 4,891 3,012 2,818 2,773 621 581 567 Phuket กระบี่ 4,943 4,904 4,925 4,825 4,714 4,703 1,969 1,834 1,792 408 389 381 Krabi ตรัง 1,487 1,534 1,527 1,294 1,284 1,274 620 590 573 479 459 450 Trang นครศรีธรรมราช 62,733 63,656 63,908 58,300 58,564 59,513 51,819 50,837 50,169 889 868 843 Nakhon Si Thammarat ตารางที่ 2.10 มะพร้าวผลแก่: เนื้อที่ ผลผลิต และผลผลิตต่อไร่ เป็นรายภาค และรายจังหวัด ปี 2565-2567 Table 2.10 Coconut: Area, production and yield by region and province,"
/content/drive/MyDrive/PROJECT-RAG SMARTPLANPLANTING/Data/คู่มือเกษตร/สถิติการเกษตรของประเทศไทย ปี 2567.pdf,88,"สถิติการเกษตรของประเทศไทย Agricultural Statistics of Thailand 60 ภาค/จังหวัด เนื้อที่ยืนต้น (ไร่) Planted area (rai) เนื้อที่ให้ผล (ไร่) Harvested area (rai) ผลผลิต (1,000 ผล) Production (1,000 unit) ผลผลิตต่อไร่ (ผล) Yield (unit) Region/ Province2565 2022 2566 2023 2567f 2024 2565 2022 2566 2023 2567f 2024 2565 2022 2566 2023 2567f 2024 2565 2022 2566 2023 2567f 2024 พัทลุง 4,367 4,484 4,494 4,051 4,200 4,190 3,535 3,576 3,490 873 851 833 Phatthalung สงขลา 9,227 9,203 8,863 7,723 7,589 8,059 4,926 4,645 4,827 638 612 599 Songkhla สตูล 2,898 2,877 2,882 2,359 2,357 2,411 2,269 2,164 2,172 962 918 901 Satun ปัตตานี 41,406 41,653 41,708 36,018 36,300 36,265 24,523 24,122 23,609 681 665 651 Pattani ยะลา 5,597 5,391 5,419 5,543 5,347 5,345 2,334 2,333 2,272 421 436 425 Yala นราธิวาส 39,260 39,306 39,362 39,008 39,008 39,136 33,961 29,831 29,509 871 765 754 Narathiwat อื่น ๆ1/ 332 183 159 306 149 133 105 43 36 343 286 267 Others1/ หมายเหตุ: 1/อื่น ๆ ได้แก่ จังหวัดสุรินทร์ นครนายก"
/content/drive/MyDrive/PROJECT-RAG SMARTPLANPLANTING/Data/คู่มือเกษตร/สถิติการเกษตรของประเทศไทย ปี 2567.pdf,88,"159 306 149 133 105 43 36 343 286 267 Others1/ หมายเหตุ: 1/อื่น ๆ ได้แก่ จังหวัดสุรินทร์ นครนายก และปราจีนบุรี Remark: 1/The others are Surin, Nakhon Nayok and Prachin Buri ตารางที่ 2.10 มะพร้าวผลแก่: เนื้อที่ ผลผลิต และผลผลิตต่อไร่ เป็นรายภาค และรายจังหวัด ปี 2565-2567 (ต่อ) Table 2.10 Coconut: Area, production and yield by region and province, 2022-2024 (Continued) รูปที่ 2.9 มะพร้าวผลแก่: เนื้อที่ให้ผล ผลผลิต และผลผลิตต่อไร่ เป็นรายภาค ปี 2567 Figure 2.9 Coconut: Harvested area, production and yield by region, 2024 มะพร้าว: Coconut"
/content/drive/MyDrive/PROJECT-RAG SMARTPLANPLANTING/Data/คู่มือเกษตร/สถิติการเกษตรของประเทศไทย ปี 2567.pdf,92,"สถิติการเกษตรของประเทศไทย Agricultural Statistics of Thailand 64 ภาค/จังหวัด เนื้อที่เพาะปลูก (ไร่) Planted area (rai) เนื้อที่เก็บเกี่ยว (ไร่) Harvested area (rai) ผลผลิต (ตัน) Production (ton) ผลผลิตต่อไร่ (กก./ไร่) Yield (kg/rai) Region/ Province2566 2023 2567 2024 2568f 2025 2566 2023 2567 2024 2568f 2025 2566 2023 2567 2024 2568f 2025 2566 2023 2567 2024 2568f 2025 รวมทั้งประเทศ54,583 52,457 52,067 54,534 52,296 52,051 59,326 53,714 55,306 1,088 1,027 1,063 Whole Kingdom เหนือ 52,798 50,822 50,453 52,788 50,786 50,453 57,794 52,416 53,928 1,095 1,032 1,069 Northern ตะวันออกเฉียงเหนือ1,785 1,635 1,614 1,746 1,510 1,598 1,532 1,298 1,378 877 860 862 Northeastern เชียงราย749 684 648 749 684 648 632 562 542 844 822 836 Chiang Rai พะเยา 3,787 2,884 3,035 3,787 2,884 3,035 2,930 2,194 2,343 774 761 772 Phayao ลำาปาง 4,829 4,130 4,265 4,829 4,130 4,265 4,476 3,834 3,988 927 928 935 Lampang ลำาพูน 904 1,222 1,183 904 1,222 1,183 990 1,283 1,298 1,095 1,050 1,097 Lamphun เชียงใหม่ 20,689"
/content/drive/MyDrive/PROJECT-RAG SMARTPLANPLANTING/Data/คู่มือเกษตร/สถิติการเกษตรของประเทศไทย ปี 2567.pdf,98,"สถิติการเกษตรของประเทศไทย Agricultural Statistics of Thailand 70 ประเทศ เนื้อที่เก็บเกี่ยว (1,000 ไร่) Harvested area (1,000 rais) ผลผลิต (1,000 ตัน) Production (1,000 tons) ผลผลิตต่อไร่ (กก./ไร่) Yield (kg/rai) Countries 2564 2021 2565 2022 2566 2023 2564 2021 2565 2022 2566 2023 2564 2021 2565 2022 2566 2023 รวมทั้งโลก105,241 104,105 104,994 373,646 373,400 383,083 3,550 3,587 3,649 World Total จีน 28,970 28,360 28,572 94,412 92,360 93,492 3,259 3,257 3,272 China อินเดีย 14,050 13,913 14,575 54,230 56,176 60,142 3,860 4,038 4,126 India ยูเครน 8,020 7,527 7,564 21,356 20,899 21,359 2,663 2,777 2,824 Ukraine สหรัฐอเมริกา 2,351 2,322 2,429 18,717 18,237 19,992 7,960 7,852 8,232 USA รัสเซีย 7,138 6,791 6,909 18,296 18,888 19,374 2,563 2,781 2,804 Russia เยอรมนี 1,614 1,665 1,654 11,312 10,683 11,607 7,007 6,416 7,016 Germany บังกลาเทศ2,929 2,900 2,847 9,887 10,145 10,432 3,375 3,498 3,664 Bangladesh ฝรั่งเศส 1,322 1,323 1,275 8,987 8,067 8,606 6,796 6,098 6,750 France ปากีสถาน 1,465"
/content/drive/MyDrive/PROJECT-RAG SMARTPLANPLANTING/Data/คู่มือเกษตร/สถิติการเกษตรของประเทศไทย ปี 2567.pdf,98,"Bangladesh ฝรั่งเศส 1,322 1,323 1,275 8,987 8,067 8,606 6,796 6,098 6,750 France ปากีสถาน 1,465 1,963 2,129 5,873 7,937 8,320 4,010 4,043 3,909 Pakistan อียิปต์ 1,320 1,536 1,473 6,274 7,210 6,869 4,754 4,695 4,665 Egypt ไทย 1/ 40 38 41 120 110 120 3,021 2,917 2,961 Thailand 1/ อื่น ๆ 36,021 35,766 35,528 124,181 122,686 122,769 3,447 3,430 3,456 Others มันฝรั่ง: Potato ตารางที่ 3.9 มันฝรั่ง: เนื้อที่เก็บเกี่ยว ผลผลิต และผลผลิตต่อไร่ ของประเทศผู้ผลิตที่สำาคัญ 10 อันดับแรก ปี 2564-2566 Table 3.9 Potato: Harvested area, production and yield of top 10 major countries, 2021-2023 ที่มา: องค์การอาหารและการเกษตรแห่งสหประชาชาติ หมายเหตุ: 1/ ข้อมูลประเทศไทยปรับปรุงโดย สำานักงานเศรษฐกิจการเกษตร อันดับเรียงตามผลผลิต ประเทศไทยอยู่ลำาดับที่ 102 ข้อมูล ณ 8 ม.ค. 2568 Source: Food and Agriculture Organization of the United Nations Remark: 1/ Thailand information was updated by Office of Agricultural Economics. Sorted by production Thailand ranked 102nd Data as of 8 Jan 2025 รูปที่ 3.9 มันฝรั่ง:"
/content/drive/MyDrive/PROJECT-RAG SMARTPLANPLANTING/Data/คู่มือเกษตร/สถิติการเกษตรของประเทศไทย ปี 2567.pdf,98,"Economics. Sorted by production Thailand ranked 102nd Data as of 8 Jan 2025 รูปที่ 3.9 มันฝรั่ง: เนื้อที่เก็บเกี่ยว ผลผลิต และผลผลิตต่อไร่ ของประเทศผู้ผลิตที่สำาคัญ 10 อันดับแรก ปี 2566 Figure 3.9 Potato: Harvested area, production and yield of top 10 major countries, 2023"
/content/drive/MyDrive/PROJECT-RAG SMARTPLANPLANTING/Data/คู่มือเกษตร/สถิติการเกษตรของประเทศไทย ปี 2567.pdf,99,"สถิติการเกษตรของประเทศไทย Agricultural Statistics of Thailand 71 ปี เนื้อที่เพาะปลูก (ไร่) Planted area (rai) เนื้อที่เก็บเกี่ยว (ไร่) Harvested area (rai) ผลผลิต (ตัน) Production (ton) ผลผลิตต่อไร่ (กก./ไร่) Yield (kg/rai) ราคา ที่เกษตรกรขายได้ (บาท/กก.) Farm gate price (Baht/kg) มูลค่าของผลผลิต (ล้านบาท) Value of production (Million Baht) Year 2559 39,887 39,877 119,778 3,004 12.43 1,489 2016 2560 37,858 37,010 107,103 2,894 11.76 1,260 2017 2561 37,513 37,304 108,291 2,903 12.20 1,321 2018 2562 45,689 44,874 127,935 2,851 13.53 1,731 2019 2563 43,206 43,094 126,864 2,944 12.87 1,633 2020 2564 39,965 39,683 119,897 3,021 11.42 1,369 2021 2565 40,365 38,000 110,860 2,917 11.98 1,328 2022 2566 40,912 40,693 120,474 2,961 12.13 1,461 2023 2567 41,347 41,083 119,501 2,909 13.23 1,581 2024 2568 40,455f 40,338f 120,854f 2,996f 13.241/ 1,600 2025 มันฝรั่ง: Potato ตารางที่ 3.10 มันฝรั่ง: เนื้อที่ ผลผลิต ผลผลิตต่อไร่ ราคาที่เกษตรกรขายได้ และมูลค่าของผลผลิต ปี 2559-2568 Table 3.10 Potato:"
/content/drive/MyDrive/PROJECT-RAG SMARTPLANPLANTING/Data/คู่มือเกษตร/สถิติการเกษตรของประเทศไทย ปี 2567.pdf,99,"ผลผลิต ผลผลิตต่อไร่ ราคาที่เกษตรกรขายได้ และมูลค่าของผลผลิต ปี 2559-2568 Table 3.10 Potato: Area, production, yield, farm gate price and value of production, 2016-2025 รูปที่ 3.10 มันฝรั่ง: เนื้อที่ ผลผลิต ผลผลิตต่อไร่ และราคาที่เกษตรกรขายได้ ปี 2559-2568 Figure 3.10 Potato: Area, production, yield and farm gate price, 2016-2025 หมายเหตุ: 1/ ราคา ปี 2568 คือ ราคาเฉลี่ยเดือน ม.ค.-ก.พ. Remark: 1/ Price in 2025 is the average price between Jan and Feb"
/content/drive/MyDrive/PROJECT-RAG SMARTPLANPLANTING/Data/คู่มือเกษตร/สถิติการเกษตรของประเทศไทย ปี 2567.pdf,100,"สถิติการเกษตรของประเทศไทย Agricultural Statistics of Thailand 72 มันฝรั่ง: Potato ตารางที่ 3.11 มันฝรั่ง: เนื้อที่ ผลผลิต และผลผลิตต่อไร่ เป็นรายภาค และรายจังหวัด ปี 2566-2568 Table 3.11 Potato: Area, production and yield by region and province, 2023-2025 รูปที่ 3.11 มันฝรั่ง: เนื้อที่เก็บเกี่ยว ผลผลิต และผลผลิตต่อไร่ เป็นรายภาค ปี 2568 Figure 3.11 Potato: Harvested area, production and yield by region, 2025 ภาค/จังหวัด เนื้อที่เพาะปลูก (ไร่) Planted area (rai) เนื้อที่เก็บเกี่ยว (ไร่) Harvested area (rai) ผลผลิต (ตัน) Production (ton) ผลผลิตต่อไร่ (กก./ไร่) Yield (kg/rai) Region/ Province2566 2023 2567 2024 2568f 2025 2566 2023 2567 2024 2568f 2025 2566 2023 2567 2024 2568f 2025 2566 2023 2567 2024 2568f 2025 รวมทั้งประเทศ40,912 41,347 40,455 40,693 41,083 40,338 120,474 119,501 120,854 2,961 2,909 2,996 Whole Kingdom เหนือ 38,579 39,225 38,427 38,388 38,986 38,318 113,488 113,291 114,634 2,956 2,906 2,992 Northern ตะวันออกเฉียงเหนือ2,333 2,122 2,028 2,305 2,097 2,020 6,986 6,210"
/content/drive/MyDrive/PROJECT-RAG SMARTPLANPLANTING/Data/คู่มือเกษตร/สถิติการเกษตรของประเทศไทย ปี 2567.pdf,101,"สถิติการเกษตรของประเทศไทย Agricultural Statistics of Thailand 73 ปี เนื้อที่เก็บเกี่ยว (ไร่) Harvested area (rai) ผลผลิต (ตัน) Production (ton) ผลผลิตต่อไร่ (กก./ไร่) Yield (kg/rai) ราคา ที่เกษตรกรขายได้ (บาท/กก.) Farm gate price (Baht/kg) มูลค่าของผลผลิต (ล้านบาท) Value of production (Million Baht) Year 2558 33,024 114,803 3,476 14.54 1,669 2015 2559 34,537 118,650 3,435 13.20 1,566 2016 2560 34,979 122,593 3,505 11.26 1,380 2017 2561 34,681 123,609 3,564 12.84 1,587 2018 2562 35,569 124,299 3,495 15.61 1,940 2019 2563 37,420 132,650 3,545 16.36 2,170 2020 2564 37,463 134,084 3,579 19.68 2,639 2021 2565 37,909 137,325 3,622 22.48 3,087 2022 2566 38,702 139,760 3,611 24.92 3,483 2023 2567 38,989f 139,232f 3,571f 27.06 3,768 2024 มะเขือเทศ: Tomato ตารางที่ 3.12 มะเขือเทศ: เนื้อที่เก็บเกี่ยว ผลผลิต ผลผลิตต่อไร่ ราคาที่เกษตรกรขายได้ และมูลค่าของผลผลิต ปี 2558-2567 Table 3.12 Tomato: Harvested area, production, yield, farm gate price and value of production, 2015-2024 รูปที่ 3.12"
/content/drive/MyDrive/PROJECT-RAG SMARTPLANPLANTING/Data/คู่มือเกษตร/สถิติการเกษตรของประเทศไทย ปี 2567.pdf,101,"Harvested area, production, yield, farm gate price and value of production, 2015-2024 รูปที่ 3.12 มะเขือเทศ: เนื้อที่เก็บเกี่ยว ผลผลิต ผลผลิตต่อไร่ และราคาที่เกษตรกรขายได้ ปี 2558-2567 Figure 3.12 Tomato: Harvested area, production, yield and farm gate price, 2015-2024"
/content/drive/MyDrive/PROJECT-RAG SMARTPLANPLANTING/Data/คู่มือเกษตร/สถิติการเกษตรของประเทศไทย ปี 2567.pdf,102,"สถิติการเกษตรของประเทศไทย Agricultural Statistics of Thailand 74 ปี เนื้อที่เก็บเกี่ยว (ไร่) Harvested area (rai) ผลผลิต (ตัน) Production (ton) ผลผลิตต่อไร่ (กก./ไร่) Yield (kg/rai) ราคา ที่เกษตรกรขายได้ (บาท/กก.) Farm gate price (Baht/kg) มูลค่าของผลผลิต (ล้านบาท) Value of production (Million Baht) Year 2558 168,241 241,326 1,434 3.38 816 2015 2559 166,217 236,968 1,426 3.55 841 2016 2560 166,874 242,013 1,450 4.89 1,183 2017 2561 168,719 246,129 1,459 5.03 1,238 2018 2562 165,160 235,195 1,424 5.32 1,251 2019 2563 156,500 221,142 1,413 5.04 1,115 2020 2564 150,114 209,805 1,398 4.86 1,020 2021 2565 145,417 196,615 1,352 6.48 1,274 2022 2566 154,075 215,653 1,400 6.38 1,376 2023 2567 154,359f 219,344f 1,421f 6.39 1,402 2024 ข้าวโพดฝักอ่อน: Baby corn ตารางที่ 3.13 ข้าวโพดฝักอ่อน: เนื้อที่เก็บเกี่ยว ผลผลิต ผลผลิตต่อไร่ ราคาที่เกษตรกรขายได้ และมูลค่าของผลผลิต ปี 2558-2567 Table 3.13 Baby corn: Harvested area, production, yield, farm gate price and value of production, 2015-2024 รูปที่"
/content/drive/MyDrive/PROJECT-RAG SMARTPLANPLANTING/Data/คู่มือเกษตร/สถิติการเกษตรของประเทศไทย ปี 2567.pdf,102,"corn: Harvested area, production, yield, farm gate price and value of production, 2015-2024 รูปที่ 3.13 ข้าวโพดฝักอ่อน: เนื้อที่เก็บเกี่ยว ผลผลิต ผลผลิตต่อไร่ และราคาที่เกษตรกรขายได้ ปี 2558-2567 Figure 3.13 Baby corn: Harvested area, production, yield, and farm gate price, 2015-2024"
/content/drive/MyDrive/PROJECT-RAG SMARTPLANPLANTING/Data/คู่มือเกษตร/สถิติการเกษตรของประเทศไทย ปี 2567.pdf,103,"สถิติการเกษตรของประเทศไทย Agricultural Statistics of Thailand 75 ปี เนื้อที่เก็บเกี่ยว (ไร่) Harvested area (rai) ผลผลิต (ตัน) Production (ton) ผลผลิตต่อไร่ (กก./ไร่) Yield (kg/rai) ราคา ที่เกษตรกรขายได้ (บาท/กก.) Farm gate price (Baht/kg) มูลค่าของผลผลิต (ล้านบาท) Value of production (Million Baht) Year 2558 217,281 434,453 1,999 8.34 3,623 2015 2559 229,862 487,489 2,121 7.71 3,759 2016 2560 231,762 502,711 2,169 8.07 4,057 2017 2561 244,147 537,487 2,201 5.90 3,171 2018 2562 237,854 501,242 2,107 5.65 2,832 2019 2563 232,423 498,699 2,146 4.93 2,459 2020 2564 228,406 494,108 2,163 5.45 2,693 2021 2565 206,896 450,358 2,177 5.46 2,459 2022 2566 223,540 509,271 2,278 5.99 3,051 2023 2567 222,901f 458,284f 2,056f 7.01 3,213 2024 ข้าวโพดหวาน: Sweet corn ตารางที่ 3.14 ข้าวโพดหวาน: เนื้อที่เก็บเกี่ยว ผลผลิต ผลผลิตต่อไร่ ราคาที่เกษตรกรขายได้ และมูลค่าของผลผลิต ปี 2558-2567 Table 3.14 Sweet corn: Harvested area, production, yield, farm gate price and value of production, 2015-2024 รูปที่"
/content/drive/MyDrive/PROJECT-RAG SMARTPLANPLANTING/Data/คู่มือเกษตร/สถิติการเกษตรของประเทศไทย ปี 2567.pdf,103,"corn: Harvested area, production, yield, farm gate price and value of production, 2015-2024 รูปที่ 3.14 ข้าวโพดหวาน: เนื้อที่เก็บเกี่ยว ผลผลิต ผลผลิตต่อไร่ และราคาที่เกษตรกรขายได้ ปี 2558-2567 Figure 3.14 Sweet corn: Harvested area, production, yield, and farm gate price, 2015-2024"
/content/drive/MyDrive/PROJECT-RAG SMARTPLANPLANTING/Data/คู่มือเกษตร/สถิติการเกษตรของประเทศไทย ปี 2567.pdf,106,"สถิติการเกษตรของประเทศไทย Agricultural Statistics of Thailand 78 ประเทศ เนื้อที่เก็บเกี่ยว (1,000 ไร่) Harvested area (1,000 rais) ผลผลิต (1,000 ตัน) Production (1,000 tons) ผลผลิตต่อไร่ (กก./ไร่) Yield (kg/rai) Countries 2564 2021 2565 2022 2566 2023 2564 2021 2565 2022 2566 2023 2564 2021 2565 2022 2566 2023 รวมทั้งโลก 6,591 6,631 6,545 28,694 29,385 29,439 4,353 4,432 4,498 World Total อินโดนีเซีย 139 152 147 2,886 3,204 3,157 20,765 21,105 21,446 Indonesia ฟิลิปปินส์ 419 423 432 2,860 2,914 2,944 6,818 6,886 6,813 Philippines คอสตาริกา 250 250 250 2,938 2,619 2,938 11,753 10,475 11,751 Costa Rica จีน 471 478 489 2,289 2,386 2,469 4,861 4,996 5,049 China บราซิล 398 402 400 2,323 2,357 2,387 5,844 5,865 5,974 Brazil อินเดีย 663 675 675 1,799 1,851 1,828 2,715 2,742 2,708 India ไนจีเรีย 1,239 1,224 1,230 1,605 1,610 1,616 3,737 3,811 3,835 Nigeria เม็กซิโก 160 160 162 1,272 1,251 1,273 7,971 7,813 7,843 Mexico ไทย1/ 459 447 338 1,751 1,714 1,249 3,811 3,835 3,691 Thailand1/ โคลัมเบีย"
/content/drive/MyDrive/PROJECT-RAG SMARTPLANPLANTING/Data/คู่มือเกษตร/สถิติการเกษตรของประเทศไทย ปี 2567.pdf,106,"และผลผลิตต่อไร่ ของประเทศผู้ผลิตที่สำาคัญ 10 อันดับแรก ปี 2566 Figure 4.1 Pineapple: Harvested area, production and yield of top 10 major countries, 2023"
/content/drive/MyDrive/PROJECT-RAG SMARTPLANPLANTING/Data/คู่มือเกษตร/สถิติการเกษตรของประเทศไทย ปี 2567.pdf,110,"สถิติการเกษตรของประเทศไทย Agricultural Statistics of Thailand 82 ปี เนื้อที่ยืนต้น (1,000 ไร่) Planted area (1,000 rais) เนื้อที่ให้ผล (1,000 ไร่) Harvested area (1,000 rais) ผลผลิต (1,000 ตัน) Production (1,000 tons) ผลผลิตต่อไร่ (กก./ไร่) Yield (kg/rai) ราคา ที่เกษตรกรขายได้ (บาท/กก.) Farm gate price (Baht/kg) มูลค่าของผลผลิต (ล้านบาท) Value of production (Million Baht) Year 2558 1,524 1,363 1,032 758 28.57 29,491 2015 2559 1,572 1,409 878 623 33.24 29,199 2016 2560 1,578 1,452 1,201 827 22.85 27,438 2017 2561 1,616 1,512 1,247 824 26.72 33,307 2018 2562 1,686 1,537 1,176 765 26.31 30,951 2019 2563 1,737 1,584 1,183 747 22.28 26,349 2020 2564 1,749 1,650 1,567 950 21.65 33,927 2021 2565 1,739 1,693 1,555 919 20.00 31,107 2022 2566 1,696 1,666 1,415 849 30.83 43,624 2023 2567 1,663P 1,645P 1,420P 864P 27.94 39,675 2024 ลำาไย: Longan ตารางที่ 4.4 ลำาไย: เนื้อที่ ผลผลิต ผลผลิตต่อไร่ ราคาที่เกษตรกรขายได้ และมูลค่าของผลผลิต ปี 2558-2567 Table 4.4 Longan: Area, production, yield, farm gate"
/content/drive/MyDrive/PROJECT-RAG SMARTPLANPLANTING/Data/คู่มือเกษตร/สถิติการเกษตรของประเทศไทย ปี 2567.pdf,110,"และมูลค่าของผลผลิต ปี 2558-2567 Table 4.4 Longan: Area, production, yield, farm gate price and value of production, 2015-2024 รูปที่ 4.4 ลำา ไย: เนื้อที่ ผลผลิต ผลผลิตต่อไร่ และราคาที่เกษตรกรขายได้ ปี 2558-2567 Figure 4.4 Longan: Area, production, yield and farm gate price, 2015-2024"
/content/drive/MyDrive/PROJECT-RAG SMARTPLANPLANTING/Data/คู่มือเกษตร/สถิติการเกษตรของประเทศไทย ปี 2567.pdf,111,"สถิติการเกษตรของประเทศไทย Agricultural Statistics of Thailand 83 ภาค/จังหวัด เนื้อที่ยืนต้น (ไร่)Planted area (rai) เนื้อที่ให้ผล (ไร่)Harvested area (rai) ผลผลิต (ตัน)Production (ton) ผลผลิตต่อไร่ (กก./ไร่)Yield (kg/rai) Region/ Province2565 2022 2566 2023 2567 P 2024 2565 2022 2566 2023 2567 P 2024 2565 2022 2566 2023 2567 P 2024 2565 2022 2566 2023 2567 P 2024 รวมทั้งประเทศ1,738,506 1,695,563 1,662,993 1,693,261 1,666,364 1,644,559 1,555,360 1,414,874 1,420,292 919 849 864 Whole Kingdom เหนือ 1,310,823 1,290,701 1,272,059 1,268,641 1,264,226 1,256,112 1,038,364 965,395 962,827 818 764 767 Northern ตะวันออกเฉียงเหนือ32,855 32,756 31,131 31,647 31,749 30,257 20,591 15,596 13,333 651 491 441 Northeastern กลาง 394,400 371,729 359,445 392,616 370,070 357,915 496,205 433,687 443,992 1,264 1,172 1,240 Central ใต้ 428 377 358 357 319 275 199 196 140 559 614 509 Southern เชียงราย 245,311 238,128 230,799 242,598 238,074 230,749 109,796 85,264 64,419 453 358 279 Chiang Rai พะเยา 96,504 94,311"
/content/drive/MyDrive/PROJECT-RAG SMARTPLANPLANTING/Data/คู่มือเกษตร/สถิติการเกษตรของประเทศไทย ปี 2567.pdf,111,"393 390 409 371 238 268 188 611 655 507 Saraburi ลำาไย: Longan ตารางที่ 4.5 ลำาไย: เนื้อที่ ผลผลิต และผลผลิตต่อไร่ เป็นรายภาค และรายจังหวัด ปี 2565-2567 Table 4.5 Longan: Area, production and yield by region and province, 2022-2024"
/content/drive/MyDrive/PROJECT-RAG SMARTPLANPLANTING/Data/คู่มือเกษตร/สถิติการเกษตรของประเทศไทย ปี 2567.pdf,112,"สถิติการเกษตรของประเทศไทย Agricultural Statistics of Thailand 84 ภาค/จังหวัด เนื้อที่ยืนต้น (ไร่)Planted area (rai) เนื้อที่ให้ผล (ไร่)Harvested area (rai) ผลผลิต (ตัน)Production (ton) ผลผลิตต่อไร่ (กก./ไร่)Yield (kg/rai) Region/ Province2565 2022 2566 2023 2567 P 2024 2565 2022 2566 2023 2567 P 2024 2565 2022 2566 2023 2567 P 2024 2565 2022 2566 2023 2567 P 2024 ลพบุรี 390 401 397 375 364 367 113 125 69 302 343 188 Lop Buri สุพรรณบุรี 423 406 384 392 378 334 281 284 159 717 751 476 Suphanburi ปทุมธานี 417 423 299 409 411 292 383 340 204 937 827 699 Pathum Thani ปราจีนบุรี 2,046 1,896 1,667 2,007 1,894 1,667 2,436 2,015 1,943 1,214 1,064 1,166 Prachin Buri ฉะเชิงเทรา3,512 3,067 2,910 3,512 3,067 2,910 2,824 2,174 2,097 804 709 721 Chachoengsao สระแก้ว 80,999 78,224 77,801 80,221 78,134 77,780 83,616 67,640 74,628 1,042 866 959 Sa Kaeo จันทบุรี 285,699 267,588 258,262 285,489 266,637 257,374 386,819 342,309 349,071 1,355 1,284 1,356 Chanthaburi ตราด 1,676 1,179 488 1,675 1,178 488 1,112"
/content/drive/MyDrive/PROJECT-RAG SMARTPLANPLANTING/Data/คู่มือเกษตร/สถิติการเกษตรของประเทศไทย ปี 2567.pdf,112,"386,819 342,309 349,071 1,355 1,284 1,356 Chanthaburi ตราด 1,676 1,179 488 1,675 1,178 488 1,112 572 282 664 486 578 Trat ระยอง 2,218 1,711 1,552 2,218 1,711 1,552 1,327 1,441 1,060 598 842 683 Rayong ชลบุรี 1,522 1,506 1,358 1,518 1,506 1,356 1,154 1,212 761 760 805 561 Chon Buri สมุทรสาคร 4,647 4,637 4,494 4,457 4,621 4,494 6,219 6,168 5,609 1,395 1,335 1,248 Samut Sakhon นครปฐม 3,251 3,230 2,865 3,183 3,181 2,744 4,029 3,884 3,265 1,266 1,221 1,190 Nakhon Pathom กาญจนบุรี 1,356 1,324 1,294 1,229 1,189 1,205 1,056 1,002 965 859 843 801 Kanchanaburi ราชบุรี 4,726 4,620 4,420 4,578 4,425 4,227 4,074 3,775 3,338 890 853 790 Ratchaburi เพชรบุรี 686 687 644 611 589 564 394 377 287 645 640 509 Phetchaburi ประจวบคีรีขันธ์ 205 204 103 189 189 86 54 19 11 284 101 128 Prachuap Khiri Khan สงขลา 176 176 167 168 168 159 149 156 103 888 929 648 Songkhla อื่น ๆ 1/ 594 545 436 483 474 343 182 160 118 377 339 343 Others 1/ ตารางที่ 4.5 ลำาไย: เนื้อที่ ผลผลิต และผลผลิตต่อไร่ เป็นรายภาค และรายจังหวัด"
/content/drive/MyDrive/PROJECT-RAG SMARTPLANPLANTING/Data/คู่มือเกษตร/สถิติการเกษตรของประเทศไทย ปี 2567.pdf,112,"377 339 343 Others 1/ ตารางที่ 4.5 ลำาไย: เนื้อที่ ผลผลิต และผลผลิตต่อไร่ เป็นรายภาค และรายจังหวัด ปี 2565-2567 (ต่อ) Table 4.5 Longan: Area, production and yield by region and province, 2022-2024 (Continued) รูปที่ 4.5 ลำา ไย: เนื้อที่ให้ผล ผลผลิต และผลผลิตต่อไร่ เป็นรายภาค ปี 2567 Figure 4.5 Longan: Harvested area, production and yield by region, 2024 ลำาไย: Longan หมายเหตุ: 1/ อื่น ๆ ได้แก่ จังหวัดนครพนม ร้อยเอ็ด พระนครศรีอยุธยา นนทบุรี กรุงเทพฯ นครนายก ชุมพร ระนอง สุราษฎร์ธานี พังงา ภูเก็ต กระบี่ ตรัง นครศรีธรรมราช พัทลุง สตูล ปัตตานี ยะลา และนราธิวาส Remark: 1/ The others are Nakhon Phanom, Roi Et, Ayutthaya, Nonthaburi, Bangkok, Nakhon Nayok, Chumphon, Ranong, Surat Thani, Phang Nga, Phuket, Krabi, Trang, Nakhon Si Thammarat, Phatthalung, Satun, Pattani, Yala and Narathiwat"
/content/drive/MyDrive/PROJECT-RAG SMARTPLANPLANTING/Data/คู่มือเกษตร/สถิติการเกษตรของประเทศไทย ปี 2567.pdf,117,"สถิติการเกษตรของประเทศไทย Agricultural Statistics of Thailand 89 ภาค/จังหวัด เนื้อที่ยืนต้น (ไร่) Plantedarea (rai) เนื้อที่ให้ผล (ไร่) Harvestedarea (rai) ผลผลิต (ตัน) Production (ton) ผลผลิตต่อไร่ (กก./ไร่) Yield (kg/rai) Region/ Province2565 2022 2566P 2023 2567P 2024 2565 2022 2566P 2023 2567P 2024 2565 2022 2566P 2023 2567P 2024 2565 2022 2566P 2023 2567P 2024 รวมทั้งประเทศ1,434,974 1,580,925 1,745,401 982,920 1,059,758 1,138,475 1,338,257 1,481,799 1,287,047 1,362 1,398 1,131 Whole Kingdom เหนือ 94,314 101,520 111,251 67,477 71,587 76,352 48,347 52,841 52,389 717 738 686 Northern ตะวันออกเฉียงเหนือ45,615 56,732 65,672 15,421 22,923 28,370 13,393 19,792 22,404 869 863 790 Northeastern กลาง 617,769 696,147 753,897 390,848 418,015 455,249 827,822 796,743 681,997 2,118 1,906 1,498 Central ใต้ 677,276 726,526 814,581 509,174 547,233 578,504 448,695 612,423 530,258 881 1,119 917 Southern เชียงราย 1,868 2,528 3,289 465 876 1,176 102 213 280 219 243 238 Chiang Rai พะเยา 292 365 1,179 23"
/content/drive/MyDrive/PROJECT-RAG SMARTPLANPLANTING/Data/คู่มือเกษตร/สถิติการเกษตรของประเทศไทย ปี 2567.pdf,118,"สถิติการเกษตรของประเทศไทย Agricultural Statistics of Thailand 90 ภาค/จังหวัด เนื้อที่ยืนต้น (ไร่) Plantedarea (rai) เนื้อที่ให้ผล (ไร่) Harvestedarea (rai) ผลผลิต (ตัน) Production (ton) ผลผลิตต่อไร่ (กก./ไร่) Yield (kg/rai) Region/ Province2565 2022 2566P 2023 2567P 2024 2565 2022 2566P 2023 2567P 2024 2565 2022 2566P 2023 2567P 2024 2565 2022 2566P 2023 2567P 2024 ชลบุรี 1,537 1,989 2,589 398 471 633 544 417 410 1,367 885 648 Chon Buri กาญจนบุรี 5,224 6,020 8,519 2,680 3,104 3,342 1,777 1,248 1,206 663 402 361 Kanchanaburi ราชบุรี 3,832 4,739 5,281 1,126 1,465 1,654 761 670 667 676 457 403 Ratchaburi เพชรบุรี 6,739 7,249 7,348 3,693 4,527 5,039 2,589 2,482 2,528 701 548 502 Phetchaburi ประจวบคีรีขันธ์ 17,161 17,931 18,442 10,523 12,962 13,344 11,935 11,435 7,544 1,134 882 565 Prachuap Khiri Khan ชุมพร 260,768 279,254 327,793 216,141 221,768 228,672 261,232 271,470 226,574 1,209 1,224 991 Chumphon ระนอง 45,891 46,190 46,776 33,767 37,287 42,416 28,667 35,636 38,353 849 956 904 Ranong"
/content/drive/MyDrive/PROJECT-RAG SMARTPLANPLANTING/Data/คู่มือเกษตร/สถิติการเกษตรของประเทศไทย ปี 2567.pdf,120,"สถิติการเกษตรของประเทศไทย Agricultural Statistics of Thailand 92 ภาค/จังหวัด เนื้อที่ยืนต้น (ไร่) Planted area (rai) เนื้อที่ให้ผล (ไร่) Harvested area (rai) ผลผลิต (ตัน) Production (ton) ผลผลิตต่อไร่ (กก./ไร่) Yield (kg/rai) Region/ Province2565 2022 2566 2023 2567 P 2024 2565 2022 2566 2023 2567 P 2024 2565 2022 2566 2023 2567 P 2024 2565 2022 2566 2023 2567 P 2024 รวมทั้งประเทศ435,502 420,608 411,364 418,406 406,480 399,020 252,006 271,004 301,649 602 667 756 Whole Kingdom เหนือ 505 495 369 404 394 276 67 103 50 166 261 181 Northern กลาง 193,747 183,705 177,196 188,723 178,608 171,813 224,010 122,542 182,294 1,187 686 1,061 Central ใต้ 241,250 236,408 233,799 229,279 227,478 226,931 27,929 148,359 119,305 122 652 526 Southern เชียงราย 505 495 369 404 394 276 67 103 50 167 261 181 Chiang Rai สระบุรี 316 369 369 85 85 111 26 30 37 304 353 333 Saraburi สุพรรณบุรี 24 17 15 16 9 9 3 1 0 190 56 48 Suphanburi นนทบุรี 293 281 281 124 157 164 13 16 6 107 102 34 Nonthaburi นครนายก 673 673 718"
/content/drive/MyDrive/PROJECT-RAG SMARTPLANPLANTING/Data/คู่มือเกษตร/สถิติการเกษตรของประเทศไทย ปี 2567.pdf,125,"สถิติการเกษตรของประเทศไทย Agricultural Statistics of Thailand 97 ภาค/จังหวัด เนื้อที่ยืนต้น (ไร่) Planted area (rai) เนื้อที่ให้ผล (ไร่) Harvested area (rai) ผลผลิต (ตัน) Production (ton) ผลผลิตต่อไร่ (กก./ไร่) Yield (kg/rai) Region/ Province2565 2022 2566 2023 2567 P 2024 2565 2022 2566 2023 2567 P 2024 2565 2022 2566 2023 2567 P 2024 2565 2022 2566 2023 2567 P 2024 รวมทั้งประเทศ198,169 168,433 158,182 193,350 161,991 152,354 42,264 63,645 47,275 219 393 310 Whole Kingdom เหนือ 39,984 42,867 41,986 37,467 37,657 37,015 20,774 22,308 16,877 554 592 456 Northern กลาง 33,815 15,385 14,157 33,119 14,727 13,624 19,430 7,520 7,663 587 511 562 Central ใต้ 124,370 110,181 102,039 122,764 109,607 101,715 2,060 33,817 22,735 17 309 224 Southern เชียงราย 1,225 1,225 1,172 1,209 1,209 1,157 263 331 270 218 274 233 Chiang Rai สุโขทัย 9,775 9,775 9,618 8,626 8,891 8,744 6,633 6,233 4,897 769 701 560 Sukhothai แพร่ 1,463 1,464 1,384 1,365 1,365 1,367 561 569 383 411 417 280 Phrae อุตรดิตถ์ 27,521"
/content/drive/MyDrive/PROJECT-RAG SMARTPLANPLANTING/Data/คู่มือเกษตร/สถิติการเกษตรของประเทศไทย ปี 2567.pdf,127,"สถิติการเกษตรของประเทศไทย Agricultural Statistics of Thailand 99 ประเทศ เนื้อที่ให้ผล (1,000 ไร่) Harvested area (1,000 rais) ผลผลิต (1,000 ตัน) Production (1,000 tons) ผลผลิตต่อไร่ (กก./ไร่) Yield (kg/rai) Countries 2564 2021 2565 2022 2566 2023 2564 2021 2565 2022 2566 2023 2564 2021 2565 2022 2566 2023 รวมทั้งโลก24,032 24,778 24,526 50,506 51,990 52,557 2,102 2,098 2,143 World Total จีน 14,502 15,471 15,229 25,157 27,153 27,059 1,735 1,755 1,777 China อินเดีย 2,981 2,838 2,875 6,219 6,303 6,178 2,086 2,221 2,149 India ตุรกี 380 424 433 1,819 1,865 2,953 4,793 4,398 6,821 Turkiye ปากีสถาน 1,081 969 906 2,340 2,088 1,962 2,165 2,155 2,165 Pakistan สเปน 640 610 607 2,010 1,800 1,862 3,140 2,954 3,070 Spain อียิปต์ 315 336 334 1,104 1,175 1,186 3,500 3,493 3,555 Egypt บราซิล 346 353 346 1,085 1,087 1,052 3,133 3,083 3,040 Brazil สหรัฐอเมริกา 189 190 192 1,083 668 881 5,725 3,510 4,583 USA อิตาลี 214 217 222 826 801 837 3,862 3,693 3,778 Italy โมร็อกโก 402 396 364 1,248 1,361 819 3,102"
/content/drive/MyDrive/PROJECT-RAG SMARTPLANPLANTING/Data/คู่มือเกษตร/สถิติการเกษตรของประเทศไทย ปี 2567.pdf,127,"อิตาลี 214 217 222 826 801 837 3,862 3,693 3,778 Italy โมร็อกโก 402 396 364 1,248 1,361 819 3,102 3,440 2,253 Morocco ไทย 1/ 112 118 126 259 288 283 2,322 2,440 2,248 Thailand 1/ อื่น ๆ 2,870 2,858 2,893 7,355 7,400 7,485 2,563 2,589 2,587 Others ตารางที่ 4.16 ส้มเขียวหวาน: เนื้อที่ให้ผล ผลผลิต และผลผลิตต่อไร่ ของประเทศผู้ผลิตที่สำาคัญ 10 อันดับแรก ปี 2564-2566 Table 4.16 Tangerine: Harvested area, production and yield of top 10 major countries, 2021-2023 ที่มา: องค์การอาหารและเกษตรแห่งสหประชาชาติ หมายเหตุ: 1/ ข้อมูลประเทศไทยปรับปรุงโดย สำานักงานเศรษฐกิจการเกษตร อันดับเรียงตามผลผลิต ประเทศไทยอยู่ลำาดับที่ 21 ข้อมูล ณ 8 ม.ค. 2568 Source: Food and Agriculture Organization of the United Nations Remark: 1/ Thailand information was updated by Office of Agricultural Economics. Sorted by production Thailand ranked 21st Data as of 8 Jan 2025 รูปที่ 4.16 ส้มเขียวหวาน: เนื้อที่ให้ผล ผลผลิต และผลผลิตต่อไร่ ของประเทศผู้ผลิตที่สำาคัญ 10 อันดับแรก ปี 2566 Figure 4.16 Tangerine: Harvested area,"
/content/drive/MyDrive/PROJECT-RAG SMARTPLANPLANTING/Data/คู่มือเกษตร/สถิติการเกษตรของประเทศไทย ปี 2567.pdf,128,"สถิติการเกษตรของประเทศไทย Agricultural Statistics of Thailand 100 ปี เนื้อที่ยืนต้น (1,000 ไร่) Planted area (1,000 rais) เนื้อที่ให้ผล (1,000 ไร่) Harvested area (1,000 rais) ผลผลิต (1,000 ตัน) Production (1,000 tons) ผลผลิตต่อไร่ (กก./ไร่) Yield (kg/rai) ราคา ที่เกษตรกรขายได้ (บาท/กก.) Farm gate price (Baht/kg) มูลค่าของผลผลิต (ล้านบาท) Value of production (Million Baht) Year 2558 89 83 152 1,831 39.92 6,067 2015 2559 100 84 159 1,878 46.67 7,420 2016 2560 105 88 178 2,020 34.24 6,095 2017 2561 108 99 205 2,070 18.38 3,768 2018 2562 114 104 228 2,196 28.44 6,484 2019 2563 120 106 221 2,084 25.30 5,592 2020 2564 128 112 259 2,322 23.37 6,053 2021 2565 131 118 288 2,440 22.83 6,575 2022 2566 130 126 283 2,248 26.52 7,505 2023 2567 128f 125f 277f 2,218f 23.87 6,603 2024 ตารางที่ 4.17 ส้มเขียวหวาน: เนื้อที่ ผลผลิต ผลผลิตต่อไร่ ราคาที่เกษตรกรขายได้ และมูลค่าของผลผลิต ปี 2558-2567 Table 4.17 Tangerine: Area, production, yield, farm gate price and value of production, 2015-2024 รูปที่ 4.17"
/content/drive/MyDrive/PROJECT-RAG SMARTPLANPLANTING/Data/คู่มือเกษตร/สถิติการเกษตรของประเทศไทย ปี 2567.pdf,128,"Tangerine: Area, production, yield, farm gate price and value of production, 2015-2024 รูปที่ 4.17 ส้มเขียวหวาน: เนื้อที่ ผลผลิต ผลผลิตต่อไร่ และราคาที่เกษตรกรขายได้ ปี 2558-2567 Figure 4.17 Tangerine: Area, production, yield and farm gate price, 2015-2024 ส้มเขียวหวาน: Tangerine"
/content/drive/MyDrive/PROJECT-RAG SMARTPLANPLANTING/Data/คู่มือเกษตร/สถิติการเกษตรของประเทศไทย ปี 2567.pdf,132,"สถิติการเกษตรของประเทศไทย Agricultural Statistics of Thailand 104 ประเทศ เนื้อที่ให้ผล (1,000 ไร่) Harvested area (1,000 rais) ผลผลิต (1,000 ตัน) Production (1,000 tons) ผลผลิตต่อไร่ (กก./ไร่) Yield (kg/rai) Countries2564 2021 2565 2022 2566 2023 2564 2021 2565 2022 2566 2023 2564 2021 2565 2022 2566 2023 รวมทั้งโลก 74,372 76,052 74,287 11,173 10,456 10,615 150 137 143 World Total บราซิล 11,865 11,453 11,703 3,706 2,986 3,173 312 261 271 Brazil เวียดนาม 3,985 4,082 4,100 1,763 1,845 1,954 442 452 477 Vietnam อินโดนีเซีย 7,815 7,997 8,036 762 786 795 98 98 99 Indonesia โคลัมเบีย 5,280 5,251 5,265 833 560 665 158 107 126 Colombia เอธิโอเปีย 5,354 4,965 4,637 585 546 496 109 110 107 Ethiopia ฮอนดูรัส 4,068 4,726 4,545 360 414 394 88 88 87 Honduras ยูกันดา 2,693 2,686 2,649 353 364 353 131 136 133 Uganda เปรู 2,614 2,643 2,738 298 334 339 114 126 124 Peru อินเดีย 1,923 2,081 1,615 365 401 315 190 193 195 India แอฟริกากลาง 3,776 4,121 4,149 243 262 262 64 64 63 Central African Republic ไทย"
/content/drive/MyDrive/PROJECT-RAG SMARTPLANPLANTING/Data/คู่มือเกษตร/สถิติการเกษตรของประเทศไทย ปี 2567.pdf,136,"สถิติการเกษตรของประเทศไทย Agricultural Statistics of Thailand 108 ภาค/จังหวัด เนื้อที่ยืนต้น (ไร่) Planted area (rai) เนื้อที่ให้ผล (ไร่) Harvested area (rai) ผลผลิต (ตัน) Production (ton) ผลผลิตต่อไร่ (กก./ไร่) Yield (kg/rai) Region/ Province2566 2023 2567 2024 2568f 2025 2566 2023 2567 2024 2568f 2025 2566 2023 2567 2024 2568f 2025 2566 2023 2567 2024 2568f 2025 รวมทั้งประเทศ239,241 216,517 208,749 205,447 196,026 190,900 16,690 16,623 15,651 81 85 82 Whole Kingdom เหนือ 135,415 137,628 140,720 112,509 126,326 128,835 8,655 11,285 11,276 77 89 88 Northern ตะวันออกเฉียงเหนือ4,022 4,132 4,132 3,752 3,475 3,499 193 143 169 51 41 48 Northeastern กลาง 9,937 9,418 8,559 8,403 8,005 7,539 935 784 729 111 98 97 Central ใต้ 89,867 65,339 55,338 80,783 58,220 51,027 6,907 4,411 3,477 86 76 68 Southern เชียงราย 54,506 54,892 56,504 42,962 53,284 53,467 2,644 4,736 4,650 62 89 87 Chiang Rai พะเยา 1,959 1,944 1,944 1,934 1,919 1,919 136 150 145 70 78 76 Phayao ลำาปาง 7,202 7,258 7,294 4,812 5,267"
/content/drive/MyDrive/PROJECT-RAG SMARTPLANPLANTING/Data/คู่มือเกษตร/สถิติการเกษตรของประเทศไทย ปี 2567.pdf,138,"สถิติการเกษตรของประเทศไทย Agricultural Statistics of Thailand 110 ภาค/จังหวัด เนื้อที่ยืนต้น (ไร่) Planted area (rai) เนื้อที่ให้ผล (ไร่) Harvested area (rai) ผลผลิต (ตัน) Production (ton) ผลผลิตต่อไร่ (กก./ไร่) Yield (kg/rai) Region/ Province2566 2023 2567 2024 2568 f 2025 2566 2023 2567 2024 2568 f 2025 2566 2023 2567 2024 2568 f 2025 2566 2023 2567 2024 2568 f 2025 รวมทั้งประเทศ239,241 216,517 208,749 205,447 196,026 190,900 16,690 16,623 15,651 81 85 82 Whole Kingdom พันธุ์อะราบิกา 127,348 129,778 132,812 105,918 119,076 121,449 8,106 10,690 10,682 77 90 88 Arabica พันธุ์โรบัสตา 111,893 86,739 75,937 99,529 76,950 69,451 8,584 5,933 4,969 86 77 72 Robusta เหนือ 135,415 137,628 140,720 112,509 126,326 128,835 8,655 11,285 11,276 77 89 88 Northern พันธุ์อะราบิกา 125,787 128,010 131,076 104,587 117,805 120,189 8,050 10,641 10,633 77 90 88 Arabica พันธุ์โรบัสตา 9,628 9,618 9,644 7,922 8,521 8,646 605 644 643 76 76 74 Robusta ตะวันออกเฉียงเหนือ4,022 4,132 4,132 3,752 3,475 3,499 193 143"
/content/drive/MyDrive/PROJECT-RAG SMARTPLANPLANTING/Data/คู่มือเกษตร/สถิติการเกษตรของประเทศไทย ปี 2567.pdf,139,"สถิติการเกษตรของประเทศไทย Agricultural Statistics of Thailand 111 ภาค/จังหวัด เนื้อที่ยืนต้น (ไร่) Planted area (rai) เนื้อที่ให้ผล (ไร่) Harvested area (rai) ผลผลิต (ตัน) Production (ton) ผลผลิตต่อไร่ (กก./ไร่) Yield (kg/rai) Region/ Province2566 2023 2567 2024 2568 f 2025 2566 2023 2567 2024 2568 f 2025 2566 2023 2567 2024 2568 f 2025 2566 2023 2567 2024 2568 f 2025 น่าน 12,644 12,945 13,086 12,065 12,123 12,153 759 885 916 63 73 75 Nan พันธุ์อะราบิกา 11,136 11,437 11,578 10,574 10,625 10,655 678 791 820 64 74 77 Arabica พันธุ์โรบัสตา 1,508 1,508 1,508 1,491 1,498 1,498 81 94 96 54 63 64 Robusta อุตรดิตถ์ 2,162 1,927 1,936 1,430 1,415 1,717 82 65 63 57 46 37 Uttaradit พันธุ์อะราบิกา 1,989 1,750 1,750 1,308 1,273 1,575 77 61 60 59 48 38 Arabica พันธุ์โรบัสตา 173 177 186 122 142 142 5 4 3 41 28 21 Robusta พิษณุโลก 555 559 554 385 415 394 26 25 22 68 60 56 Phitsanulok พันธุ์อะราบิกา 454 458 456 284 301 283 19 18 16 67 60 57 Arabica พันธุ์โรบัสตา 101 101 98 101 114 111 7 7 6 69 61 54"
/content/drive/MyDrive/PROJECT-RAG SMARTPLANPLANTING/Data/คู่มือเกษตร/สถิติการเกษตรของประเทศไทย ปี 2567.pdf,140,"สถิติการเกษตรของประเทศไทย Agricultural Statistics of Thailand 112 ภาค/จังหวัด เนื้อที่ยืนต้น (ไร่) Planted area (rai) เนื้อที่ให้ผล (ไร่) Harvested area (rai) ผลผลิต (ตัน) Production (ton) ผลผลิตต่อไร่ (กก./ไร่) Yield (kg/rai) Region/ Province2566 2023 2567 2024 2568 f 2025 2566 2023 2567 2024 2568 f 2025 2566 2023 2567 2024 2568 f 2025 2566 2023 2567 2024 2568 f 2025 ประจวบคีรีขันธ์ 6,663 6,334 5,937 6,021 5,795 5,424 751 627 591 125 108 109 Prachuap Khiri Khan พันธุ์โรบัสตา 6,663 6,334 5,937 6,021 5,795 5,424 751 627 591 125 108 109 Robusta ชุมพร 57,729 40,488 33,197 54,973 38,404 31,457 4,952 3,161 2,359 90 82 75 Chumphon พันธุ์โรบัสตา 57,729 40,488 33,197 54,973 38,404 31,457 4,952 3,161 2,359 90 82 75 Robusta ระนอง 22,346 15,386 12,452 18,948 12,385 11,329 1,407 740 623 74 60 55 Ranong พันธุ์โรบัสตา 22,346 15,386 12,452 18,948 12,385 11,329 1,407 740 623 74 60 55 Robusta สุราษฎร์ธานี 2,606 2,503 2,507 2,002 2,140 2,300 205 187 170 102 87 74 Surat Thani พันธุ์อะราบิกา 112 139 137"
/content/drive/MyDrive/PROJECT-RAG SMARTPLANPLANTING/Data/คู่มือเกษตร/สถิติการเกษตรของประเทศไทย ปี 2567.pdf,141,"สถิติการเกษตรของประเทศไทย Agricultural Statistics of Thailand 113 ประเทศ เนื้อที่กรีดยางได้ (1,000 ไร่) Harvested area (1,000 rais) ผลผลิต (1,000 ตัน) Production (1,000 tons) ผลผลิตต่อไร่ (กก./ไร่) Yield (kg/rai) Countries 2564 2021 2565 2022 2566 2023 2564 2021 2565 2022 2566 2023 2564 2021 2565 2022 2566 2023 รวมทั้งโลก82,533 82,472 84,853 14,686 14,606 14,757 178 177 174 World Total ไทย 1/ 21,976 22,029 22,493 4,892 4,786 4,810 223 217 214 Thailand 1/ อินโดนีเซีย 23,603 22,232 22,164 3,045 2,717 2,651 129 122 120 Indonesia โกตดิวัวร์ 4,039 4,787 5,936 1,100 1,286 1,548 272 269 261 Cote d'lvoire เวียดนาม 4,702 4,547 4,520 1,272 1,338 1,270 271 294 281 Vietnam จีน 4,663 4,498 4,575 872 862 865 187 192 189 China อินเดีย 2,117 2,354 2,343 749 843 849 354 358 362 India กัมพูชา 1,939 2,068 2,125 374 395 407 193 191 191 Cambodia ฟิลิปปินส์ 1,495 1,498 1,501 431 416 379 288 278 252 Philippines มาเลเซีย 7,107 7,101 7,674 470 377 348 66 53 45 Malaysia ลาว 906 1,163 1,337 226 288 347 249 248"
/content/drive/MyDrive/PROJECT-RAG SMARTPLANPLANTING/Data/คู่มือเกษตร/สถิติการเกษตรของประเทศไทย ปี 2567.pdf,143,"สถิติการเกษตรของประเทศไทย Agricultural Statistics of Thailand 115 ภาค/จังหวัด เนื้อที่ยืนต้น (ไร่) Planted area (rai) เนื้อที่กรีดยางได้ (ไร่) Harvested area (rai) ผลผลิต (ตัน) Production (ton) ผลผลิตต่อไร่ (กก./ไร่) Yield (kg/rai) Region/ Province2565 2022 2566 2023 2567f 2024 2565 2022 2566 2023 2567f 2024 2565 2022 2566 2023 2567f 2024 2565 2022 2566 2023 2567f 2024 รวมทั้งประเทศ24,229,386 24,043,535 23,812,785 22,029,095 22,492,541 22,470,622 4,785,779 4,810,350 4,789,042 217 214 213 Whole Kingdom เหนือ 1,551,890 1,556,312 1,558,762 1,364,197 1,416,387 1,438,843 265,841 281,965 290,109 195 199 202 Northern ตะวันออกเฉียงเหนือ6,223,867 6,229,982 6,239,892 5,884,994 6,045,004 6,106,209 1,326,919 1,368,289 1,401,577 225 226 230 Northeastern กลาง 2,421,024 2,374,277 2,325,222 2,208,704 2,194,093 2,158,038 395,426 393,127 391,198 179 179 181 Central ใต้ 14,032,605 13,882,964 13,688,909 12,571,200 12,837,057 12,767,532 2,797,593 2,766,969 2,706,158 223 216 212 Southern เชียงราย 382,958"
/content/drive/MyDrive/PROJECT-RAG SMARTPLANPLANTING/Data/คู่มือเกษตร/สถิติการเกษตรของประเทศไทย ปี 2567.pdf,144,"สถิติการเกษตรของประเทศไทย Agricultural Statistics of Thailand 116 ภาค/จังหวัด เนื้อที่ยืนต้น (ไร่) Planted area (rai) เนื้อที่กรีดยางได้ (ไร่) Harvested area (rai) ผลผลิต (ตัน) Production (ton) ผลผลิตต่อไร่ (กก./ไร่) Yield (kg/rai) Region/ Province2565 2022 2566 2023 2567f 2024 2565 2022 2566 2023 2567f 2024 2565 2022 2566 2023 2567f 2024 2565 2022 2566 2023 2567f 2024 ลพบุรี 1,768 1,617 1,567 1,128 988 1,346 134 104 131 119 105 97 Lop Buri ชัยนาท 946 845 850 726 731 744 8 15 16 12 21 22 Chai Nat สุพรรณบุรี 6,509 6,623 6,629 5,484 5,436 5,444 794 723 735 145 133 135 Suphanburi ปทุมธานี 267 267 267 243 243 243 0 0 4 0 0 17 Pathum Thani นครนายก 766 540 544 495 482 543 78 77 88 158 160 162 Nakhon Nayok ปราจีนบุรี 37,583 37,825 37,945 34,516 36,232 36,397 6,784 7,127 7,243 197 197 199 Prachin Buri ฉะเชิงเทรา 233,490 232,824 232,924 206,336 214,736 215,569 36,755 37,371 37,940 178 174 176 Chachoengsao สระแก้ว 70,150 66,538 66,038 64,218 66,221 64,236 11,797 12,727 12,462 184 192 194 Sa Kaeo"
/content/drive/MyDrive/PROJECT-RAG SMARTPLANPLANTING/Data/คู่มือเกษตร/สถิติการเกษตรของประเทศไทย ปี 2567.pdf,146,"สถิติการเกษตรของประเทศไทย Agricultural Statistics of Thailand 118 ประเทศ เนื้อที่ให้ผล (1,000 ไร่) Harvested area (1,000 rais) ผลผลิต (1,000 ตัน) Production (1,000 tons) ผลผลิตต่อไร่ (กก./ไร่) Yield (kg/rai) Countries 2564 2021 2565 2022 2566 2023 2564 2021 2565 2022 2566 2023 2564 2021 2565 2022 2566 2023 รวมทั้งโลก 4,337 4,286 4,190 868 866 855 200 202 204 World Total เวียดนาม 699 673 638 276 272 257 395 404 403 Vietnam บราซิล 237 258 256 118 129 127 498 500 496 Brazil บูร์กินาฟาโซ 534 604 582 68 77 74 127 127 127 Burkina Faso อินโดนีเซีย 1,180 1,090 1,076 83 75 70 70 69 65 Indonesia อินเดีย 835 806 792 65 65 66 78 81 83 India อิรัก 34 30 30 59 44 49 1,735 1,467 1,633 Iraq ศรีลังกา 289 301 291 42 44 45 145 146 155 Sri Lanka มาเลเซีย 48 50 54 32 38 41 667 760 759 Malaysia จีน 117 118 119 34 34 34 291 288 286 China ทาจิกิสถาน 7 7 7 21 23 23 3,121 3,318 3,440 Tajikistan ไทย 1/ 2 2 1 1 1 0.39 531 452 517 Thailand 1/ อื่น ๆ 355 347 344 69 64 69 194 184 201 Others พริกไทย: Pepper ตารางที่"
/content/drive/MyDrive/PROJECT-RAG SMARTPLANPLANTING/Data/คู่มือเกษตร/สถิติการเกษตรของประเทศไทย ปี 2567.pdf,146,"531 452 517 Thailand 1/ อื่น ๆ 355 347 344 69 64 69 194 184 201 Others พริกไทย: Pepper ตารางที่ 5.10 พริกไทย: เนื้อที่ให้ผล ผลผลิต และผลผลิตต่อไร่ ของประเทศผู้ผลิตที่สำาคัญ 10 อันดับแรก ปี 2564-2566 Table 5.10 Pepper: Harvested area, production and yield of top 10 major countries, 2021-2023 รูปที่ 5.9 พริกไทย: เนื้อที่ให้ผล ผลผลิต และผลผลิตต่อไร่ ของประเทศผู้ผลิตที่สำาคัญ 10 อันดับแรก ปี 2566 Figure 5.9 Pepper: Harvested area, production and yield of top 10 major countries, 2023 ที่มา: องค์การอาหารและการเกษตรแห่งสหประชาชาติ หมายเหตุ: 1/ ปรับปรุงโดย สำานักงานเศรษฐกิจการเกษตร อันดับเรียงตามผลผลิต ประเทศไทยอยู่ลำาดับที่ 29 ข้อมูล ณ 8 ม.ค. 2568 Source: Food and Agriculture Organization of the United Nations Remark: 1/ Thailand Information was updated by Office of Agricultural Economics Sorted by production Thailand ranked 29th Data as of 8 Jan 2025"
/content/drive/MyDrive/PROJECT-RAG SMARTPLANPLANTING/Data/คู่มือเกษตร/สถิติการเกษตรของประเทศไทย ปี 2567.pdf,147,"สถิติการเกษตรของประเทศไทย Agricultural Statistics of Thailand 119 ปี เนื้อที่ยืนต้น (ไร่) Planted area (rai) เนื้อที่ให้ผล (ไร่) Harvested area (rai) ผลผลิต (ตัน) Production (ton) ผลผลิตต่อไร่ (กก./ไร่) Yield (kg/rai) ราคา ที่เกษตรกรขายได้ (บาท/กก.) Farm gate price (Baht/kg) มูลค่าของผลผลิต (ล้านบาท) Value of production (Million Baht) Year 2558 3,259 2,752 1,405 511 335.93 472 2015 2559 3,750 3,167 1,409 445 358.73 505 2016 2560 3,993 3,716 2,536 682 239.77 608 2017 2561 4,007 3,965 2,005 506 144.68 290 2018 2562 3,880 3,835 2,219 579 94.24 209 2019 2563 2,064 2,031 1,031 508 91.34 94 2020 2564 1,964 1,947 1,034 531 134.00 139 2021 2565 1,644 1,643 742 452 150.00 111 2022 2566 761 758 392 517 227.00 89 2023 2567 582 575 261 454 250.00 65 2024 พริกไทย: Pepper ตารางที่ 5.11 พริกไทย: เนื้อที่ ผลผลิต ผลผลิตต่อไร่ ราคาที่เกษตรกรขายได้ และมูลค่าของผลผลิต ปี 2558-2567 Table 5.11 Pepper: Area, production, yield, farm gate price and value of production, 2015-2024 รูปที่ 5.10 พริกไทย: เนื้อที่"
/content/drive/MyDrive/PROJECT-RAG SMARTPLANPLANTING/Data/คู่มือเกษตร/สถิติการเกษตรของประเทศไทย ปี 2567.pdf,147,"production, yield, farm gate price and value of production, 2015-2024 รูปที่ 5.10 พริกไทย: เนื้อที่ ผลผลิต ผลผลิตต่อไร่ และราคาที่เกษตรกรขายได้ ปี 2558-2567 Figure 5.10 Pepper: Area, production, yield and farm gate price, 2015-2024"
/content/drive/MyDrive/PROJECT-RAG SMARTPLANPLANTING/Data/คู่มือเกษตร/สถิติการเกษตรของประเทศไทย ปี 2567.pdf,148,"สถิติการเกษตรของประเทศไทย Agricultural Statistics of Thailand 120 ภาค/จังหวัด เนื้อที่ยืนต้น (ไร่) Planted area (rai) เนื้อที่ให้ผล (ไร่) Harvested area (rai) ผลผลิต (ตัน) Production (ton) ผลผลิตต่อไร่ (กก./ไร่) Yield (kg/rai) Region/ Province2565 2022 2566 2023 2567 2024 2565 2022 2566 2023 2567 2024 2565 2022 2566 2023 2567 2024 2565 2022 2566 2023 2567 2024 รวมทั้งประเทศ 1,644 761 582 1,643 758 575 742 392 261 452 517 454 Whole Kingdom กลาง 1,644 761 582 1,643 758 575 742 392 261 452 517 454 Central จันทบุรี 1,536 730 559 1,535 727 553 692 376 252 451 517 456 Chanthaburi ตราด 76 17 13 76 17 12 40 10 6 526 574 505 Trat ระยอง 32 14 10 32 14 10 10 6 3 313 457 337 Rayong พริกไทย: Pepper ตารางที่ 5.12 พริกไทย: เนื้อที่ ผลผลิต และผลผลิตต่อไร่ เป็นรายจังหวัด ปี 2565-2567 Table 5.12 Pepper: Area, production and yield by province, 2022-2024"
/content/drive/MyDrive/PROJECT-RAG SMARTPLANPLANTING/Data/คู่มือเกษตร/สถิติการเกษตรของประเทศไทย ปี 2567.pdf,150,"สถิติการเกษตรของประเทศไทย Agricultural Statistics of Thailand 122 ปี เนื้อที่เก็บเกี่ยว (ไร่) Harvested area (rai) ผลผลิต (ตัน) Production (ton) ผลผลิตต่อไร่ (กก./ไร่) Yield (kg/rai) ราคา ที่เกษตรกรขายได้ (บาท/กก.) Farm gate price (Baht/kg) มูลค่าของผลผลิต (ล้านบาท) Value of Production (Million Baht) Year 2558 22,315 50,084 2,244 66.33 3,322 2015 2559 21,760 47,226 2,170 76.23 3,600 2016 2560 21,334 46,015 2,157 64.35 2,961 2017 2561 21,631 48,147 2,226 60.39 2,908 2018 2562 21,521 48,794 2,267 66.00 3,220 2019 2563 20,674 38,805 1,877 39.60 1,537 2020 2564 18,996 33,729 1,776 37.29 1,258 2021 2565 17,981 35,513 1,975 102.30 3,633 2022 2566 16,717 34,558 2,067 104.61 3,615 2023 2567 15,740 32,984 2,096 47.52 1,567 2024 กล้วยไม้ตัดดอก: Orchid (Cut Flower) ตารางที่ 6.1 กล้วยไม้ตัดดอก: เนื้อที่เก็บเกี่ยว ผลผลิต ผลผลิตต่อไร่ ราคาที่เกษตรกรขายได้ และมูลค่าของผลผลิต ปี 2558-2567 Table 6.1 Orchid (Cut Flower): Harvested area, production, yield, farm gate price and value of production,"
/content/drive/MyDrive/PROJECT-RAG SMARTPLANPLANTING/Data/คู่มือเกษตร/สถิติการเกษตรของประเทศไทย ปี 2567.pdf,150,"Orchid (Cut Flower): Harvested area, production, yield, farm gate price and value of production, 2015-2024 รูปที่ 6.1 กล้วยไม้ตัดดอก: เนื้อที่เก็บเกี่ยว ผลผลิต ผลผลิตต่อไร่ และราคาที่เกษตรกรขายได้ ปี 2558-2567 Figure 6.1 Orchid (Cut Flower): Harvested area, production, yield and farm gate price, 2015-2024"
/content/drive/MyDrive/PROJECT-RAG SMARTPLANPLANTING/Data/คู่มือเกษตร/สถิติการเกษตรของประเทศไทย ปี 2567.pdf,151,"สถิติการเกษตรของประเทศไทย Agricultural Statistics of Thailand 123 กล้วยไม้ตัดดอก: Orchid (Cut Flower) ภาค/จังหวัด เนื้อที่เก็บเกี่ยว (ไร่) Harvested area (rai) ผลผลิต (ตัน) Production (ton) ผลผลิตต่อไร่ (กก./ไร่) Yield (kg/rai) Region/ Province2565 2022 2566 2023 2567 2024 2565 2022 2566 2023 2567 2024 2565 2022 2566 2023 2567 2024 รวมทั้งประเทศ17,981 16,717 15,740 35,513 34,558 32,984 1,975 2,067 2,096 Whole Kingdom ตะวันออกเฉียงเหนือ105 51 61 205 98 126 1,952 1,922 2,066 Northeastern กลาง 17,876 16,666 15,679 35,308 34,460 32,858 1,975 2,068 2,096 Central สุพรรณบุรี 228 183 186 295 259 256 1,294 1,415 1,376 Suphanburi พระนครศรีอยุธยา 580 537 442 912 786 743 1,572 1,464 1,681 Ayutthaya นนทบุรี 777 710 576 1,512 1,522 1,251 1,946 2,144 2,172 Nonthaburi กรุงเทพมหานคร 1,713 1,272 1,155 3,224 2,423 2,115 1,882 1,905 1,831 Bangkok ปทุมธานี 91 81 112 168 159 213 1,846 1,963 1,902 Pathum Thani สมุทรสาคร 4,479 4,170 4,103 9,598 9,187 9,150 2,143 2,203 2,230 Samut Sakhon นครปฐม 7,458 7,863"
/content/drive/MyDrive/PROJECT-RAG SMARTPLANPLANTING/Data/คู่มือเกษตร/สถิติการเกษตรของประเทศไทย ปี 2567.pdf,151,"สมุทรสาคร 4,479 4,170 4,103 9,598 9,187 9,150 2,143 2,203 2,230 Samut Sakhon นครปฐม 7,458 7,863 7,655 15,058 16,709 16,405 2,019 2,125 2,143 Nakhon Pathom กาญจนบุรี 1,059 925 832 1,995 1,784 1,687 1,884 1,929 2,028 Kanchanaburi ราชบุรี 1,356 802 539 2,301 1,402 908 1,697 1,748 1,685 Ratchaburi อื่น ๆ 1/ 240 174 140 450 328 256 1,874 1,884 1,830 Others 1/ ตารางที่ 6.2 กล้วยไม้ตัดดอก: เนื้อที่เก็บเกี่ยว ผลผลิต และผลผลิตต่อไร่ เป็นรายภาค และรายจังหวัด ปี 2565-2567 Table 6.2 Orchid (Cut Flower): Harvested area, production and yield by region and province, 2022-2024 หมายเหตุ: 1/ อื่น ๆ ได้แก่ จังหวัดสกลนคร นครราชสีมา สระบุรี นครนายก ชลบุรี และเพชรบุรี Remark: 1/ The others are Sakon Nakhon, Nakhon Ratchasima, Saraburi, Nakhon Nayok, Chonburi and Phetchaburi"
/content/drive/MyDrive/PROJECT-RAG SMARTPLANPLANTING/Data/คู่มือเกษตร/สถิติการเกษตรของประเทศไทย ปี 2567.pdf,152,"สถิติการเกษตรของประเทศไทย Agricultural Statistics of Thailand 124 รูปที่ 6.2 กล้วยไม้ตัดดอก: เนื้อที่เก็บเกี่ยว ผลผลิต และผลผลิตต่อไร่ เป็นรายภาค ปี 2567 Figure 6.2 Orchid (Cut Flower): Harvested area, production and yield by region, 2024 กล้วยไม้ตัดดอก: Orchid (Cut Flower)"
/content/drive/MyDrive/PROJECT-RAG SMARTPLANPLANTING/Data/คู่มือเกษตร/สถิติการเกษตรของประเทศไทย ปี 2567.pdf,179,"ปลาทูแขก 44.1 1,136.8 41.9 1,293.3 49.9 1,526.4 Round scads ปลาแข้งไก่ 26.4 1,025.4 12.2 517.9 19.2 945.8 Hardtail scad ปลาสีกุน 52.1 1,826.2 29.0 1,113.4 31.8 1,327.9 Trevallies ปลาสีกุนตาโต 25.5 1,104.9 14.2 672.8 17.6 921.2 Big-eye scad ปลาสำาลี 1.0 187.3 0.1 7.3 0.1 9.1 Black banded kingfish ปลากุเรา 3.0 298.2 3.9 423.5 3.6 391.9 Threafin ปลาหลังเขียว 55.8 960.6 78.2 1,252.7 86.4 1,417.4 Sardines ปลากะตัก 130.7 2,301.5 154.4 2,875.2 136.9 2,300.5 Anchovies ปลากระบอก 6.2 513.0 8.4 773.0 6.8 656.4 Mullet ปลาจะละเม็ดดำา 4.5 687.7 2.5 400.8 2.2 441.1 Black pomfret ปลาจะละเม็ดขาว 0.5 141.4 0.5 121.6 0.4 111.7 Silver pomfret ปลาน้ำาดอกไม้ 19.7 1,108.2 9.6 610.5 9.9 568.5 Barracudas ปลากระโทงแทงร่ม 0.1 4.3 0.1 4.0 0.3 17.6 Indo-Pacific saifish ปลากระโทงแทง 1.4 84.7 0.2 10.2 0.1 8.7 Marlin ปลาทูน่าท้องแถบ 4.0 379.7 4.3 259.0 5.5 331.7 Skipjack tuna ปลาทูน่า 0.0 0.1 0.0 0.4 0.0 2.2 Tunas รวมปลาหน้าดิน 168.3 12,130.3 151.8 12,053.6 152.4 12,010.6 Sub-Total Demersal fish ปลาจวด 11.2 421.9"
/content/drive/MyDrive/PROJECT-RAG SMARTPLANPLANTING/Data/คู่มือเกษตร/สถิติการเกษตรของประเทศไทย ปี 2567.pdf,187,ตอนที่ 10 SECTION X ภูมิอากาศ และการชลประทาน ภูมิอากาศ และการชลประทาน CLIMATE AND IRRIGATIONCLIMATE AND IRRIGATION
/content/drive/MyDrive/PROJECT-RAG SMARTPLANPLANTING/Data/คู่มือเกษตร/สถิติการเกษตรของประเทศไทย ปี 2567.pdf,188,สถิติการเกษตรของประเทศไทย Agricultural Statistics of Thailand 160 ที่มา: สำานักงานเศรษฐกิจการเกษตร โดยความร่วมมือจากกรมอุตุนิยมวิทยา Source: In cooperation between Office of Agricultural Economics and Thai Meteorological Department ปี อุณหภูมิต่ำาสุดเฉลี่ย Average minimum temperature อุณหภูมิสูงสุดเฉลี่ย Average maximum temperature Yearเฉลี่ย ทั้งประเทศ Whole Kingdom เหนือ Northern ตะวันออก เฉียงเหนือ Northeastern กลาง Central ใต้ Southern เฉลี่ย ทั้งประเทศ Whole Kingdom เหนือ Northern ตะวันออก เฉียงเหนือ Northeastern กลาง Central ใต้ Southern 2558 20.2 18.8 19.4 21.1 21.4 39.7 39.7 38.3 38.2 36.6 2015 2559 18.9 15.7 16.4 20.8 22.6 38.9 40.7 39.7 38.3 37.0 2016 2560 20.4 19.4 19.0 21.2 22.1 35.5 35.9 36.0 35.4 34.6 2017 2561 22.8 22.2 22.5 23.8 22.7 35.1 34.8 35.9 35.1 34.6 2018 2562 20.7 19.4 19.8 21.5 21.9 36.4 37.1 37.2 36.0 35.2 2019 2563 20.4 19.5 19.5 21.6 20.8 36.2 37.0 36.8 36.0 34.9 2020 2564 20.4 19.2 19.2 21.1 22.0 35.8 36.4 36.4 35.5 34.7 2021 2565 20.3 19.3 18.6 20.9 22.5
/content/drive/MyDrive/PROJECT-RAG SMARTPLANPLANTING/Data/คู่มือเกษตร/สถิติการเกษตรของประเทศไทย ปี 2567.pdf,188,"34.9 2020 2564 20.4 19.2 19.2 21.1 22.0 35.8 36.4 36.4 35.5 34.7 2021 2565 20.3 19.3 18.6 20.9 22.5 35.2 35.7 35.6 35.2 34.5 2022 2566 20.7 19.5 19.3 21.4 22.7 36.3 36.9 37.0 36.1 35.1 2023 2567 21.4 20.4 20.3 22.0 23.0 36.4 36.8 37.1 36.2 35.5 2024 หน่วย: องศาเซลเซียส Unit: Degree Celcius อุณหภูมิ: Temperature ตารางที่ 10.1 อุณหภูมิต่ำาสุดและสูงสุดเฉลี่ย เป็นรายภาค ปี 2558-2567 Table 10.1 Average minimum and maximum temperature by region, 2015-2024 รูปที่ 10.1 อุณหภูมิต่ำาสุดและสูงสุดเฉลี่ย เป็นรายภาค ปี 2558-2567 Figure 10.1 Average minimum and maximum temperature by region, 2015-2024"
/content/drive/MyDrive/PROJECT-RAG SMARTPLANPLANTING/Data/คู่มือเกษตร/สถิติการเกษตรของประเทศไทย ปี 2567.pdf,189,สถิติการเกษตรของประเทศไทย Agricultural Statistics of Thailand 161 อุณหภูมิ: Temperature ภาค/จังหวัด อุณหภูมิต่ำาสุดเฉลี่ย Average minimum temperature อุณหภูมิสูงสุดเฉลี่ย Average maximum temperature Region/ Province2565 2566 2567 2565 2566 2567 2022 2023 2024 2022 2023 2024 เฉลี่ยทั้งประเทศ20.3 20.7 21.4 35.2 36.3 36.4 Whole Kingdom เหนือ 19.3 19.5 20.4 35.7 36.9 36.8 Northern ตะวันออกเฉียงเหนือ18.6 19.3 20.3 35.6 37.0 37.1 Northeastern กลาง 20.9 21.4 22.0 35.2 36.1 36.2 Central ใต้ 22.5 22.7 23.0 34.5 35.1 35.5 Southern เชียงราย 16.9 17.9 18.5 34.4 35.8 35.5 Chiang Rai พะเยา 18.1 18.6 18.9 35.5 36.5 36.7 Phayao ลำาปาง 18.6 18.9 19.7 36.3 37.6 37.6 Lampang ลำาพูน 19.1 19.6 20.1 36.4 37.4 37.6 Lamphun เชียงใหม่ 15.3 16.8 17.5 31.3 32.2 32.3 Chiang Mai แม่ฮ่องสอน 18.2 18.7 19.5 36.3 37.0 37.0 Mae Hong Son ตาก 17.8 18.1 18.6 34.5 35.4 35.7 Tak กำาแพงเพชร 20.6 20.4 21.2 36.1 37.7 37.8 Kamphaeng Phet สุโขทัย 21.1 20.9 21.8 36.2 37.5 37.3 Sukhothai แพร่ 18.7 19.7 20.0 36.1 37.7 37.4 Phrae
/content/drive/MyDrive/PROJECT-RAG SMARTPLANPLANTING/Data/คู่มือเกษตร/สถิติการเกษตรของประเทศไทย ปี 2567.pdf,189,"Phet สุโขทัย 21.1 20.9 21.8 36.2 37.5 37.3 Sukhothai แพร่ 18.7 19.7 20.0 36.1 37.7 37.4 Phrae น่าน 17.9 18.2 19.1 35.5 37.1 36.6 Nan อุตรดิตถ์ 21.1 21.3 21.8 37.0 38.6 38.2 Uttaradit พิษณุโลก 20.3 19.8 21.5 35.9 37.1 36.7 Phitsanulok พิจิตร 21.6 21.4 22.3 35.8 36.9 36.6 Pichit นครสวรรค์ 20.7 21.1 22.1 36.3 37.6 37.7 Nakhon Sawan อุทัยธานี 21.1 20.4 22.3 37.1 37.6 37.4 Uthai Thani เพชรบูรณ์ 20.3 20.3 21.2 36.7 38.0 37.9 Phetchabun เลย 17.7 17.4 18.6 35.7 37.8 37.7 Loei หนองบัวลำาภู 18.6 19.0 20.2 35.9 37.6 37.0 Nong Bua Lam Phu อุดรธานี 19.0 19.1 20.6 36.1 37.9 37.5 Udon Thani หนองคาย 19.4 19.7 20.6 35.7 37.7 37.3 Nong Khai บึงกาฬ 18.1 18.1 19.7 35.2 37.0 36.5 Beung Kan สกลนคร 17.6 18.2 19.3 35.2 36.8 37.0 Sakon Nakhon หน่วย: องศาเซลเซียส Unit: Degree Celcius อุณหภูมิ: Temperature ตารางที่ 10.2 อุณหภูมิต่ำาสุดและสูงสุดเฉลี่ย เป็นรายจังหวัด ปี 2565-2567 Table 10.2 Average minimum and maximum temperature by province, 2022-2024"
/content/drive/MyDrive/PROJECT-RAG SMARTPLANPLANTING/Data/คู่มือเกษตร/สถิติการเกษตรของประเทศไทย ปี 2567.pdf,190,สถิติการเกษตรของประเทศไทย Agricultural Statistics of Thailand 162 หน่วย: องศาเซลเซียส Unit: Degree Celcius ภาค/จังหวัด อุณหภูมิต่ำาสุดเฉลี่ย Average minimum temperature อุณหภูมิสูงสุดเฉลี่ย Average maximum temperature Region/ Province2565 2566 2567 2565 2566 2567 2022 2023 2024 2022 2023 2024 นครพนม 17.6 17.5 18.8 35.1 36.5 36.5 Nakhon Phanom มุกดาหาร 18.7 19.7 20.3 35.9 37.5 37.3 Mukdahan ยโสธร 18.3 19.8 20.8 35.3 36.3 36.4 Yasothon อำานาจเจริญ 18.2 19.4 20.2 34.7 35.7 35.9 Amnat Chareon อุบลราชธานี 19.0 20.1 20.4 36.1 37.0 37.4 Ubon Ratchathani ศรีสะเกษ 19.5 20.5 21.1 35.6 36.7 37.2 Si Sa Ket สุรินทร์ 18.9 19.9 20.6 35.4 36.8 37.3 Surin บุรีรัมย์ 18.7 19.8 20.4 35.3 36.8 37.1 Buri Ram มหาสารคาม 19.0 19.7 20.6 36.3 37.3 37.7 Maha Sarakham ร้อยเอ็ด 18.7 19.5 20.5 36.6 36.6 36.9 Roi Et กาฬสินธุ์ 18.0 19.2 20.1 35.3 36.6 37.4 Kalasin ขอนแก่น 18.8 19.2 20.1 35.9 37.1 37.2 Khon Kaen ชัยภูมิ 19.1 20.3 21.6 35.9 37.1 37.3 Chaiyaphum นครราชสีมา 19.8 20.0 20.9 34.9 36.4 36.9 Nakhon Ratchasima
/content/drive/MyDrive/PROJECT-RAG SMARTPLANPLANTING/Data/คู่มือเกษตร/สถิติการเกษตรของประเทศไทย ปี 2567.pdf,190,19.1 20.3 21.6 35.9 37.1 37.3 Chaiyaphum นครราชสีมา 19.8 20.0 20.9 34.9 36.4 36.9 Nakhon Ratchasima ลพบุรี 20.8 21.3 22.3 36.5 37.9 37.5 Lop Buri ชัยนาท 20.8 21.2 22.5 35.7 36.7 37.0 Chai Nat สุพรรณบุรี 20.4 21.8 20.0 36.6 37.6 37.4 Suphanburi พระนครศรีอยุธยา 20.3 20.3 20.9 36.6 37.2 37.2 Ayutthaya กรุงเทพมหานคร 22.5 23.2 24.1 35.9 36.8 37.0 Bangkok ปทุมธานี 21.7 22.3 23.3 36.6 37.8 37.9 Pathum Thani นครนายก 14.2 15.4 15.2 26.8 28.3 28.6 Nakhon Nayok ปราจีนบุรี 21.2 22.0 23.0 36.0 36.8 37.1 Prachin Buri ฉะเชิงเทรา 19.6 20.9 21.6 36.3 37.2 37.4 Chachoengsao สระแก้ว 20.8 21.6 22.4 36.0 37.0 37.5 Sa Kaeo จันทบุรี 21.1 21.9 22.7 34.7 35.3 35.2 Chanthaburi ตราด 22.2 22.5 23.2 34.6 34.7 n.a. Trat ระยอง 21.4 22.6 23.1 34.3 35.1 34.9 Rayong ชลบุรี 21.4 22.4 22.8 34.7 36.1 35.6 Chon Buri สมุทรปราการ 22.3 22.6 23.0 34.1 34.9 34.8 Samut Prakan อุณหภูมิ: Temperature ตารางที่ 10.2 อุณหภูมิต่ำาสุดและสูงสุดเฉลี่ย เป็นรายจังหวัด ปี 2565-2567 (ต่อ) Table 10.2 Average minimum and maximum temperature by
/content/drive/MyDrive/PROJECT-RAG SMARTPLANPLANTING/Data/คู่มือเกษตร/สถิติการเกษตรของประเทศไทย ปี 2567.pdf,191,สถิติการเกษตรของประเทศไทย Agricultural Statistics of Thailand 163 อุณหภูมิ: Temperature ภาค/จังหวัด อุณหภูมิต่ำาสุดเฉลี่ย Average minimum temperature อุณหภูมิสูงสุดเฉลี่ย Average maximum temperature Region/ Province2565 2566 2567 2565 2566 2567 2022 2023 2024 2022 2023 2024 นครปฐม 21.1 20.9 22.0 36.0 37.3 37.0 Nakhon Pathom กาญจนบุรี 19.9 20.3 21.0 36.7 37.7 38.0 Kanchanaburi ราชบุรี 21.6 21.6 22.8 35.6 36.9 36.8 Ratchaburi สมุทรสงคราม 22.1 22.0 n.a. 35.2 35.8 35.4 Samut Songkram เพชรบุรี 21.5 21.9 21.7 34.6 35.2 35.2 Phetchaburi ประจวบคีรีขันธ์ 21.9 21.7 22.7 34.9 36.2 36.3 Prachuap Khiri Khan ชุมพร 22.2 22.2 22.9 34.6 35.4 35.7 Chumphon ระนอง 22.0 22.5 23.3 33.8 34.8 34.9 Ranong สุราษฎร์ธานี 22.1 22.4 22.9 34.8 35.6 35.9 Surat Thani พังงา 22.4 22.7 23.1 33.2 33.7 34.8 Phang Nga ภูเก็ต 23.3 23.7 24.0 34.4 35.3 35.6 Phuket กระบี่ 21.2 22.9 23.1 34.7 35.7 35.8 Krabi ตรัง 22.7 22.9 23.0 35.0 35.2 35.8 Trang นครศรีธรรมราช 22.5 22.4 22.8 34.7 35.4 35.6 Nakhon Si Thammarat พัทลุง 23.1 23.1
/content/drive/MyDrive/PROJECT-RAG SMARTPLANPLANTING/Data/คู่มือเกษตร/สถิติการเกษตรของประเทศไทย ปี 2567.pdf,191,"35.2 35.8 Trang นครศรีธรรมราช 22.5 22.4 22.8 34.7 35.4 35.6 Nakhon Si Thammarat พัทลุง 23.1 23.1 23.5 34.3 34.8 35.1 Phatthalung สงขลา 22.4 22.6 22.9 34.6 35.1 35.5 Songkhla สตูล 22.9 22.7 22.9 34.7 35.1 35.8 Satun ปัตตานี 22.7 22.9 22.6 34.6 34.9 35.4 Pattani ยะลา 22.4 22.4 22.4 35.0 35.5 36.3 Yala นราธิวาส 22.6 22.8 22.5 34.1 34.5 35.0 Narathiwat หน่วย: องศาเซลเซียส Unit: Degree Celcius อุณหภูมิ: Temperature ตารางที่ 10.2 อุณหภูมิต่ำาสุดและสูงสุดเฉลี่ย เป็นรายจังหวัด ปี 2565-2567 (ต่อ) Table 10.2 Average minimum and maximum temperature by province, 2022-2024 (Continued) ที่มา: สำานักงานเศรษฐกิจการเกษตร โดยความร่วมมือจากกรมอุตุนิยมวิทยา Source: In cooperation between Office of Agricultural Economics and Thai Meteorological Department"
/content/drive/MyDrive/PROJECT-RAG SMARTPLANPLANTING/Data/คู่มือเกษตร/สถิติการเกษตรของประเทศไทย ปี 2567.pdf,196,"สถิติการเกษตรของประเทศไทย Agricultural Statistics of Thailand 168 รายการ 2564 2021 2565 2022 2566 2023 Description โครงการชลประทานขนาดใหญ่ ขนาดกลาง ขนาดเล็ก โครงการสูบน้ำาด้วยไฟฟ้า และโครงการ แก้มลิง Large, Medium, Small Scale of Irrigation Project, Electric Water Puming Project and the Monkey Cheek Project ปริมาณเก็บกักน้ำา (ล้านลูกบาศก์เมตร) 82,960.68 83,416.15 83,631.64 Capacity (million cubic meters) พื้นที่ชลประทาน (ไร่) 34,881,022 35,231,286 35,446,862 Irrigated area (rai) ที่มา: กรมชลประทาน Source: Royal Irrigation Department หน่วย: ไร่ Unit: rai ภาค/จังหวัด 2562 2019 2563 2020 2564 2021 2565 2022 2566 2023 Region/ Province รวมทั้งประเทศ 34,588,042 34,935,041 34,881,022 35,231,286 35,446,862 Whole Kingdom เหนือ 10,183,976 10,125,506 10,161,635 10,229,092 10,256,389 Northern ตะวันออกเฉียงเหนือ 7,854,402 8,153,421 8,420,983 8,446,015 8,537,619 Northeastern กลาง 12,864,150 13,173,851 13,031,840 13,212,204 13,298,998 Central ใต้ 3,685,514 3,482,263 3,266,564 3,343,975 3,353,856"
/content/drive/MyDrive/PROJECT-RAG SMARTPLANPLANTING/Data/คู่มือเกษตร/สถิติการเกษตรของประเทศไทย ปี 2567.pdf,196,"13,031,840 13,212,204 13,298,998 Central ใต้ 3,685,514 3,482,263 3,266,564 3,343,975 3,353,856 Southern เชียงราย 679,692 663,064 658,997 659,147 660,947 Chiang Rai พะเยา 249,512 232,605 232,263 234,063 234,813 Phayao ลำาปาง 551,868 662,608 664,113 630,357 631,357 Lampang ลำาพูน 180,554 195,679 202,049 380,170 381,756 Lamphun เชียงใหม่ 1,029,718 1,030,883 1,027,092 978,017 979,987 Chiang Mai แม่ฮ่องสอน 72,106 86,859 94,144 57,241 58,151 Mae Hong Son ตาก 155,039 154,989 168,629 168,709 171,509 Tak กำาแพงเพชร 2,282,952 2,278,128 2,291,364 2,268,456 2,268,456 Kamphaeng Phet สุโขทัย 507,267 502,167 510,927 527,567 531,867 Sukhothai แพร่ 413,639 429,339 430,739 394,444 394,444 Phrae น่าน 181,188 171,414 175,878 183,727 185,978 Nan อุตรดิตถ์ 535,661 405,311 410,853 452,353 456,353 Uttaradit พิษณุโลก 1,091,103 1,055,348 1,047,130 1,054,059 1,054,189 Phitsanulok พิจิตร 763,833 769,733 760,242 772,982 772,982 Phichit นครสวรรค์ 812,656 789,740 790,440 794,740 794,740 Nakhon Sawan ชลประทาน:"
/content/drive/MyDrive/PROJECT-RAG SMARTPLANPLANTING/Data/คู่มือเกษตร/สถิติการเกษตรของประเทศไทย ปี 2567.pdf,196,"772,982 772,982 Phichit นครสวรรค์ 812,656 789,740 790,440 794,740 794,740 Nakhon Sawan ชลประทาน: Irrigation ตารางที่ 10.5 สรุปโครงการชลประทานที่สร้างเสร็จแล้วถึงสิ้นปีงบประมาณ 2564-2566 Table 10.5 Summary of Irrigation Projects completed at the end of fiscal year, 2021-2023 ตารางที่ 10.6 พื้นที่ชลประทานที่สร้างเสร็จแล้วถึงสิ้นปี เป็นรายภาค รายจังหวัด ปีงบประมาณ 2562-2566 Table 10.6 Completed irrigation area by region, province and fiscal year, 2019-2023 ชลประทาน: Irrigation"
/content/drive/MyDrive/PROJECT-RAG SMARTPLANPLANTING/Data/คู่มือเกษตร/สถิติการเกษตรของประเทศไทย ปี 2567.pdf,197,"สถิติการเกษตรของประเทศไทย Agricultural Statistics of Thailand 169 ชลประทาน: Irrigation ภาค/จังหวัด 2562 2019 2563 2020 2564 2021 2565 2022 2566 2023 Region/ Province อุทัยธานี 424,308 442,837 444,837 452,837 453,837 Uthai Thani เพชรบูรณ์ 252,880 254,802 251,938 220,223 225,023 Phetchabun เลย 48,038 68,965 74,455 86,810 87,310 Loei หนองบัวลำาภู 21,051 21,229 21,229 23,629 24,629 Nong Bua Lam Phu อุดรธานี 187,387 186,997 182,956 185,147 188,747 Udon Thani หนองคาย 99,818 101,724 102,774 112,628 112,628 Nong Khai บึงกาฬ 11,784 12,259 15,629 17,341 17,341 Beung Kan สกลนคร 547,220 461,255 450,094 433,265 440,565 Sakon Nakhon นครพนม 213,785 462,697 391,182 413,703 427,703 Nakhon Phanom มุกดาหาร 70,741 130,291 127,980 130,080 142,500 Mukdahan ยโสธร 291,941 331,562 334,281 334,281 335,481 Yasothon อำานาจเจริญ 130,658 151,888 139,931 143,481 146,081 Amnat Charoen อุบลราชธานี 567,976 669,715 726,455 732,305 751,405 Ubon Ratchathani ศรีสะเกษ 545,537 490,504 558,658 558,829 558,829 Si Sa Ket"
/content/drive/MyDrive/PROJECT-RAG SMARTPLANPLANTING/Data/คู่มือเกษตร/สถิติการเกษตรของประเทศไทย ปี 2567.pdf,197,"268,208 231,720 232,257 232,257 232,257 Ang Thong พระนครศรีอยุธยา 1,417,136 1,409,895 1,415,024 1,445,724 1,445,724 Ayutthaya นนทบุรี 382,063 382,063 347,917 347,917 347,917 Nonthaburi ปทุมธานี 581,303 601,303 593,851 571,673 571,673 Pathum Thani หน่วย: ไร่ Unit: rai ชลประทาน: Irrigation ตารางที่ 10.6 พื้นที่ชลประทานที่สร้างเสร็จแล้วถึงสิ้นปี เป็นรายภาค รายจังหวัด ปีงบประมาณ 2562-2566 (ต่อ) Table 10.6 Water resources development completed by region, province and fiscal year, 2019-2023 (Continued)"
/content/drive/MyDrive/PROJECT-RAG SMARTPLANPLANTING/Data/คู่มือเกษตร/สถิติการเกษตรของประเทศไทย ปี 2567.pdf,198,"สถิติการเกษตรของประเทศไทย Agricultural Statistics of Thailand 170 ที่มา: กรมชลประทาน หมายเหตุ: พื้นที่ชลประทาน หมายถึง พื้นที่รวมของชลประทานขนาดใหญ่ ขนาดกลาง ขนาดเล็ก โครงการสูบน้ำาด้วยไฟฟ้า และโครงการแก้มลิง Source: Royal Irrigation Department Remark: Total area covered by Large, Medium and Small Scale lrrigation Project, Electric Water Pumping Project and Monkey Cheek Project หน่วย: ไร่ Unit: rais ภาค/จังหวัด 2562 2019 2563 2020 2564 2021 2565 2022 2566 2023 Region/ Province นครนายก 409,735 439,228 459,740 481,020 481,020 Nakhon Nayok ปราจีนบุรี 667,744 673,094 466,893 466,893 466,893 Prachin Buri ฉะเชิงเทรา 764,907 760,147 1,216,227 791,469 791,469 Chachoengsao สระแก้ว 96,292 92,977 156,268 153,386 153,386 Sa Kaeo จันทบุรี 275,508 323,842 263,651 263,651 277,151 Chanthaburi ตราด 121,179 144,789 171,197 171,197 171,197 Trat ระยอง 267,375 267,375 365,423 365,423 365,423 Rayong ชลบุรี 77,120 192,692 155,228 155,228 155,228 Chon Buri สมุทรปราการ 242,000 332,569 265,535 265,535 265,535"
/content/drive/MyDrive/PROJECT-RAG SMARTPLANPLANTING/Data/คู่มือเกษตร/สถิติการเกษตรของประเทศไทย ปี 2567.pdf,198,"Si Thammarat พัทลุง 495,127 479,527 481,266 482,967 482,967 Phatthalung สงขลา 675,072 633,310 496,285 497,405 504,035 Songkhla สตูล 101,907 74,913 74,034 75,488 75,488 Satun ปัตตานี 42,010 39,710 37,010 37,410 37,410 Pattani ยะลา 416,494 417,094 420,802 420,963 421,004 Yala นราธิวาส 385,992 381,430 281,109 281,709 281,709 Narathiwat ชลประทาน: Irrigation ตารางที่ 10.6 พื้นที่ชลประทานที่สร้างเสร็จแล้วถึงสิ้นปี เป็นรายภาค รายจังหวัด ปีงบประมาณ 2562-2566 (ต่อ) Table 10.6 Water resources development completed by region, province and fiscal year, 2019-2023 (Continued)"
/content/drive/MyDrive/PROJECT-RAG SMARTPLANPLANTING/Data/คู่มือเกษตร/สถิติการเกษตรของประเทศไทย ปี 2567.pdf,199,สถิติการเกษตรของประเทศไทย Agricultural Statistics of Thailand 171 ชลประทาน: Irrigation การใช้ที่ดิน และลักษณะการถือครองที่ดิน การใช้ที่ดิน และลักษณะการถือครองที่ดิน LAND UTILIZATION AND HOLDINGLAND UTILIZATION AND HOLDING ตอนที่ 11 SECTION XI
/content/drive/MyDrive/PROJECT-RAG SMARTPLANPLANTING/Data/คู่มือเกษตร/สถิติการเกษตรของประเทศไทย ปี 2567.pdf,200,"25,077,849 2020 Northeastern เฉียงเหนือ 2564 105,533,963 15,702,388 64,551,335 25,280,240 2021 2565 105,533,963 15,695,706 64,291,805 25,546,452 2022 2566 105,533,963 15,607,830 64,291,581 25,634,552 2023 กลาง 2563 64,938,253 19,108,857 28,704,581 17,124,815 2020 Central 2564 64,938,253 26,866,873 28,300,519 9,770,861 2021 2565 64,938,253 19,103,611 27,887,087 17,947,555 2022 2566 64,938,253 19,078,950 27,886,930 17,972,373 2023 ใต้ 2563 44,196,992 11,221,975 23,872,670 9,102,347 2020 Southern 2564 44,196,992 11,218,546 23,819,738 9,158,708 2021 2565 44,196,992 11,224,485 23,763,733 9,208,774 2022 2566 44,196,992 11,232,879 23,763,730 9,200,383 2023 การใช้ที่ดิน: Land utilization ตารางที่ 11.1 การใช้ที่ดินของประเทศไทย เป็นรายภาค ปี 2563-2566 Table 11.1 Land utilization of Thailand by region, 2020-2023 หน่วย: ไร่ Unit: rai"
/content/drive/MyDrive/PROJECT-RAG SMARTPLANPLANTING/Data/คู่มือเกษตร/สถิติการเกษตรของประเทศไทย ปี 2567.pdf,201,"556,926 Lamphun เชียงใหม่ 12,566,911 9,447,737 1,739,945 1,379,229 Chiang Mai แม่ฮ่องสอน 7,925,787 6,655,501 425,937 844,349 Mae Hong Son ตาก 10,254,156 7,709,874 1,325,406 1,218,876 Tak กำาแพงเพชร 5,379,681 1,248,141 3,202,371 929,169 Kamphaeng Phet สุโขทัย 4,122,557 1,225,774 1,966,232 930,551 Sukhothai แพร่ 4,086,624 2,624,834 717,329 744,461 Phrae น่าน 7,170,045 4,628,839 1,465,566 1,075,640 Nan อุตรดิตถ์ 4,899,120 2,758,423 1,269,889 870,808 Uttaradit การใช้ที่ดิน: Land utilization รูปที่ 11.1 การใช้ที่ดินของประเทศไทย ปี 2566 Figure 11.1 Land utilization of Thailand, 2023 ตารางที่ 11.2 การใช้ที่ดินของประเทศไทย เป็นรายภาค และรายจังหวัด ปี 2566 Table 11.2 Land utilization of Thailand by region and province, 2023 หน่วย: ไร่ Unit: rai"
/content/drive/MyDrive/PROJECT-RAG SMARTPLANPLANTING/Data/คู่มือเกษตร/สถิติการเกษตรของประเทศไทย ปี 2567.pdf,202,"802,198 Lop Buri สิงห์บุรี 514,049 311 395,100 118,638 Sing Buri ชัยนาท 1,543,591 40,516 1,253,067 250,008 Chai Nat สุพรรณบุรี 3,348,755 394,503 2,341,383 612,869 Suphanburi อ่างทอง 605,232 0 390,788 214,444 Ang Thong พระนครศรีอยุธยา 1,597,900 92 1,066,881 530,927 Ayutthaya นนทบุรี 388,939 0 168,570 220,369 Nonthaburi กรุงเทพมหานคร 978,263 3,739 217,137 757,387 Bangkok การใช้ที่ดิน: Land utilization ตารางที่ 11.2 การใช้ที่ดินของประเทศไทย เป็นรายภาค และรายจังหวัด ปี 2566 (ต่อ) Table 11.2 Land utilization of Thailand by region and province, 2023 (Continued) หน่วย: ไร่ Unit: rai"
/content/drive/MyDrive/PROJECT-RAG SMARTPLANPLANTING/Data/คู่มือเกษตร/สถิติการเกษตรของประเทศไทย ปี 2567.pdf,203,"393,526 Phatthalung สงขลา 4,621,181 545,593 2,691,086 1,384,502 Songkhla สตูล 1,549,361 758,733 737,719 52,909 Satun ปัตตานี 1,212,722 75,049 792,360 345,313 Pattani ยะลา 2,825,674 908,688 1,398,288 518,698 Yala นราธิวาส 2,797,144 747,812 1,335,170 714,162 Narathiwat การใช้ที่ดิน: Land utilization ตารางที่ 11.2 การใช้ที่ดินของประเทศไทย เป็นรายภาค และรายจังหวัด ปี 2566 (ต่อ) Table 11.2 Land utilization of Thailand by region and province, 2023 (Continued) หน่วย: ไร่ Unit: rai"
/content/drive/MyDrive/PROJECT-RAG SMARTPLANPLANTING/Data/คู่มือเกษตร/สถิติการเกษตรของประเทศไทย ปี 2567.pdf,204,"สถิติการเกษตรของประเทศไทย Agricultural Statistics of Thailand 176 ภาค ปี เนื้อที่ ใช้ประโยชน์ ทางการ เกษตร Agricultural Land use นาข้าว Paddy พืชไร่ crop สวนไม้ผล ไม้ยืนต้น Fruit and perennial trees สวนผัก ไม้ดอก/ไม้ ประดับ Vegetable, cut flowers and ornamental plant เนื้อที่ใช้ประโยชน์ ทางการเกษตรอื่น Others Year Region รวม ทั้งประเทศ 2563 149,127,016 64,916,940 30,282,877 39,761,201 1,103,169 13,062,829 2020 Whole Kingdom2564 148,588,931 64,622,294 30,037,174 39,946,472 1,093,716 12,889,275 2021 2565 147,727,451 64,076,157 29,623,668 40,069,113 1,083,744 12,874,769 2022 2566 147,727,060 64,004,518 29,686,735 40,070,157 1,089,315 12,876,335 2023 เหนือ 2563 31,811,701 15,115,094 10,336,560 3,960,870 411,014 1,988,163 2020 Northern 2564 31,917,339 15,283,017 10,304,820 3,987,897 403,524 1,938,081 2021 2565 31,784,826 15,190,901 10,270,791 4,001,367 395,031 1,926,736 2022 2566 31,784,819 15,173,205 10,288,855 4,001,396 394,598 1,926,765 2023 ตะวันออก เฉียงเหนือ 2563 64,738,064 39,489,480"
/content/drive/MyDrive/PROJECT-RAG SMARTPLANPLANTING/Data/คู่มือเกษตร/สถิติการเกษตรของประเทศไทย ปี 2567.pdf,206,"สถิติการเกษตรของประเทศไทย Agricultural Statistics of Thailand 178 หน่วย: ไร่ Unit: rai ภาค/จังหวัด เนื้อที่ใช้ ประโยชน์ ทางการเกษตร Agricultural land use นาข้าว Paddy พืชไร่ crop สวนไม้ผล ไม้ยืนต้น Fruit and perennial trees สวนผัก ไม้ดอก/ไม้ประดับ Vegetable, cut flowers and ornamental plant เนื้อที่ใช้ประโยชน์ ทางการเกษตรอื่น Others Region/ Province รวมทั้งประเทศ147,727,060 64,004,518 29,686,735 40,070,157 1,089,315 12,876,335 Whole Kingdom เหนือ 31,784,819 15,173,205 10,288,855 4,001,396 394,598 1,926,765 Northern ตะวันออกเฉียงเหนือ64,291,581 39,113,419 12,491,112 7,394,896 164,059 5,128,095 Northeastern กลาง 27,886,930 9,015,202 6,896,073 7,082,249 478,433 4,414,973 Central ใต้ 23,763,730 702,692 10,695 21,591,616 52,225 1,406,502 Southern เชียงราย 2,678,788 1,296,819 345,495 750,901 53,086 232,487 Chiang Rai พะเยา 1,246,066 648,121 185,117 284,534 22,617 105,677 Phayao ลำาปาง 988,497 449,750 310,381 120,486 25,526 82,354 Lampang ลำาพูน 648,249 104,707 85,212 384,764 18,818 54,748"
/content/drive/MyDrive/PROJECT-RAG SMARTPLANPLANTING/Data/คู่มือเกษตร/สถิติการเกษตรของประเทศไทย ปี 2567.pdf,207,"สถิติการเกษตรของประเทศไทย Agricultural Statistics of Thailand 179 หน่วย: ไร่ Unit: rai ภาค/จังหวัด เนื้อที่ใช้ ประโยชน์ ทางการเกษตร Agricultural land use นาข้าว Paddy พืชไร่ crop สวนไม้ผล ไม้ยืนต้น Fruit and perennial trees สวนผัก ไม้ดอก/ไม้ประดับ Vegetable, cut flowers and ornamental plant เนื้อที่ใช้ประโยชน์ ทางการเกษตรอื่น Others Region/ Province อำานาจเจริญ 1,564,422 1,092,143 258,506 108,376 1,016 104,381 Amnat Charoen อุบลราชธานี 5,837,367 4,130,408 626,550 694,942 16,406 369,061 Ubon Ratchathani ศรีสะเกษ 4,101,846 3,065,590 235,387 419,051 35,383 346,435 Si Sa Ket สุรินทร์ 4,078,253 3,229,838 300,876 278,828 3,026 265,685 Surin บุรีรัมย์ 4,224,910 3,093,508 521,185 370,949 9,342 229,926 Buri Ram มหาสารคาม 2,788,957 2,153,414 315,906 33,061 3,027 283,549 Maha Sarakham ร้อยเอ็ด 3,719,525 3,079,160 239,702 126,779 2,848 271,036 Roi Et กาฬสินธุ์ 2,755,644 1,509,486 753,225 231,448 3,317 258,168 Kalasin ขอนแก่น 3,874,074 2,403,989 941,400 120,138 10,265 398,282 Khon Kaen ชัยภูมิ"
/content/drive/MyDrive/PROJECT-RAG SMARTPLANPLANTING/Data/คู่มือเกษตร/สถิติการเกษตรของประเทศไทย ปี 2567.pdf,208,"สถิติการเกษตรของประเทศไทย Agricultural Statistics of Thailand 180 หน่วย: ไร่ Unit: rai ภาค/จังหวัด เนื้อที่ใช้ ประโยชน์ ทางการเกษตร Agricultural land use นาข้าว Paddy พืชไร่ crop สวนไม้ผล ไม้ยืนต้น Fruit and perennial trees สวนผัก ไม้ดอก/ไม้ประดับ Vegetable, cut flowers and ornamental plant เนื้อที่ใช้ประโยชน์ ทางการเกษตรอื่น Others Region/ Province นครปฐม 866,785 307,086 90,794 60,606 109,338 298,961 Nakhon Pathom กาญจนบุรี 2,345,437 375,433 1,394,554 249,538 140,851 185,061 Kanchanaburi ราชบุรี 1,167,742 261,142 321,395 192,425 73,004 319,776 Ratchaburi สมุทรสงคราม 155,725 2,382 0 90,825 2,534 59,984 Samut Songkhram เพชรบุรี 885,426 298,246 87,502 180,960 8,572 310,146 Phetchaburi ประจวบคีรีขันธ์ 1,364,685 25,538 223,583 902,716 5,496 207,352 Prachuap Khiri Khan ชุมพร 2,356,233 3,596 5,156 2,249,558 2,120 95,803 Chumphon ระนอง 638,006 671 238 623,276 373 13,448 Ranong สุราษฎร์ธานี 4,209,937 19,111 703 4,005,054 9,187 175,882 Surat Thani พังงา 947,570 2,533 87 891,652 633 52,665"
/content/drive/MyDrive/PROJECT-RAG SMARTPLANPLANTING/Data/คู่มือเกษตร/สถิติการเกษตรของประเทศไทย ปี 2567.pdf,209,"606,828 118,552 728,631 847,183 Nong Bua Lam Phu อุดรธานี 4,438,828 2,540,419 547,295 1,351,114 1,898,409 Udon Thani หนองคาย 1,300,199 787,481 25,200 487,518 512,718 Nong Khai บึงกาฬ 1,638,816 500,538 17,216 1,121,063 1,138,278 Beung Kan หน่วย: ไร่ Unit: rai ลักษณะการถือครองที่ดินทางการเกษตร: Type of agricultural land tenure ตารางที่ 11.5 ลักษณะการถือครองที่ดินทางการเกษตรของประเทศไทย เป็นรายภาค และรายจังหวัด ปี 2566 Table 11.5 Type of agricultural land tenure of Thailand by region and province, 2023"
/content/drive/MyDrive/PROJECT-RAG SMARTPLANPLANTING/Data/คู่มือเกษตร/สถิติการเกษตรของประเทศไทย ปี 2567.pdf,210,"81,254 2,865 84,120 Bangkok ปทุมธานี 510,221 69,792 324,103 116,327 440,429 Pathum Thani นครนายก 723,881 289,856 303,880 130,145 434,025 Nakhon Nayok ปราจีนบุรี 1,149,264 591,062 432,650 125,553 558,202 Prachin Buri ฉะเชิงเทรา 1,631,284 97,437 483,429 1,050,418 1,533,847 Chachoengsao ตารางที่ 11.5 ลักษณะการถือครองที่ดินทางการเกษตรของประเทศไทย เป็นรายภาค และรายจังหวัด ปี 2566 (ต่อ) Table 11.5 Type of agricultural land tenure of Thailand by region and province, 2023 (Continued) หน่วย: ไร่ Unit: rai ลักษณะการถือครองที่ดินทางการเกษตร: Type of agricultural land tenure"
/content/drive/MyDrive/PROJECT-RAG SMARTPLANPLANTING/Data/คู่มือเกษตร/สถิติการเกษตรของประเทศไทย ปี 2567.pdf,211,"สถิติการเกษตรของประเทศไทย Agricultural Statistics of Thailand 183 ตารางที่ 11.5 ลักษณะการถือครองที่ดินทางการเกษตรของประเทศไทย เป็นรายภาค และรายจังหวัด ปี 2566 (ต่อ) Table 11.5 Type of agricultural land tenure of Thailand by region and province, 2023 (Continued) หน่วย: ไร่ Unit: rai ภาค/จังหวัด เนื้อที่ใช้ ประโยชน์ ทางการเกษตร Agricultural land use ของตนเอง On own land เนื้อที่ของคนอื่น On land own by others Region/ Provinceเช่าผู้อื่น Rented land รับจำานอง/รับขายฝาก/ ได้ทำาฟรี Mortgage/ redemption/free use รวม Total สระแก้ว 2,134,681 245,371 658,160 1,231,150 1,889,310 SaKaeo จันทบุรี 1,684,214 484,303 177,605 1,022,306 1,199,911 Chanthaburi ตราด 807,484 408,784 117,053 281,647 398,700 Trat ระยอง 1,234,306 567,493 197,712 469,101 666,813 Rayong ชลบุรี 1,408,269 291,640 650,969 465,660 1,116,629 Chon Buri สมุทรปราการ 218,447 125,224 63,343 29,880 93,223 Samut Prakan สมุทรสาคร 254,024 136,532 107,896 9,596 117,492 Samut Sakhon นครปฐม 866,785 502,994 355,864 7,927 363,791 Nakhon Pathom"
/content/drive/MyDrive/PROJECT-RAG SMARTPLANPLANTING/Data/คู่มือเกษตร/สถิติการเกษตรของประเทศไทย ปี 2567.pdf,211,"พัทลุง 1,354,594 755,494 176,391 422,709 599,100 Phatthalung สงขลา 2,691,086 1,668,424 182,794 839,868 1,022,662 Songkhla สตูล 737,719 219,868 7,583 510,268 517,851 Satun ปัตตานี 792,360 759,575 727 32,058 32,785 Pattani ยะลา 1,398,288 871,245 1 527,042 527,043 Yala นราธิวาส 1,335,170 1,067,521 109 267,540 267,649 Narathiwat ลักษณะการถือครองที่ดินทางการเกษตร: Type of agricultural land tenure"
/content/drive/MyDrive/PROJECT-RAG SMARTPLANPLANTING/Data/คู่มือเกษตร/สถิติการเกษตรของประเทศไทย ปี 2567.pdf,215,"สถิติการเกษตรของประเทศไทย Agricultural Statistics of Thailand 187 มูลค่าการส่งออก: Value Of Exports ตารางที่ 12.2 มูลค่าการส่งออกสินค้าเกษตรและผลิตภัณฑ์ที่สำาคัญ ปี 2563-2567 Table 12.2 Export value of major agricultural products, 2020-2024 ที่มา: สำานักงานเศรษฐกิจการเกษตร โดยความร่วมมือกับกรมศุลกากร Source: In cooperation between Office of Agricultural Economics and Customs Department หน่วย: ล้านบาท Unit: Million Baht รายการ 2563 2020 2564 2021 2565 2022 2566 2023 2567 2024 Items มูลค่าการส่งออกทั้งหมด 7,173,166 8,536,631 9,946,319 9,833,344 10,538,081 Total export value มูลค่าสินค้าเกษตรและผลิตภัณฑ์ที่สำาคัญ 1,290,048 1,503,024 1,817,888 1,782,965 1,930,142 Value of major agricultural products สินค้าเกษตรและผลิตภัณฑ์ส่งออก Top 10 of principal agricultural 10 อันดับแรก products ผลไม้และผลิตภัณฑ์ 182,359 252,161 265,356 302,975 309,519 Fruits and products ยางธรรมชาติ 181,992 246,940 280,813 212,686 270,724 Natural rubber ข้าวและผลิตภัณฑ์ 137,937 132,699 163,996 205,267 255,209 Rice and"
/content/drive/MyDrive/PROJECT-RAG SMARTPLANPLANTING/Data/คู่มือเกษตร/open-data-of-agriculture.pdf,15,ภาค/จังหวัด ความจุของอาง Reservoir storage capacity ปริมาณน้ำในอาง Water quantity in the reservoir Region/Province 2565 2022 2566 2023 ที่มา : กรมชลประทาน Source : Royal Irrigation Department กาญจนบุรี จันทบุรี ฉะเชิงเทรา ชลบุรี ชัยนาท ตราด นครนายก ประจวบคีรีขันธ ปราจีนบุรี เพชรบุรี ระยอง ราชบุรี ลพบุรี สระแกว สระบุรี สุพรรณบุรี กระบี่ ตรัง นครศรีธรรมราช นราธิวาส พัทลุง ภูเก็ต ยะลา ระนอง สงขลา สุราษฎรธานี 87.82 143.27 63.63 177.93 14.00 184.07 25.35 108.75 15.80 97.10 131.15 75.68 77.24 264.42 72.48 4.40 41.45 25.12 212.20 3.73 70.50 21.72 1.20 10.00 84.16 3.49 Kanchanaburi Chanthaburi Chachoengsao Chon Buri Chai Nat Trat Nakhon Nayok Prachuap Khiri Khan Prachin Buri Phetchaburi Rayong Ratchaburi Lop Buri Sa Kaeo Saraburi Suphan Buri Krabi Trang Nakhon Si Thammarat Narathiwat Phatthalung Phuket Yala Ranong Songkhla Surat Thani 94.32 142.63 41.04 159.78 0.00 182.04 21.38 93.26 14.42 84.91 127.66 70.86 66.88 245.15 66.58 3.04 33.70 18.95 167.25 3.47 59.35 21.54 1.21 9.50 77.54 3.38
/content/drive/MyDrive/PROJECT-RAG SMARTPLANPLANTING/Data/คู่มือเกษตร/open-data-of-agriculture.pdf,16,"เขื่อน ความจุของอาง Reservoir storage capacity ปริมาณน้ำในอาง Water quantity in the reservoir Dam หนวย : ลาน ลบ.ม. Unit : million cubic meters ตารางที่ 1.2.2Table 1.2.1 ปริมาณน้ำในอางเก็บน้ำขนาดใหญ เปนรายเขื่อน ป 2565 – 2566 The water quantity in a large reservoir by dam, 2022 - 2023 รวมทั้งหมด 70,926.34 Total53,194.79 56,892.15 เขื่อนกิ่วคอหมา เขื่อนกิ่วลม เขื่อนแควนอยบำรุงแดน เขื่อนภูมิพล เขื่อนแมกวงอุดมธารา เขื่อนแมงัดสมบูรณชล เขื่อนแมมอก เขื่อนสิริกิติ์ เขื่อนจุฬาภรณ เขื่อนน้ำพุง เขื่อนน้ำอูน เขื่อนมูลบน เขื่อนลำแซะ เขื่อนลำตะคอง เขื่อนลำนางรอง เขื่อนลำปาว เขื่อนลำพระเพลิง เขื่อนสิรินธร เขื่อนหวยหลวง เขื่อนอุบลรัตน เขื่อนกระเสียว เขื่อนขุนดานปราการชล เขื่อนคลองสียัด เขื่อนทับเสลา เขื่อนนฤบดินทรจินดา เขื่อนบางพระ เขื่อนประแสร เขื่อนปาสักชลสิทธิ์ เขื่อนวชิราลงกรณ เขื่อนศรีนครินทร เขื่อนหนองปลาไหล เขื่อนแกงกระจาน เขื่อนบางลาง เขื่อนปราณบุรี เขื่อนรัชชประภา 170.00 106.22 939.00 13,462.00 263.00 264.70 110.00 9,510.00 164.00 165.00 520.00 141.00 275.00 314.49"
/content/drive/MyDrive/PROJECT-RAG SMARTPLANPLANTING/Data/คู่มือเกษตร/open-data-of-agriculture.pdf,16,"139.27 274.70 324.50 115.72 1,213.45 153.10 1,693.75 72.08 2,071.33 299.99 196.42 205.66 137.08 248.14 107.57 277.34 855.00 7,491.08 16,338.26 164.23 637.63 1,048.76 345.45 4,473.99 188.47 102.79 814.78 11,878.76 249.36 274.34 93.20 6,343.40 143.56 87.44 337.50 133.28 257.60 339.14 112.60 1,694.50 145.24 1,620.92 110.58 1,968.72 297.33 204.89 297.04 131.50 251.02 107.46 268.24 846.25 5,868.19 15,825.60 170.68 495.34 1,231.93 249.29 3,751.23 ที่มา : กรมชลประทาน Source : Royal Irrigation Department 25652022 2566 2023 10 กระทรวงเกษตรและสหกรณ Ministry of Agriculture and Cooperatives"
/content/drive/MyDrive/PROJECT-RAG SMARTPLANPLANTING/Data/คู่มือเกษตร/open-data-of-agriculture.pdf,21,"151,800 88,294 35,623 57,333 38,131 240,027 160,827 269,798 162,207 104,429 80,421 141,312 139,595 243,751 114,797 283,893 660,942 240,680 249,320 112,204 84,039 194,360 64,085 64,273 116,539 192,220 หนวย : ไร Unit : rai ตารางที่ 1.5.1Table 1.5.1 ขอมูลการใชที่ดิน แยกตามประเภทการใชที่ดิน ระหวางป 2563 - 2565 Land use data categorized by land use type, between 2020 - 2022 15 กระทรวงเกษตรและสหกรณ Ministry of Agriculture and Cooperatives"
/content/drive/MyDrive/PROJECT-RAG SMARTPLANPLANTING/Data/คู่มือเกษตร/open-data-of-agriculture.pdf,30,"1,159,827 782,478,130 230,064,716 852,964 63,949,887 2,198,088 0 305,681 1,562,555 68,684,398 19,154,053 28,217,597 8,099,338 8,797,081 15,118,242 4,251,984 16,959,567 207,784,741 807,131,092 495,964 314,142,743 9,488,167 1,266,283,575 3,334,373 42,425,629 27,641,549 205,571,948 101,557,847 23,712,124 215,365,890 1,320,000 กระเจี๊ยบเขียว กะหล่ำดอก กะหล่ำปลี ขาวโพด ขาวโพดหวาน ขาวฟาง คะนา แคนตาลูป แตงกวา แตงเทศ แตงโม แตงราน ถั่วเขียว ถั่วฝกยาว ถั่วลันเตา ถั่วเหลือง ทานตะวัน บรอคโคลี บวบเหลี่ยม ปาลมน้ำมัน (เมล็ด) ผักกาดกวางตุง ผักกาดขาว ผักกาดเขียว ผักกาดหอม ผักกาดหัว ผักชี ผักบุงจีน พริก ฟก ฟกทอง แฟง มะเขือเทศ มะเขือเปราะ มะเขือมวง มะเขือยาว มะระขี้นก มะระจีน มะละกอ เมลอน หอมหัวใหญ Okra Cauliﬂower Cabbage Corn, Maize Sweet corn Sorghum Kale Cantaloupe Cucumber Melon Watermelon Cucumber Mung bean Yard long bean Sweet pea Soybean Sunﬂower Broccoli Sponge gourd Oil palm (seeds) Edible rape Chinese cabbage Chinese mustard Lettuce Chinese radish Coriander Water convolvulus"
/content/drive/MyDrive/PROJECT-RAG SMARTPLANPLANTING/Data/คู่มือเกษตร/open-data-of-agriculture.pdf,34,"ปาสงวนแหงชาติ National Reserved Forest ที่สาธารณประโยชน Public Beneﬁt Land ที่ราชพัสดุ Royal Property ที่จำแนกออกจากปาไม ถาวรตามมติคณะรัฐมนตรี Separated from Permanent Forests as per Cabinet Resolution ภาค/จังหวัด การรับมอบที่ดินของรัฐ 4 ประเภท State land allocation in 4 categories Region/Province 48,052,705 13,138,713 21,300,971 7,844,082 5,768,939 989,324 166,838 331,992 33,037 457,457 1,664,744 315,900 11,718 507,685 829,441 9,851,346 1,486,694 6,857,322 567,736 939,595 รวมทั้งประเทศ เหนือ ตะวันออกเฉียงเหนือ กลาง ใต Whole Kingdom Northern Northeastern Central Southern 1,811,040 953,538 850,644 944,865 734,826 643,912 502,921 209,658 957,661 2,171,143 458,224 53,588 613,261 183,109 669,079 392,818 988,428 454,113 1,251,035 970,469 296,643 3,958,821 1,198,699 219,514 474,621 507,777 365,138 1,268,131 1,016,523 1,051,701 909,661 1,759,280 1,202,050 237,785 2,271,164 1,887,847 65,026 3,301 0 4,375 6,131 682 0 0 2,400 12,915 0 0 0 0 46,434 25,574 0 10,300 40 22,857 19,074 0 416"
/content/drive/MyDrive/PROJECT-RAG SMARTPLANPLANTING/Data/คู่มือเกษตร/open-data-of-agriculture.pdf,34,"Phetchabun Phrae Mae Hong Son Lampang Lamphun Sukhothai Uttaradit Uthai Thani Kalasin Khon Kaen Chaiyaphum Nakhon Phanom Nakhon Ratchasima Buri Ram Maha Sarakham Mukdahan Yasothon Roi Et Loei Si Sa Ket Sakon Nakhon Surin Nong Khai Nong Bua Lam Phu Amnat Charoen Udon Thani Ubon Ratchathani หนวย : ไร Unit : rai ตารางที่ 1.8.1Table 1.8.1 ขอมูลเนื้อที่การรับมอบที่ดินของรัฐ 4 ประเภท เปนรายภาค และรายจังหวัด ป 2565 State land allocation in 4 categories by region and province, 2022 28 กระทรวงเกษตรและสหกรณ Ministry of Agriculture and Cooperatives"
/content/drive/MyDrive/PROJECT-RAG SMARTPLANPLANTING/Data/คู่มือเกษตร/open-data-of-agriculture.pdf,35,"นครศรีธรรมราช นราธิวาส ปตตานี พังงา พัทลุง ภูเก็ต ยะลา ระนอง สงขลา สตูล สุราษฎรธานี Kanchanaburi Chanthaburi Chachoengsao Chon Buri Chai Nat Trat Nakhon Nayok Prachuap Khiri Khan Prachin Buri Phetchaburi Rayong Ratchaburi Lop Buri Sa Kaeo Saraburi Suphan Buri Krabi Chumphon Trang Nakhon Si Thammarat Narathiwat Pattani Phangnga Phatthalung Phuket Yala Ranong Songkhla Satun Surat Thani ที่มา : สำนักงานการปฏิรูปที่ดินเพื่อเกษตรกรรม Source : Agricultural Land Reform Ofﬁce ปาสงวนแหงชาติ National Reserved Forest ที่สาธารณประโยชน Public Beneﬁt Land ที่ราชพัสดุ Royal Property ที่จำแนกออกจากปาไม ถาวรตามมติคณะรัฐมนตรี Separated from Permanent Forests as per Cabinet Resolution ภาค/จังหวัด การรับมอบที่ดินของรัฐ 4 ประเภท State land allocation in 4 categories Region/Province หนวย : ไร Unit : rai ตารางที่ 1.8.1Table 1.8.1 ขอมูลเนื้อที่การรับมอบที่ดินของรัฐ 4 ประเภท เปนรายภาค และรายจังหวัด ป 2565 (ตอ) State land allocation in 4 categories by region and province, 2022 (Continued) 29"
/content/drive/MyDrive/PROJECT-RAG SMARTPLANPLANTING/Data/คู่มือเกษตร/open-data-of-agriculture.pdf,36,"การรับมอบที่ดินของรัฐ 4 ประเภท State land allocation in 4 categories 79.35% 16.27% 2.75% 1.63% ปาสงวนแหงชาติ National Reserved Forest ที่สาธารณประโยชน Public Beneﬁt Land ที่จำแนกออกจากปาไมถาวรตามมติคณะรัฐมนตรี Separated from Permanent Forests as per Cabinet Resolution ที่ราชพัสดุ Royal Property 0 10,000 15,000 20,000 25,000 1,000 ไร1,000 rai 5,000 ปาสงวนแหงชาติNational Reserved Forest 0 200 300 400 500 1,000 ไร1,000 rai 100 ที่สาธารณประโยชนPublic Beneﬁt Land 0 200 300 400 500 1,000 ไร1,000 rai 100 ที่ราชพัสดุRoyal Property 0 200 300 400 500 600 700 1,000 ไร1,000 rai 100 ภาคกลาง Central ภาคตะวันออกเฉียงเหนือ Northeastern ภาคเหนือ Northern ภาคใต Southern 940 568 6,857 1,487 316 508 829 5,769 167 332 457 33 7,844 21,301 13,139 12 ที่จำแนกออกจากปาไมถาวรตามมติคณะรัฐมนตรีSeparated from Permanent Forests as per Cabinet Resolution 600 700 900 800 ขอมูลเนื้อที่การรับมอบที่ดินของรัฐ 4 ประเภท เปนรายภาค ป 2565 State land allocation in 4 categories by region, 2022 รูปที่"
/content/drive/MyDrive/PROJECT-RAG SMARTPLANPLANTING/Data/คู่มือเกษตร/open-data-of-agriculture.pdf,39,"Yearป 2557 2558 2559 2560 2561 2562 2563 2564 2565 2566 239,845 220,506 203,733 219,846 244,513 243,016 237,457 224,146 270,084 290,464 9,130 9,070 8,073 8,817 9,711 10,099 8,986 8,362 10,115 11,360 451 441 446 454 453 445 440 445 445 438 26,270 24,312 25,236 24,934 25,178 24,064 26,424 26,807 26,703 25,569 58,247 55,096 56,546 54,963 55,627 54,108 60,094 60,261 60,063 58,412 60,791 58,063 58,645 59,221 59,981 61,197 62,438 63,013 62,917 61,928 2014 2015 2016 2017 2018 2019 2020 2021 2022 2023 ตารางที่ 1.9.3Table 1.9.3 ขาวนาป: เนื้อที่ ผลผลิต ผลผลิตตอไร ราคา และมูลคาของผลผลิต ป 2557 - 2566 Major Rice: Area, production, yield, farm gate price and value of production, 2014 - 2023 เนื้อที่เพาะปลูก (1,000 ไร) Planted area (1,000 rais) เนื้อที่เก็บเกี่ยว (1,000 ไร) Harvested area (1,000 rais) ผลผลิต1/ (1,000 ตัน) Production (1,000 tons) ผลผลิตตอไร1/ (กก.ตอไร) Yield (kg per rai) ราคาที่เกษตรกร ขายได (บาท/ตัน) Farm gate price (Baht per ton) มูลคาของผลผลิต (ลานบาท) Value of"
/content/drive/MyDrive/PROJECT-RAG SMARTPLANPLANTING/Data/คู่มือเกษตร/open-data-of-agriculture.pdf,39,"ราคาที่เกษตรกร ขายได (บาท/ตัน) Farm gate price (Baht per ton) มูลคาของผลผลิต (ลานบาท) Value of production (Million baht) 0 0 200 400 600 800 20,000 15,000 10,000 5,000 0 10,000 20,000 30,000 40,000 50,000 60,000 70,000 30,000 25,000 20,000 15,000 10,000 5,000 0 25572014 25572014 2558 2015 2559 2016 2560 2017 2561 2018 2562 2019 2563 2020 2564 2021 2565 2022 2566 2023 2557 2014 2558 2015 2559 2016 2560 2017 2561 2018 2562 2019 2563 2020 2564 2021 2565 2022 2566 2023 25582015 2559 2016 2560 2017 2561 2018 2562 2019 2563 2020 2564 2021 2565 2022 2566 2023 เนื้อที่เพาะปลูก Planted area เนื้อที่เก็บเกี่ยว Harvested area ผลผลิต Production ขาวนาป: เนื้อที่ ผลผลิต ผลผลิตตอไร และราคาที่เกษตรกรขายได ป 2557 - 2566 Major Rice: Area, production, yield and farm gate price, 2014 - 2023 รูปที่ 1.9.3Figure 1.9.3 1,000 ไร (1,000 rais) กก./ไร (kg/rai) บาท/ตัน (Baht/ton) 1,000 ตัน (1,000 tons) ผลผลิตตอไร (Yield) ราคาที่เกษตรกรขายได (Farm gate price) ที่มา : สำนักงานเศรษฐกิจการเกษตร หมายเหตุ"
/content/drive/MyDrive/PROJECT-RAG SMARTPLANPLANTING/Data/คู่มือเกษตร/open-data-of-agriculture.pdf,40,"1.9.4 ขาวนาปรัง: เนื้อที่ ผลผลิต ผลผลิตตอไร ราคา และมูลคาของผลผลิต ป 2558 - 2567 Second Rice: Area, production, yield, farm gate price and value of production, 2015 - 2024 เนื้อที่เพาะปลูก (1,000 ไร) Planted area (1,000 rais) เนื้อที่เก็บเกี่ยว (1,000 ไร) Harvested area (1,000 rais) ผลผลิต1/ (1,000 ตัน) Production (1,000 tons) ผลผลิตตอไร1/ (กก.ตอไร) Yield (kg per rai) ราคาที่เกษตรกร ขายได (บาท/ตัน) Farm gate price (Baht per ton) มูลคาของผลผลิต (ลานบาท) Value of production (Million baht) 0 2,000 4,000 6,000 8,000 10,000 12,000 14,000 16,000 18,000 20,000 0 200 400 600 800 12,500 10,000 7,500 5,000 2,500 0 0 1,000 2,000 3,000 4,000 5,000 6,000 7,000 8,000 9,000 เนื้อที่เพาะปลูกPlanted area เนื้อที่เก็บเกี่ยว Harvested area ผลผลิต Production ขาวนาปรัง: เนื้อที่ ผลผลิต ผลผลิตตอไร และราคาที่เกษตรกรขายได ป 2558 - 2567 Second Rice: Area, production, yield and farm gate price, 2015 - 2024 รูปที่ 1.9.4Figure 1.9.4 1,000 ไร (1,000 rais) กก./ไร (kg/rai) บาท/ตัน (Baht/ton)"
/content/drive/MyDrive/PROJECT-RAG SMARTPLANPLANTING/Data/คู่มือเกษตร/open-data-of-agriculture.pdf,41,"Yearป 2557 2558 2559 2560 2561 2562 2563 2564 2565 2566 34,576 31,144 30,115 30,131 40,349 34,466 38,375 42,128 48,320 44,678 7.31 7.73 6.86 6.25 7.96 7.60 7.69 8.69 10.28 9.02 669 642 681 736 735 695 713 728 748 743 4,730 4,029 4,390 4,821 5,069 4,535 4,990 4,848 4,700 4,954 7,073 6,275 6,445 6,553 6,895 6,522 7,003 6,661 6,286 6,667 7,232 6,587 6,490 6,579 6,930 7,025 7,083 6,825 6,397 6,787 2014 2015 2016 2017 2018 2019 2020 2021 2022 2023 ตารางที่ 1.9.5Table 1.9.5 ขาวโพดเลี้ยงสัตว: เนื้อที่ ผลผลิต ผลผลิตตอไร ราคาที่เกษตรกรขายได และมูลคาของผลผลิต ป 2557 - 2566 Maize: Area, production, yield, farm gate price and value of production, 2014 - 2023 เนื้อที่เพาะปลูก (1,000 ไร) Planted area (1,000 rais) เนื้อที่เก็บเกี่ยว (1,000 ไร) Harvested area (1,000 rais) ผลผลิต (1,000 ตัน) Production (1,000 tons) ผลผลิตตอไร (กก.ตอไร) Yield (kg per rai) ราคาที่เกษตรกร ขายได (บาท/ตัน) Farm gate price (Baht per ton) มูลคาของผลผลิต (ลานบาท) Value of production (Million baht) 0 1,000"
/content/drive/MyDrive/PROJECT-RAG SMARTPLANPLANTING/Data/คู่มือเกษตร/open-data-of-agriculture.pdf,41,"Farm gate price (Baht per ton) มูลคาของผลผลิต (ลานบาท) Value of production (Million baht) 0 1,000 2,000 3,000 4,000 5,000 6,000 7,000 8,000 1,000 800 600 400 200 0 12 9 6 3 0 0 1,000 2,000 3,000 4,000 5,000 6,000 25572014 25572014 2558 2015 2559 2016 2560 2017 2561 2018 2562 2019 2563 2020 2564 2021 2565 2022 2566 2023 2557 2014 2558 2015 2559 2016 2560 2017 2561 2018 2562 2019 2563 2020 2564 2021 2565 2022 2566 2023 25582015 2559 2016 2560 2017 2561 2018 2562 2019 2563 2020 2564 2021 2565 2022 2566 2023 เนื้อที่เพาะปลูก Planted area เนื้อที่เก็บเกี่ยว Harvested area ผลผลิต Production ขาวโพดเลี้ยงสัตว: เนื้อที่ ผลผลิต ผลผลิตตอไร และราคาที่เกษตรกรขายได ป 2557 - 2566 Maize: Area, production, yield and farm gate price, 2014 - 2023 รูปที่ 1.9.5Figure 1.9.5 1,000 ไร (1,000 rais) กก./ไร (kg/rai) บาท/กก. (Baht/kg) 1,000 ตัน (1,000 tons) ผลผลิตตอไร (Yield) ราคาที่เกษตรกรขายได (Farm gate price) ที่มา : สำนักงานเศรษฐกิจการเกษตร Source : Ofﬁce of Agricultural Economics 35"
/content/drive/MyDrive/PROJECT-RAG SMARTPLANPLANTING/Data/คู่มือเกษตร/open-data-of-agriculture.pdf,42,"25582015 2559 2016 2560 2017 2561 2018 2562 2019 2563 2020 2564 2021 2565 2022 2566 2023 2567 2024 2558 2015 2559 2016 2560 2017 2561 2018 2562 2019 2563 2020 2564 2021 2565 2022 2566 2023 2567 2024 Yearป 2558 2559 2560 2561 2562 2563 2564 2565 2566 2567 71,186 56,444 43,649 61,969 67,571 54,526 71,374 78,667 86,645 81,169 2.20 1.81 1.43 2.11 2.17 1.88 2.03 2.31 2.83 3.02 1/ 3,611 3,437 3,499 3,527 3,586 3,252 3,372 3,434 3,303 3,096 32,358 31,161 30,495 29,368 31,080 28,999 35,094 34,068 30,617 26,877 8,961 9,065 8,714 8,327 8,667 8,918 10,406 9,921 9,268 8,682 9,320 9,315 8,918 8,624 8,823 9,439 10,919 10,862 10,511 9,392 2015 2016 2017 2018 2019 2020 2021 2022 2023 2024 ที่มา : สำนักงานเศรษฐกิจการเกษตร หมายเหตุ: 1/ราคา ป 2567 คือ ราคาเฉลี่ยเดือน ม.ค. - ก.พ. Source : Ofﬁce of Agricultural Economics Remark: 1/Price in 2024 is the average price between Jan and Feb ตารางที่ 1.9.6Table 1.9.6 มันสำปะหลังโรงงาน: เนื้อที่ ผลผลิต ผลผลิตตอไร ราคาที่เกษตรกรขายได และมูลคาของผลผลิต ป 2558"
/content/drive/MyDrive/PROJECT-RAG SMARTPLANPLANTING/Data/คู่มือเกษตร/open-data-of-agriculture.pdf,42,"มันสำปะหลังโรงงาน: เนื้อที่ ผลผลิต ผลผลิตตอไร ราคาที่เกษตรกรขายได และมูลคาของผลผลิต ป 2558 - 2567 Cassava: Area, production, yield, farm gate price and value of production, 2015 - 2024 เนื้อที่เพาะปลูก (1,000 ไร) Planted area (1,000 rais) เนื้อที่เก็บเกี่ยว (1,000 ไร) Harvested area (1,000 rais) ผลผลิต (1,000 ตัน) Production (1,000 tons) ผลผลิตตอไร (กก.ตอไร) Yield (kg per rai) ราคาที่เกษตรกร ขายได (บาท/ตัน) Farm gate price (Baht per ton) มูลคาของผลผลิต (ลานบาท) Value of production (Million baht) 0 2,000 4,000 6,000 8,000 10,000 12,000 3,700 3,600 3,500 3,400 3,300 3,200 3,100 3,000 2,900 2,800 0 5,000 10,000 15,000 20,000 25,000 30,000 35,000 40,000 เนื้อที่เพาะปลูกPlanted area เนื้อที่เก็บเกี่ยว Harvested area ผลผลิต Production มันสำปะหลังโรงงาน: เนื้อที่ ผลผลิต ผลผลิตตอไร และราคาที่เกษตรกรขายได ป 2558 - 2567 Cassava: Area, production, yield and farm gate price, 2015 - 2024 รูปที่ 1.9.6Figure 1.9.6 1,000 ไร (1,000 rais) กก./ไร (kg/rai) 1,000 ตัน (1,000 tons)"
/content/drive/MyDrive/PROJECT-RAG SMARTPLANPLANTING/Data/คู่มือเกษตร/open-data-of-agriculture.pdf,43,"Ofﬁce of the Cane and Sugar Board Remark: 1/Price in 2024 is the average price between Jan and Feb ตารางที่ 1.9.7Table 1.9.7 ออยโรงงาน: เนื้อที่เก็บเกี่ยว ผลผลิต ผลผลิตตอไร ราคาที่เกษตรกรขายได และมูลคาของผลผลิต ป 2558 - 2567 Sugarcane: Harvested area, production, yield, farm gate price and value of production, 2015 - 2024 เนื้อที่เก็บเกี่ยว (1,000 ไร) Harvested area (1,000 rais) ผลผลิต (1,000 ตัน) Production (1,000 tons) ผลผลิตตอไร (กก.ตอไร) Yield (kg/rai) ราคาที่เกษตรกร ขายได (บาท/ตัน) Farm gate price (Baht/ton) 0 2,000 4,000 6,000 8,000 10,000 12,000 14,000 0 4,000 8,000 12,000 16,000 0 20,000 40,000 60,000 80,000 100,000 120,000 140,000 160,000 เนื้อที่เก็บเกี่ยวHarvested area ผลผลิต Production ออยโรงงาน: เนื้อที่เก็บเกี่ยว ผลผลิต ผลผลิตตอไร และราคาที่เกษตรกรขายได ป 2558 - 2567 Sugarcane: Harvested area, production, yield and farm gate price, 2015 - 2024 รูปที่ 1.9.7Figure 1.9.7 1,000 ไร (1,000 rais) กก./ไร (kg/rai) 1,000 ตัน (1,000 tons) ผลผลิตตอไร (Yield)"
/content/drive/MyDrive/PROJECT-RAG SMARTPLANPLANTING/Data/คู่มือเกษตร/open-data-of-agriculture.pdf,45,"25572014 2558 2015 2559 2016 2560 2017 2561 2018 2562 2019 2563 2020 2564 2021 2565 2022 2566 2023 Yearป 2557 2558 2559 2560 2561 2562 2563 2564 2565 2566 916 630 597 672 678 420 394 391 481 414 15.71 14.87 15.82 15.69 16.48 15.97 17.30 18.40 23.23 20.70 266 260 277 283 274 268 266 264 266 267 58,295 42,395 37,765 42,829 41,165 26,283 22,800 21,234 20,699 20,016 219,174 162,840 136,543 151,133 150,196 98,183 85,605 80,390 77,898 75,064 237,021 166,868 137,254 152,106 151,312 104,193 86,011 81,094 78,330 75,264 ตารางที่ 1.9.9Table 1.9.9 ถั่วเหลือง: เนื้อที่ ผลผลิต ผลผลิตตอไร ราคาที่เกษตรกรขายได และมูลคาของผลผลิต ป 2557 - 2566 Soybean: Area, production, yield, farm gate price and value of production, 2014 - 2023 เนื้อที่เพาะปลูก (ไร) Planted area (rais) เนื้อที่เก็บเกี่ยว (ไร) Harvested area (rais) ผลผลิต (ตัน) Production (ton) ผลผลิตตอไร (กก.ตอไร) Yield (kg per rai) ราคาที่เกษตรกร ขายได (บาท/ตัน) Farm gate price (Baht per ton) มูลคาของผลผลิต (ลานบาท) Value of production"
/content/drive/MyDrive/PROJECT-RAG SMARTPLANPLANTING/Data/คู่มือเกษตร/open-data-of-agriculture.pdf,45,"ขายได (บาท/ตัน) Farm gate price (Baht per ton) มูลคาของผลผลิต (ลานบาท) Value of production (Million baht) 0 50 100 150 200 250 0 10 20 30 40 50 60 70 ถั่วเหลือง: เนื้อที่ ผลผลิต ผลผลิตตอไร และราคาที่เกษตรกรขายได ป 2557 - 2566 Soybean: Area, production, yield and farm gate price, 2014 - 2023 รูปที่ 1.9.9Figure 1.9.9 1,000 ไร (1,000 rais) กก./ไร (kg/rai) 1,000 ตัน (1,000 tons) ผลผลิตตอไร (Yield) ราคาที่เกษตรกรขายได (Farm gate price) 25 20 15 10 5 0 บาท/กก. (Baht/kg) 0 100 200 300 400 500 25572014 2558 2015 2559 2016 2560 2017 2561 2018 2562 2019 2563 2020 2564 2021 2565 2022 2566 2023 เนื้อที่เพาะปลูกPlanted area เนื้อที่เก็บเกี่ยว Harvested area ผลผลิต Production 25572014 2558 2015 2559 2016 2560 2017 2561 2018 2562 2019 2563 2020 2564 2021 2565 2022 2566 2023 2014 2015 2016 2017 2018 2019 2020 2021 2022 2023 ที่มา : สำนักงานเศรษฐกิจการเกษตร Source : Ofﬁce of Agricultural Economics 39 กระทรวงเกษตรและสหกรณ Ministry of Agriculture and Cooperatives"
/content/drive/MyDrive/PROJECT-RAG SMARTPLANPLANTING/Data/คู่มือเกษตร/open-data-of-agriculture.pdf,47,"25,685,714 18,130,681 24,807,298 25,077,849 25,280,240 25,546,452 16,848,405 17,124,815 9,770,861 17,947,555 9,036,833 9,102,347 9,158,708 9,208,774 เหนือ ตะวันออกเฉียงเหนือ กลาง ใต Northern Northeastern Central Southern 2019 2020 2021 2022 2019 2020 2021 2022 2019 2020 2021 2022 2019 2020 2021 2022 ตารางที่ 1.9.11Table 1.9.11 การใชที่ดินของประเทศไทย เปนรายภาค ป 2562 - 2565 Land utilization of Thailand by region, 2019 - 2022 ปภาค Region เนื้อที่ 1/ ทั้งหมด (ไร) Total land (rai) เนื้อที่ 2/ ปาไม (ไร) Forest land (rai) เนื้อที่ใชประโยชน ทางการเกษตร (ไร) Agricultural land use (rai) เนื้อที่ใชประโยชน นอกการเกษตร (ไร) Non-agricultural land use (rai) ที่มา : สำนักงานเศรษฐกิจการเกษตร 1/ กรมแผนที่ทหาร 2/ กรมปาไม Source: Ofﬁce of Agricultural Economics 1/ Royal Thai Survey Department 2/ Royal Forest Department 41 กระทรวงเกษตรและสหกรณ Ministry of Agriculture and Cooperatives"
/content/drive/MyDrive/PROJECT-RAG SMARTPLANPLANTING/Data/คู่มือเกษตร/open-data-of-agriculture.pdf,50,"ความชื้น (%) Humidity (%) ความเร็วลม (กม./ชม) Wind speed (km/h) 85.14 82.17 83.54 80.50 81.96 81.96 84.58 85.17 85.18 83.65 79.98 83.64 79.44 80.47 83.40 83.65 82.95 82.70 84.22 84.22 81.29 1.35 1.30 1.24 1.24 1.18 1.18 1.22 1.40 1.35 1.36 1.20 1.47 1.26 1.53 1.11 1.36 1.30 1.32 1.15 1.15 1.30 2,640.98 1,594.00 1,856.54 1,330.00 1,632.08 1,632.08 1,861.77 2,223.30 2,075.01 1,799.88 1,254.99 2,004.14 1,376.47 1,649.40 2,151.77 1,799.88 1,702.84 1,717.95 1,857.53 1,942.52 1,749.07 24.33 23.52 19.72 21.14 22.63 20.03 23.23 20.49 22.27 23.12 24.39 27.78 27.39 22.31 20.69 20.63 24.65 25.50 22.42 23.36 25.30 22.22 21.20 18.55 20.15 21.25 18.65 22.50 18.26 19.90 20.86 23.09 25.78 26.43 20.02 18.03 17.98 22.79 23.75 20.20 22.62 24.44 28.60 26.38 21.62 22.55 24.36 21.76 24.30 22.51 25.97 25.92 25.68 29.99 28.32 24.79 23.09 23.04 27.63 26.98 24.44 24.27 26.11 สถานีตรวจวัดสภาพอากาศ Weather Station สภาพอากาศบนพื้นที่สูง Weather conditions in high-altitude areas สถานีตรวจวัดสภาพอากาศบอเกลือ"
/content/drive/MyDrive/PROJECT-RAG SMARTPLANPLANTING/Data/คู่มือเกษตร/open-data-of-agriculture.pdf,50,สภาพอากาศบนพื้นที่สูง Weather conditions in high-altitude areas สถานีตรวจวัดสภาพอากาศบอเกลือ สถานีตรวจวัดสภาพอากาศบานฟาสวย สถานีตรวจวัดสภาพอากาศปางหินฝน สถานีตรวจวัดสภาพอากาศหวยฮะ สถานีตรวจวัดสภาพอากาศหวยฮะ (ศูนยยอยแมเหมืองหลวง) สถานีตรวจวัดสภาพอากาศหวยฮะ (ศูนยยอยแมยะนอย) สถานีตรวจวัดสภาพอากาศหวยกางปลา สถานีตรวจวัดสภาพอากาศบานหวยแหง สถานีตรวจวัดสภาพอากาศหวยน้ำขาว สถานีตรวจวัดสภาพอากาศบานหวยน้ำเย็น สถานีตรวจวัดสภาพอากาศบานหวยโปงพัฒนา สถานีตรวจวัดสภาพอากาศหวยเขยง สถานีตรวจวัดสภาพอากาศคลองลาน สถานีตรวจวัดสภาพอากาศขุนสถาน สถานีตรวจวัดสภาพอากาศบานขุนตื่นนอย สถานีตรวจวัดสภาพอากาศบานขุนตื่นนอย (พะกะเซ) สถานีตรวจวัดสภาพอากาศแมสามแลบ สถานีตรวจวัดสภาพอากาศโหลงขอด สถานีตรวจวัดสภาพอากาศแมสอง สถานีตรวจวัดสภาพอากาศบานแมแฮหลวง สถานีตรวจวัดสภาพอากาศแมจริม Bo Kluea Weather Station Ban Fah Suai Weather Station Pang Hin Fon Weather Station Huai Ha Weather Station Huai Ha Weather Station (Mae Mueng Luang) Huai Ha Weather Station (Mae Ya Noi) Huai Kang Pla Weather
/content/drive/MyDrive/PROJECT-RAG SMARTPLANPLANTING/Data/คู่มือเกษตร/open-data-of-agriculture.pdf,50,"Ha Weather Station (Mae Mueng Luang) Huai Ha Weather Station (Mae Ya Noi) Huai Kang Pla Weather Station Ban Huai Haeng Weather Station Huai Nam Khao Weather Station Ban Huai Nam Yen Weather Station Ban Huai Pong Pattana Weather Station Huai Kayeng Weather Station Khlong Lan Weather Station Khun Sathan Weather Station Ban Khun Tuen Noi Weather Station Ban Khun Tuen Noi Weather Station (Pha Ka Se) Mae Sam Laep Weather Station Long Khot Weather Station Mae Song Weather Station Ban Mae Hae Luang Weather Station Mae Charim Weather Station ปริมาณน้ำฝน (มม.) Rainfall (mm) อุณหภูมิ (˚C) I Temperature (˚C) เฉลี่ยAverageต่ำสุดMinimum สูงสุดMaximum ตารางที่ 1.10.1Table 1.10.1 ขอมูลสภาพอากาศบนพื้นที่สูง ป 2565 Weather conditions in high-altitude areas, 2022 44 กระทรวงเกษตรและสหกรณ Ministry of Agriculture and Cooperatives"
/content/drive/MyDrive/PROJECT-RAG SMARTPLANPLANTING/Data/คู่มือเกษตร/open-data-of-agriculture.pdf,51,"ความชื้น (%) Humidity (%) ความเร็วลม (กม./ชม) Wind speed (km/h) 81.85 83.69 85.17 81.28 79.67 80.47 83.31 85.17 83.10 83.31 80.24 80.26 80.80 82.17 80.26 79.42 83.10 83.67 83.58 84.77 72.25 1.20 1.19 1.40 1.08 1.51 1.53 1.25 1.40 1.13 1.25 1.20 1.15 1.35 1.30 1.15 1.52 1.13 1.42 1.51 1.59 1.85 1,667.18 1,735.07 2,223.30 1,698.87 1,338.10 1,570.86 1,840.57 2,223.30 1,735.68 1,840.57 1,131.23 1,250.80 1,475.19 1,594.00 1,250.80 1,830.29 1,735.68 1,958.03 1,562.23 1,868.29 1,309.54 23.96 23.63 20.75 20.52 27.53 27.60 26.76 22.71 22.57 26.04 26.88 25.24 21.15 21.70 22.62 25.85 24.02 22.23 23.12 25.08 21.20 21.18 21.77 19.56 19.62 24.92 25.26 24.17 21.97 20.94 23.65 24.31 23.91 19.45 19.98 20.31 25.09 22.81 19.83 19.90 23.36 19.40 26.11 26.60 21.71 21.91 29.78 29.44 30.49 23.63 24.43 27.85 29.30 26.94 23.76 24.82 25.49 26.57 25.78 24.67 25.24 26.88 22.87 สถานีตรวจวัดสภาพอากาศ Weather Station สภาพอากาศบนพื้นที่สูง Weather conditions in high-altitude areas สถานีตรวจวัดสภาพอากาศแมมะลอ"
/content/drive/MyDrive/PROJECT-RAG SMARTPLANPLANTING/Data/คู่มือเกษตร/open-data-of-agriculture.pdf,51,สภาพอากาศบนพื้นที่สูง Weather conditions in high-altitude areas สถานีตรวจวัดสภาพอากาศแมมะลอ สถานีตรวจวัดสภาพอากาศสบเมย สถานีตรวจวัดสภาพอากาศบานแมระมีดหลวง สถานีตรวจวัดสภาพอากาศแมสลอง สถานีตรวจวัดสภาพอากาศน้ำเคิม สถานีตรวจวัดสภาพอากาศน้ำแขวง สถานีตรวจวัดสภาพอากาศน้ำแปง สถานีตรวจวัดสภาพอากาศสบโขง สถานีตรวจวัดสภาพอากาศบานผาแดง สถานีตรวจวัดสภาพอากาศวังไผ สถานีตรวจวัดสภาพอากาศหวยเปา สถานีตรวจวัดสภาพอากาศปางแดงใน สถานีตรวจวัดสภาพอากาศปากลวย สถานีตรวจวัดสภาพอากาศบานปาเกี๊ยะใหม สถานีตรวจวัดสภาพอากาศปางมะโอ สถานีตรวจวัดสภาพอากาศโปงคำ สถานีตรวจวัดสภาพอากาศปาแป สถานีตรวจวัดสภาพอากาศบานผีปานเหนือ สถานีตรวจวัดสภาพอากาศพบพระ สถานีตรวจวัดสภาพอากาศผาผึ้ง-ศรีคีรีรักษ สถานีตรวจวัดสภาพอากาศดอยปุย Mae Malo Weather Station Sop Moei Weather Station Ban Mae Ramid Luang Weather Station Mae Salong Weather Station Nam Keum Weather Station Nam Khwaeng Weather Station Nam Paeng Weather Station Sop Khong Weather Station Ban Pha Daeng Weather Station Wang Phai Weather Station Haui Pao Weather
/content/drive/MyDrive/PROJECT-RAG SMARTPLANPLANTING/Data/คู่มือเกษตร/open-data-of-agriculture.pdf,51,"Sop Khong Weather Station Ban Pha Daeng Weather Station Wang Phai Weather Station Haui Pao Weather Station Pang Daeng Nai Weather Station Pa Kluai Weather Station Ban Pakia Mai Weather Station Pangma-o Weather Station Pong Kham Weather Station Pa Pae Weather Station Ban Phi Pan Nuea Weather Station Phop Phra Weather Station Pha Phueng Si Khiri Rak Weather Station Doi Pui Weather Station ปริมาณน้ำฝน (มม.) Rainfall (mm) อุณหภูมิ (˚C) I Temperature (˚C) เฉลี่ยAverageต่ำสุดMinimum สูงสุดMaximum ตารางที่ 1.10.1Table 1.10.1 ขอมูลสภาพอากาศบนพื้นที่สูง ป 2565 (ตอ) Weather conditions in high-altitude areas, 2022 (Continued) 45 กระทรวงเกษตรและสหกรณ Ministry of Agriculture and Cooperatives"
/content/drive/MyDrive/PROJECT-RAG SMARTPLANPLANTING/Data/คู่มือเกษตร/open-data-of-agriculture.pdf,52,"ความชื้น (%) Humidity (%) ความเร็วลม (กม./ชม) Wind speed (km/h) 83.77 79.05 81.46 83.31 82.29 1.32 1.50 1.15 1.25 1.17 2,110.87 1,890.74 2,317.40 1,840.57 1,980.32 23.17 28.65 24.82 23.50 18.75 21.97 25.27 22.80 22.05 17.93 24.31 32.00 26.17 25.29 19.73 สถานีตรวจวัดสภาพอากาศ Weather Station สภาพอากาศบนพื้นที่สูง Weather conditions in high-altitude areas สถานีตรวจวัดสภาพอากาศปางยาง สถานีตรวจวัดสภาพอากาศสะเนียน สถานีตรวจวัดสภาพอากาศผาแตก สถานีตรวจวัดสภาพอากาศถ้ำเวียงแก สถานีตรวจวัดสภาพอากาศวาวี Pang Yang Weather Station Sa Nian Weather Station Pha Taek Weather Station Tham Wiang Kae Weather Station Wawi Weather Station ปริมาณน้ำฝน (มม.) Rainfall (mm) อุณหภูมิ (˚C) I Temperature (˚C) เฉลี่ยAverageต่ำสุดMinimum สูงสุดMaximum ที่มา : สถาบันวิจัยและพัฒนาพื้นที่สูง (องคการมหาชน) Source : Highland Research and Development Institute (Public Organization) ตารางที่ 1.10.1Table 1.10.1 ขอมูลสภาพอากาศบนพื้นที่สูง ป 2565 (ตอ) Weather conditions in high-altitude areas, 2022 (Continued) 46"
/content/drive/MyDrive/PROJECT-RAG SMARTPLANPLANTING/Data/คู่มือเกษตร/open-data-of-agriculture.pdf,55,"1,817,888 265,356 280,813 163,996 131,780 141,999 150,669 121,758 52,783 30,299 26,561 451,874 9,794,849 1,781,152 302,968 212,684 205,168 156,762 140,770 125,908 111,387 45,887 33,127 22,408 424,083 มูลคาการสงออกทั้งหมด มูลคาสินคาเกษตรและผลิตภัณฑที่สำคัญ สินคาเกษตรและผลิตภัณฑสงออก 10 อันดับแรก ผลไมและผลิตภัณฑ ยางธรรมชาติ ขาวและผลิตภัณฑ น้ำตาลและผลิตภัณฑ เนื้อไกและผลิตภัณฑ มันสำปะหลังและผลิตภัณฑ ปลาและผลิตภัณฑ กุงและผลิตภัณฑ ผักและผลิตภัณฑ กากและเศษที่เหลือจากอุตสาหกรรม ผลิตอาหารที่จัดทำไวสำหรับเลี้ยงสัตว สินคาเกษตรอื่น ๆ ยางธรรมชาติ ผลไมและผลิตภัณฑ ขาวและผลิตภัณฑ มันสำปะหลังและผลิตภัณฑ เนื้อไกและผลิตภัณฑ น้ำตาลและผลิตภัณฑ ปลาและผลิตภัณฑ กุงและผลิตภัณฑ ผักและผลิตภัณฑ กากและเศษที่เหลือจากอุตสาหกรรม อื่น ๆ 0 100,000 200,000 300,000 400,000 500,000 Natural rubber Fruits and products Rice and products Cassava and products Chicken meat and products Sugar and products Fishes and products Shrimps and products Vegetables and vegetable products Residues and"
/content/drive/MyDrive/PROJECT-RAG SMARTPLANPLANTING/Data/คู่มือเกษตร/open-data-of-agriculture.pdf,63,"Whole Kingdom Northern Northeastern Central Southern 106.60 80.95 106.97 93.05 162.36 122.11 82.23 109.08 114.64 203.03 139.39 111.45 125.13 132.98 205.60 163.06 129.33 148.18 148.53 252.26 115.08 89.40 106.01 88.42 208.74 ตารางที่ 3.1.1Table 3.1.1 ปริมาณน้ำฝนเฉลี่ย เปนรายภาค และรายจังหวัด ป 2562 - 2566Average rainfall by region and province, 2019 - 2023 ภาค/จังหวัด Region/Province2562 2019 2563 2020 2564 2021 2565 2022 2566 2023 หนวย : มิลลิเมตร (มม.) Unit : Millimeter (mm) รวมทั้งประเทศ เหนือ ตะวันออกเฉียงเหนือ กลาง ใต Kamphaeng Phet Chiang Rai Chiang Mai Tak Nakhon Sawan Nan Phayao Phichit Phitsanulok Phetchabun Phrae Mae Hong Son Lampang Lamphun Sukhothai Uttaradit Uthai Thani Kalasin Khon Kaen Chaiyaphum Nakhon Phanom Nakhon Ratchasima Bueng Kan Buri Ram Maha Sarakham Mukdahan Yasothon Roi Et Loei Si Sa Ket Sakon Nakhon Surin Nong Khai Nong Bua Lam Phu Amnat Charoen Udon Thani Ubon Ratchathani Bangkok Kanchanaburi Chanthaburi 85.12 80.33 83.45 92.24 79.61 102.39 83.24 73.57"
/content/drive/MyDrive/PROJECT-RAG SMARTPLANPLANTING/Data/คู่มือเกษตร/open-data-of-agriculture.pdf,64,"ตารางที่ 3.1.1Table 3.1.1 ปริมาณน้ำฝนเฉลี่ย เปนรายภาค และรายจังหวัด ป 2562 - 2566 (ตอ)Average rainfall by region and province, 2019 - 2023 (Continued) ภาค/จังหวัด Region/Province2562 2019 2563 2020 2564 2021 2565 2022 2566 2023 หนวย : มิลลิเมตร (มม.) Chachoengsao Chon Buri Chai Nat Trat Nakhon Nayok Nakhon Pathom Nonthaburi Pathum Thani Prachuap Khiri Khan Prachin Buri Phra Nakhon Si Ayutthaya Phetchaburi Rayong Ratchaburi Lop Buri Samut Prakan Samut Songkhram Samut Sakhon Sa Kaeo Saraburi Sing Buri Suphan Buri Ang Thong Krabi Chumphon Trang Nakhon Si Thammarat Narathiwat Pattani Phangnga Phatthalung Phuket Yala Ranong Songkhla Satun Surat Thani 91.19 79.79 63.46 290.91 139.96 65.76 78.61 76.35 82.92 121.52 60.75 66.06 102.22 68.97 75.61 78.82 69.41 75.11 102.75 84.64 62.55 55.09 54.68 139.93 174.32 159.26 147.55 165.17 144.84 224.04 142.75 168.89 157.69 231.24 128.37 144.15 144.92 120.21 115.49 75.86 254.72 168.56 97.86 97.30 106.09 100.85 142.72 96.40 89.88 153.85 91.11 85.25"
/content/drive/MyDrive/PROJECT-RAG SMARTPLANPLANTING/Data/คู่มือเกษตร/open-data-of-agriculture.pdf,65,"300 250 200 150 100 50 0 25622019 2563 2020 2564 2021 2565 2022 2566 2023 ปริมาณน้ำฝนเฉลี่ย เปนรายภาค และรายจังหวัด ป 2564 - 2566Average rainfall by region and province, 2021 - 2023 มม.mm ปริมาณน้ำฝนเฉลี่ยAverage rainfall เหนือ Northern ตะวันออกเฉียงเหนือ Northeastern กลาง Central ใต Southern รูปที่ 3.1.1Figure 3.1.1 59 Ministry of Higher Education, Science, Research and Innovationกระทรวงการอุดมศึกษา วิทยาศาสตร วิจัย และนวัตกรรม"
/content/drive/MyDrive/PROJECT-RAG SMARTPLANPLANTING/Data/คู่มือเกษตร/open-data-of-agriculture.pdf,67,"ตารางที่ 4.1.1Table 4.1.1 อุณหภูมิต่ำสุด และสูงสุดเฉลี่ย เปนรายภาค และรายจังหวัด ป 2564 - 2566Average minimum and maximum temperature by region and province, 2021 - 2023 ภาค/จังหวัด อุณหภูมิต่ำสุดเฉลี่ย Average minimum temperature อุณหภูมิสูงสุดเฉลี่ย Average maximum temperature Region/Province Whole Kingdom Northern Northeastern Central Southern Kamphaeng Phet Chiang Rai Chiang Mai Tak Nakhon Sawan Nan Phayao Phichit Phitsanulok Phetchabun Phrae Mae Hong Son Lampang Lamphun Sukhothai Uttaradit Uthai Thani Kalasin Khon Kaen Chaiyaphum Nakhon Phanom Bueng Kan Buri Ram Maha Sarakham Mukdahan Yasothon Roi Et Loei Si Sa Ket Sakon Nakhon Surin Nong Khai Nong Bua Lam Phu Amnat Charoen Udon Thani Ubon Ratchathani 20.4 19.2 19.2 21.1 22.0 20.5 17.1 16.0 16.9 21.0 17.7 17.5 21.3 20.5 20.1 19.0 18.0 18.6 18.9 20.7 20.9 21.7 19.1 19.4 20.2 18.1 18.8 19.4 19.7 19.5 18.9 19.3 17.9 20.2 18.6 19.2 19.4 18.9 18.9 19.3 19.4 20.3 19.3 18.6 20.9 22.5 20.6 16.9 15.3 17.8 20.7 17.9 18.1 21.6 20.3 20.3"
/content/drive/MyDrive/PROJECT-RAG SMARTPLANPLANTING/Data/คู่มือเกษตร/open-data-of-agriculture.pdf,68,"ตารางที่ 4.1.1Table 4.1.1 อุณหภูมิต่ำสุด และสูงสุดเฉลี่ย เปนรายภาค และรายจังหวัด ป 2564 - 2566 (ตอ)Average minimum and maximum temperature by region and province, 2021 - 2023 (Continued) ภาค/จังหวัด อุณหภูมิต่ำสุดเฉลี่ย Average minimum temperature อุณหภูมิสูงสุดเฉลี่ย Average maximum temperature Region/Province Nakhon Ratchasima Lop Buri Chai Nat Suphan Buri Phra Nakhon Si Ayutthaya Bangkok Pathum Thani Nakhon Nayok Prachin Buri Chachoengsao Sa Kaeo Chanthaburi Trat Rayong Chon Buri Samut Prakan Nakhon Pathom Kanchanaburi Ratchaburi Samut Songkhram Krabi Chumphon Trang Nakhon Si Thammarat Narathiwat Prachuap Khiri Khan Pattani Phangnga Phatthalung Phetchaburi Phuket Yala Ranong Songkhla Satun Surat Thani 19.7 21.2 21.2 20.9 20.7 22.5 22.2 14.7 21.7 20.3 21.3 21.1 22.1 21.9 21.3 22.4 20.7 19.9 21.3 22.3 20.2 21.9 22.3 22.1 22.3 21.6 22.5 22.2 22.5 21.4 22.7 21.9 21.8 21.6 22.4 22.0 19.8 20.8 20.8 20.4 20.3 22.5 21.7 14.2 21.2 19.6 20.8 21.1 22.2 21.4 21.4 22.3 21.1 19.9 21.6 22.1"
/content/drive/MyDrive/PROJECT-RAG SMARTPLANPLANTING/Data/คู่มือเกษตร/open-data-of-agriculture.pdf,69,"อุณหภูมิต่ำสุด และสูงสุดเฉลี่ย ป 2564 - 2566Average minimum and maximum temperature, 2021 - 2023รูปที่ 4.1.1Figure 4.1.1 อุณหภูมิสูงสุดเฉลี่ย Average maximum temperature อุณหภูมิต่ำสุดเฉลี่ย Average minimum temperature 25642021 0.0 5.0 10.0 15.0 20.0 25.0 30.0 35.0 36.3 20.8 20.3 35.8 20.4 35.2 40.0 2565 2022 2566 2023 ํC Ministry of Digital Economy and Societyกระทรวงดิจิทัลเพื่อเศรษฐกิจและสังคม 63"
/content/drive/MyDrive/PROJECT-RAG SMARTPLANPLANTING/Data/คู่มือเกษตร/open-data-of-agriculture.pdf,74,"ตารางที่ 5.1.1Table 5.1.1 ปริมาณการปลอยกาซเรือนกระจกของประเทศไทย ป 2553 - 2562Greenhouse gas emissions quantity of Thailand, 2010 - 2019 ป Year ปริมาณการปลอย กาซเรือนกระจกสุทธิ Greenhouse gas emissions quantity ภาคสวนSector ภาคพลังงาน Energy ภาคกระบวนการอุตสาหกรรม Industrial processes and Product Use ภาคเกษตร Agriculture ภาคของเสีย Waste ภาคการเปลี่ยนแปลงการใชประโยชนที่ดินและปาไม Land-Use Change and Forestry (LULUCF) หนวย: กิกะกรัมคารบอนไดออกไซดเทียบเทา (Ggco2eq) Unit: Gigagrams of Carbon Dioxide Equivalent (Ggco2eq) 233,105.75 229,859.44 242,867.49 241,717.77 239,742.21 241,918.80 254,540.07 255,244.90 257,340.89 260,772.69 29,961.53 31,290.10 33,484.60 33,299.85 34,819.39 35,675.42 37,189.17 38,054.69 40,118.18 38,301.21 60,694.70 61,220.57 64,250.78 59,080.05 57,995.56 52,324.55 52,303.38 57,052.83 58,486.02 56,766.32 -65,827.73 -74,636.18 -80,695.94 -83,110.84 -100,508.25 -87,337.57 -87,054.60 -85,380.82 -85,968.30 -91,988.52 15,778.55 14,900.97 11,866.89 13,978.13"
/content/drive/MyDrive/PROJECT-RAG SMARTPLANPLANTING/Data/คู่มือเกษตร/open-data-of-agriculture.pdf,75,"300,000 280,000 260,000 240,000 220,000 25532010 2554 2011 2555 2012 2556 2013 2557 2014 2558 2015 2559 2016 2560 2017 2561 2018 2562 2019 ปริมาณการปลอยกาซเรือนกระจกของประเทศไทย ป 2553 - 2562Greenhouse gas emissions quantity of Thailand, 2010 - 2019 ภาคพลังงาน Energy ปริมาณการปลอยกาซเรือนกระจกสุทธิ Greenhouse gas emissions quantity รูปที่ 5.1.1Figure 5.1.1 กิกะกรัมคารบอนไดออกไซดเทียบเทา (Ggco2eq) 0 -20,000 -40,000 -60,000 -80,000 -100,000 -120,000 2553 2010 2554 2011 2555 2012 2556 2013 2557 2014 2558 2015 2559 2016 2560 2017 2561 2018 2562 2019 ภาคการเปลี่ยนแปลงการใชประโยชนที่ดินและปาไม Land-Use Change and Forestry (LULUCF) กิกะกรัมคารบอนไดออกไซดเทียบเทา (Ggco2eq) 70,000 60,000 50,000 40,000 30,000 20,000 10,000 2553 2010 2554 2011 2555 2012 2556 2013 2557 2014 2558 2015 2559 2016 2560 2017 2561 2018 2562 2019 ภาคของเสีย Waste ภาคเกษตร Agriculture ภาคกระบวนการอุตสาหกรรม Industrial processes and Product Use กิกะกรัมคารบอนไดออกไซดเทียบเทา (Ggco2eq) 273,712.80"
/content/drive/MyDrive/PROJECT-RAG SMARTPLANPLANTING/Data/คู่มือเกษตร/open-data-of-agriculture.pdf,82,"ตารางที่ 5.3.1Table 5.3.1 ปริมาณน้ำฝนที่ไดจากเครื่องมือวัดปริมาณน้ำฝนอัตโนมัติของเครื่องวัดมวลดิน เปนรายภาค และรายจังหวัด ป 2564 - 2566Rainfall amount obtained from automatic rainfall measurement instrument of soil moisture meter by region Whole Kingdom Northern Southern 2,765.00 1,485.80 1,279.20 11,348.28 5,708.59 5,639.69 10,927.60 5,244.45 5,683.15 จังหวัด ปริมาณน้ำฝน (มม.) Rainfall (mm.) 2564 2021 2565 2022 2566 2023 Province รวมทั้งประเทศ เหนือ ใต Chiang Rai Chiang Mai Nan Mae Hong Son Lampang Uttaradit Krabi Nakhon Si Thammarat Phatthalung Phuket Surat Thani 321.20 1.60 311.20 137.40 297.40 417.00 558.00 376.00 221.60 93.60 30.00 1,612.00 794.40 1,330.40 607.40 85.20 1,279.19 844.05 29.40 0 56.40 4,709.84 748.93 813.27 3,387.65 0.00 289.00 5.60 5,278.75 46.40 0 358.00 0 เชียงราย เชียงใหม นาน แมฮองสอน ลำปาง อุตรดิตถ กระบี่ นครศรีธรรมราช พัทลุง ภูเก็ต สุราษฎรธานี ที่มา : กรมทรัพยากรธรณี Source : Department Of Mineral Resources 4,000 มม. mm. 2,000 0 2564 2021 2565 2022"
/content/drive/MyDrive/PROJECT-RAG SMARTPLANPLANTING/Data/คู่มือเกษตร/open-data-of-agriculture.pdf,82,"กรมทรัพยากรธรณี Source : Department Of Mineral Resources 4,000 มม. mm. 2,000 0 2564 2021 2565 2022 2566 2023 321.20 1,612.00 748.93 813.27 3,387.65 0.00 289.00 5.60 794.40 1,330.40 607.40 85.20 1,279.19 1.60 311.20 137.40 297.40 417.00 ภาคเหนือ Northern ปริมาณน้ำฝนที่ไดจากเครื่องมือวัดปริมาณน้ำฝนอัตโนมัติของเครื่องวัดมวลดิน เปนรายภาค และรายจังหวัด ป 2564 - 2566Rainfall amount obtained from automatic rainfall measurement instrument of soil moisture meter by regionรูปที่ 5.3.1Figure 5.3.1 เชียงรายChiang Rai เชียงใหมChiang Mai นานNan แมฮองสอน Mae Hong Son ลำปางLampang อุตรดิตถUttaradit 4,000 2,000 0 2564 2021 2565 2022 2566 2023 558.00 844.05 5,278.75 376.00 46.40 1,612.00 221.60 93.60 56.40 358.00 30.00 4,709.84 กระบี่Krabi นครศรีธรรมราช Nakhon Si Thammarat พัทลุงPhatthalung ภูเก็ตPhuket สุราษฎรธานีSurat Thani 6,000 มม. mm. ภาคใต Southern 76 Ministry of Natural Resources and Environmentกระทรวงทรัพยากรธรรมชาติและสิ่งแวดลอม"
/content/drive/MyDrive/PROJECT-RAG SMARTPLANPLANTING/Data/คู่มือเกษตร/open-data-of-agriculture.pdf,86,"ตารางที่ 5.4.2Table 5.4.2 พื้นที่เสี่ยงภัยแลงในเขตเกษตรน้ำฝน เปนรายภาค และรายจังหวัด ระหวางป 2562 - 2563Areas at risk of drought in rainfed agriculture zone by region and province, between 2019 - 2020 Whole Kingdom Northern Northeastern Central Southern 25,214,508 3,232,158 3,491,354 5,558,326 12,932,670 55,939,029 10,744,075 31,086,455 8,187,787 5,920,711 21,771,458 5,592,254 12,556,231 3,622,972 0 16,100,351 3,860,137 10,165,917 2,074,298 0 ภาค/จังหวัด ระดับความเสี่ยง (ไร) Risk level (rai) Region/Province ไมเสี่ยงภัยแลง No risk of drought เสี่ยงภัยแลงนอย Low risk of drought เสี่ยงภัยแลงปานกลาง Moderate risk of drought เสี่ยงภัยแลงมาก High risk of drought รวมทั้งประเทศ เหนือ ตะวันออกเฉียงเหนือ กลาง ใต Kamphaeng Phet Chiang Rai Chiang Mai Tak Nakhon Sawan Nan Phayao Phichit Phitsanulok Phetchabun Phrae Mae Hong Son Lampang Lamphun Sukhothai Uttaradit Uthai Thani Kalasin Khon Kaen Chaiyaphum Nakhon Phanom Nakhon Ratchasima Bueng Kan Buri Ram Maha Sarakham Mukdahan Yasothon"
/content/drive/MyDrive/PROJECT-RAG SMARTPLANPLANTING/Data/คู่มือเกษตร/open-data-of-agriculture.pdf,87,"ตารางที่ 5.4.2Table 5.4.2 พื้นที่เสี่ยงภัยแลงในเขตเกษตรน้ำฝน เปนรายภาค และรายจังหวัด ระหวางป 2562 - 2563 (ตอ)Areas at risk of drought in rainfed agriculture zone by region and province, between 2019 - 2020 (Continued) ภาค/จังหวัด ระดับความเสี่ยง (ไร) Risk level (rai) Region/Province ไมเสี่ยงภัยแลง No risk of drought เสี่ยงภัยแลงนอย Low risk of drought เสี่ยงภัยแลงปานกลาง Moderate risk of drought เสี่ยงภัยแลงมาก High risk of drought Kanchanaburi Chanthaburi Chachoengsao Chon Buri Chai Nat Trat Nakhon Nayok Nakhon Pathom Nonthaburi Pathum Thani Prachuap Khiri Khan Prachin Buri Phra Nakhon Si Ayutthaya Phetchaburi Rayong Ratchaburi Lop Buri Samut Prakan Samut Songkhram Samut Sakhon Sa Kaeo Saraburi Suphan Buri Krabi Chumphon Trang Nakhon Si Thammarat Narathiwat Pattani Phangnga Phatthalung Phuket Yala Ranong Songkhla Satun Surat Thani 819,607 34,875 209,048 1,517,715 1 11,377 203,485 1,387 18,555 34,625 31,926 106,332 26,779 0 668,702 359,302 0 148,591 37,764 13,521 455,577"
/content/drive/MyDrive/PROJECT-RAG SMARTPLANPLANTING/Data/คู่มือเกษตร/open-data-of-agriculture.pdf,88,"พื้นที่เสี่ยงภัยแลงในเขตเกษตรน้ำฝน เปนรายภาค ระหวางป 2562 - 2563 Areas at risk of drought in rainfed agriculture zone by region, between 2019 - 2020รูปที่ 5.4.2Figure 5.4.1 ไมเสี่ยงภัยแลง No risk of drought เสี่ยงภัยแลงนอย Low risk of drought เสี่ยงภัยแลงปานกลาง Moderate risk of drought เสี่ยงภัยแลงมาก High risk of drought 35,000,000 ไร rai 30,000,000 25,000,000 20,000,000 15,000,000 10,000,000 0 เหนือNorthern ตะวันออกเฉียงเหนือNortheastern กลางCentral ใตSouthern 10,744,075 3,232,158 5,592,2543,860,137 3,491,354 31,086,455 12,556,231 5,558,326 8,187,787 3,622,9722,074,298 12,932,670 5,920,711 10,165,917 82 Ministry of Natural Resources and Environmentกระทรวงทรัพยากรธรรมชาติและสิ่งแวดลอม"
/content/drive/MyDrive/PROJECT-RAG SMARTPLANPLANTING/Data/คู่มือเกษตร/open-data-of-agriculture.pdf,90,35.02 1.09 2.81 2.73 0.42 0.79 1.66 2.66 0.34 0.38 0.46 3.30 0.96 0.18 0.54 1.57 0.50 0.43 1.14 0.44 1.11 3.40 0.22 0.86 0.56 1.83 1.96 0.99 1.69 14.56 1.77 1.62 3.03 3.03 5.11 2.32 2.18 0.14 16.41 4.19 0.45 4.36 7.41 34.98 1.12 3.22 3.15 0.54 0.93 1.87 2.20 0.39 0.44 0.52 2.52 0.83 0.22 0.64 1.70 0.00 0.52 1.06 0.70 1.40 3.54 0.25 0.97 0.57 1.95 2.13 1.12 0.48 11.73 1.82 0.81 1.56 3.26 4.28 2.25 2.21 0.04 9.51 4.55 0.41 4.55 0.00 104.21 102.75 114.59 115.38 128.57 117.72 112.65 82.71 114.71 115.79 113.04 76.36 86.46 122.22 118.52 108.28 0.00 120.93 92.98 159.09 126.13 104.12 113.64 112.79 101.79 106.56 108.67 113.13 28.40 79.13 102.82 50.00 51.49 107.59 83.76 64.98 101.38 28.57 76.02 108.59 91.11 104.36 0.00 นครสวรรค บึงกบละคร บึงกระจังงาม บึงเขาดิน บึงครอบ บึงควาย บึงทับกฤช บึงบางพระหลวง บึงพลู บึงยาง บึงสำโรง บึงเสนาท บึงหนองสามความ บึงหลม บึงหลวง บึงหวาย บึงออ หนองกรด หนองงูเหลือม หนองชายกรุย หนองตานิวใหญ หนองน้ำทรง หนองน้ำบานบางไซ หนองบางกระแห หนองพง หนองฟาฟูก หนองลาดใหญ
/content/drive/MyDrive/PROJECT-RAG SMARTPLANPLANTING/Data/คู่มือเกษตร/open-data-of-agriculture.pdf,117,"44,334.75 55,054.34 28,505,256.46 1,051,771.70 182,290.09 369,010.02 431,420.35 7,243,992.16 516,372.91 4,203,555.95 3,030.47 103,191.85 2,969,159.64 83,073.31 215,496.85 74,190,544.91 26,516.33 10,886.43 536,297.45 409,595.90 901,301.74 482,601.51 2,044,283.41 4,018,198.12 6,901,791.27 94,275,307.29 480,733.29 296,558.84 2,565,293.03 899,088.72 32,078.25 86,944.50 441,880.31 2,435,099.46 185,660.85 3,204.13 93,126.43 106,446.30 399,261.18 14,109.56 2,321,122.30 54,555.41 37,921.09 42,946.94 17,389,744.23 858,608.18 105,942.19 152,557.62 374,274.75 6,025,082.04 363,103.27 4,056,583.43 2,858.01 กะทิ กากน้ำตาล กุงแชแข็ง ขาวโพดหวานกระปอง ซอสถั่วเหลือง, เตาเจี้ยว, ซีอิ๊ว ดายฝายบริสุทธิ์ ดายฝายผสม นมถั่วเหลือง นมเปรี้ยว นมพรอมดื่ม น้ำชา น้ำตาลทรายขาว น้ำตาลทรายขาวบริสุทธิ์ น้ำตาลทรายดิบ น้ำปลา น้ำผลไม น้ำมันถั่วเหลืองบริสุทธิ์ น้ำมันปาลมดิบ น้ำมันปาลมบริสุทธิ์ น้ำมันมะพราวบริสุทธิ์ น้ำมันรำขาวดิบ น้ำยางขน เนื้อไกแชแข็งและแชเย็น เนื้อไกสุกปรุงรส เบคอน ปลาแชแข็ง"
/content/drive/MyDrive/PROJECT-RAG SMARTPLANPLANTING/Data/คู่มือเกษตร/open-data-of-agriculture.pdf,118,"47,424.40 168,205.29 2,007,594.34 1,332.46 3,866.27 121,045.22 99,980.28 101,481.17 92,946.45 421,903.63 2,659,398.62 3,473,695.40 20,552,172.10 203,115.56 108,292.06 682,641.36 90,231.33 367.16 3,947.09 216,334.69 412,916.44 152,908.49 0 51,415.11 50,062.34 359,202.50 10,198.72 1,398,749.57 51,231.06 35,769.92 35,644.59 1,784,270.38 798,776.60 100,790.95 165,585.14 4,472.58 6.29 26.60 656.95 0 141,029.34 3,167,111.96 72,958.30 169,889.99 74,012,531.53 18,452.89 8,676.56 560,267.81 408,495.42 884,744.88 508,222.48 1,818,249.86 3,535,835.73 4,604,602.42 93,499,607.65 508,145.38 234,922.39 2,652,657.38 524,950.22 32,694.08 76,772.37 529,464.68 2,156,978.48 188,606.55 3,216.65 95,713.69 110,357.21 394,863.71 12,917.33 2,597,429.92 55,360.27 39,994.13 41,831.63 18,029,006.86 882,935.22 112,574.64 180,473.04 349,314.24 5,450,334.71 361,346.53 3,326,740.22 2,867.94 กะทิ กากน้ำตาล กุงแชแข็ง ขาวโพดหวานกระปอง ซอสถั่วเหลือง, เตาเจี้ยว, ซีอิ๊ว ดายฝายบริสุทธิ์ ดายฝายผสม นมถั่วเหลือง"
/content/drive/MyDrive/PROJECT-RAG SMARTPLANPLANTING/Data/โรคพืช/อบรมเรื่องโรคพืชในพืชผักและการจัดการ.pdf,0,โรคของพืชผักและการจัดการ ผู้ช่วยศาสตราจารย์ ดร . สุ พจน์ กา เซ็ม ภาควิชาโรคพืช คณะ เกษตร มหาวิทยาลัยเกษตรศาสตร์
/content/drive/MyDrive/PROJECT-RAG SMARTPLANPLANTING/Data/โรคพืช/อบรมเรื่องโรคพืชในพืชผักและการจัดการ.pdf,1,โรคศัตรูพืชเป็ น ปัญหาส าคัญที่ส่งผลต่อระบบก ารผลิต พืชผัก ทั้ง ใน เชิงปริมาณและคุณภาพ
/content/drive/MyDrive/PROJECT-RAG SMARTPLANPLANTING/Data/โรคพืช/อบรมเรื่องโรคพืชในพืชผักและการจัดการ.pdf,19,แหล่งที่มาของเชื้อโรคพืช ต้นพืชที่เป นโรค เมล็ดพันธุ์ กิ่งพันธุ์ ในดินแปลงปลูกหรือวัสดุปลูก เศษซากพืชในดิน วัชพืชในแปลงปลูก
/content/drive/MyDrive/PROJECT-RAG SMARTPLANPLANTING/Data/โรคพืช/อบรมเรื่องโรคพืชในพืชผักและการจัดการ.pdf,20,โรคพืชแพร่ระบาดได้อย่างไร …… 1 . การ แพร่กระจายโดยลม 2 . การแพร่กระจายโดยน้า 3 . การแพร่กระจายโดยแมลง 4 . การแพร่กระจายโดยส่วนขยายพันธุ์พืช 5 . การแพร่กระจายโดย คน / เครื่องมือต่างๆ
/content/drive/MyDrive/PROJECT-RAG SMARTPLANPLANTING/Data/โรคพืช/อบรมเรื่องโรคพืชในพืชผักและการจัดการ.pdf,21,แนวทางการ ป้องกัน / ควบคุม โรคพืช • ลดและท าลายแหล่งสะสมโรคในแปลง ก่อน ปลูกพืช และหลังปลูกพืช • ป้องกันการเข้ามาของเชื้อโรคนอกแปลง • ยับยั้งพัฒนาการโรคที่เกิดในแปลงและ ป้องกันการระบาด
/content/drive/MyDrive/PROJECT-RAG SMARTPLANPLANTING/Data/โรคพืช/อบรมเรื่องโรคพืชในพืชผักและการจัดการ.pdf,22,วิธีการที่ต้องใช้ในการ ป้องกัน / ควบคุมโรค 1. การตากดินโดยใช้ความร้อนจากแสงอาทิตย์เพื่อฆ่าเชื้อในดินก่อน ปลูกพืชฤดูใหม่ 1 . วิธีกายภาพ
/content/drive/MyDrive/PROJECT-RAG SMARTPLANPLANTING/Data/โรคพืช/อบรมเรื่องโรคพืชในพืชผักและการจัดการ.pdf,23,2 . การ เขตกรรม การก าจัดเศษซากพืชในดิน และวัชพืช การก าหนดระยะปลูก ไม่ให้หนาแน่นเกินไ ป การก าหนดระยะเวลาปลูกให้เหมาะสม การตัดแต่งทรงพุ่มลดความชื้นและล ด การระบาดของโรค การปลูกพืชหมุนเวียน หรือพืชสลับ ในแ ปลง
/content/drive/MyDrive/PROJECT-RAG SMARTPLANPLANTING/Data/โรคพืช/อบรมเรื่องโรคพืชในพืชผักและการจัดการ.pdf,28,โรคส าคัญของพืชตระกูลกะหล่า / พริก / แตง / ถั่ว โรคเน่าระดับดิน หรือโรคกล้าเน่า เชื้อสาเหตุ เชื อราพิเที่ยม (Pythium aphanidermatum) สภาพแวดล้อมที่เหมาะสมต่อการเกิดโรค โรคนี้จะเกิดขึ้นในแปลงที่มีการสะสมของเชื้อโรคเมื่อมีความชื้น สูงมากเกินไปและติดต่อกัน นอกจากนี้การใส่ปุ๋ ยในโตรเจนมากเกินไป ในระยะกล้าจะส่งผลให้เกิดความอ่อนแอง่ายต่อการเข้าท าลายของโรค การจัดการโรค •ก าจัดหรือลดแหล่งสะสมโรคในดิน •ใช้ปุ ยคอกหรือปุ ยหมักที่มีส่วนผสมของเชื้อราไตรโคเดอร์ •จัดการระบายน้าในแปลงให้ดีอย่าให้ชื้นแฉะ •ไม่ปลูกพืชหนาแน่นจนเกินไป และไม่ควรใช้ปุ๋ ยไนโตเจนสูง • หากพบโรคในแปลงให้ก าจัดทันที และราดดินด้วย แบคทีเรียไอเอสอาร์ หรือ คลุกชีวภัณฑ์ไตรโคเดอร์มา
/content/drive/MyDrive/PROJECT-RAG SMARTPLANPLANTING/Data/โรคพืช/อบรมเรื่องโรคพืชในพืชผักและการจัดการ.pdf,32,การควบคุมโรค ก าจัดเศษซากพืชและวัชพืช ไถพลิกดินตากแดดหลายๆ ครั้งก่อน ปลูก เตรียมดินให้ระบายน้าได้ดี เพิ่มปูนขาวและปุ๋ ยคอกลงในดิน ก าจัดแมลงปากกัดและไส้เดือนฝอยในแปลง หลีกเลี่ยงการท าให้พืชเกิดบาดแผล ถ้าพบต้นที่เป นโรค ควรถอนไปเผาทิ้ง แล้วคลุกดินบริเวณนั้นด้วย ก ามะถันผง หรือราดดินด้วยสารเคมีที่มีทองแดงเป นองค์ประกอบ ในแปลงที่เคยระบาดมาก่อน ไม่ควรปลูกผักชนิดเดิมซ้า เลือกพันธุ์มะเขือเทศที่มีความต้านทานระดับปานกลาง-สูง ใช้เชื้อปฏิปักษ์ควบคุมโรค ปรับสภาพดินด้วยปูนขาวและยูเรีย
/content/drive/MyDrive/PROJECT-RAG SMARTPLANPLANTING/Data/โรคพืช/อบรมเรื่องโรคพืชในพืชผักและการจัดการ.pdf,34,การควบคุมโรค 1. ใช้พันธุ์ต้านทานโรค 2. ฆ่าเชื อในดินส าหรับเพาะกล้า และปลูกพืชหมุนเวียนในไร่ปลูก 3. ใช้เชื อราไตรโคเดอร์มา หรือ แบคทีเรียคุมโรค 4. สารเคมีที่ใช้ คาร์บอกซิน หรือ ไทแรม คลุกเมล็ดก่อนปลูกหรือราดโคนต้นพืช
/content/drive/MyDrive/PROJECT-RAG SMARTPLANPLANTING/Data/โรคพืช/อบรมเรื่องโรคพืชในพืชผักและการจัดการ.pdf,36,การควบคุมโรคพืช 1. ใช้สารเคมีประเภทดูดซึม เช่น carboxin หรือ thiram คลุกเมล็ดก่อนปลูกหรือราดโคน ต้นพืช 2. ใช้จุลินทรีย์ เช่น เชื้อรา ไตรโคเดอร์มา หรือแบคทีเรีย เช่น บาซิลลัส ซับิลลิส (BS) คลุกเมล็ดก่อนปลูกหรือโรยรอบโคนต้น 3. ใช้วิธีเขตกรรม - ก าจัดเศษซากพืชที่เป็นโรค - ไถตากดินก่อนปลูก - ใส่ปุ๋ ยหมัก หรือปุ ยคอกเพื่อเพิ่มความอุดมสมบูรณ์ของดิน - จัดระบบการระบายน้าให้ดี
/content/drive/MyDrive/PROJECT-RAG SMARTPLANPLANTING/Data/โรคพืช/อบรมเรื่องโรคพืชในพืชผักและการจัดการ.pdf,38,การป้องกันก าจัด 1. เลือกใช้เมล็ดพันธุ์ที่สะอาดปราศจากเชื อปะปน 2. หลังจากเก็บเกี่ยวให้เก็บท าลายเศษซากพืชที่เป็นโรคให้หมดโดยการเผาหรือฝังดินลึกๆ 3. ปลูกพืชหมุนเวียน 4. หลีกเลี่ยงการย้ายกล้าอ่อนของมะเขือเทศไปปลูก ใกล้มะเขือเทศ มันฝรั่งหรือ มะเขือยาว ที่ปลูกอยู่ก่อน 5. หากเกิดโรคขึ นในแปลงปลูกอาจป้องกันต้นที่ยังดีและลดความเสียหายของโรคลงได้โดย การใช้สารเคมีต่างๆ เช่น ไดเทนเอ็ม-45 แคปแตน แมนโคเซ็บ 20-30 กรัมต่อน้ า 1 ปี๊บ หรือ คูปราวิท ไธแรม ซีเน็บ มาเน็บ 40-50 กรัมต่อน้ า1 ปี๊บ ท าการพ่นให้กับต้นมะเขือเทศทุกๆ 7-10 วัน ถ้าเกิดโรครุนแรง หรือสิ่งแวดล้อมเหมาะสมต่อการท าลายของโรค ก็ให้ร่น ระยะเวลาฉีดให้เร็วขึ นเป็น 3-5 วันต่อครั ง 6.ใช้ชีวภัณฑ์ บาซิลลัส
/content/drive/MyDrive/PROJECT-RAG SMARTPLANPLANTING/Data/โรคพืช/อบรมเรื่องโรคพืชในพืชผักและการจัดการ.pdf,40,"การควบคุมโรค 1. ใช้เมล็ดพันธุ์ปลอดโรค หรือท าseed treatment เช่น hot water treatment (50-52 oC 30 นาที) หรือใช้สารเคมี Delsene MX คลุกเมล็ดในอัตรา 0.8% ของน้าหนักเมล็ด 2. ในระยะติดผล ฉีดพ่น คาเบนดาซิม, เบนโนมิล, โปคลอราช, แมนโคเซ็บ และ carbendazim+ แมนโคเซ็บ 3.ปลูกพืชหมุนเวียนสลับ หมั่นท าลายวัชพืชท าลายเศษซากพืชที่เป นโรค 4.หลังการเก็บเกี่ยวควรเก็บพริกในห้องเย็นภายใต้อุณหภูมิคงที่"
/content/drive/MyDrive/PROJECT-RAG SMARTPLANPLANTING/Data/โรคพืช/อบรมเรื่องโรคพืชในพืชผักและการจัดการ.pdf,47,การควบคุมโรคพืชที่เกิดจากไส้เดือนฝอย 1 . วิธีการทางเขตกรรม เช่น การปลูกพืชหมุนเวียน การไถดิ น ตากแดดหลายๆ ครั้ ง การตรวจสอบระบบราก การเลือกปลูก เฉพาะพันธุ์ปลอดโรค 2 . วิธีการทางฟิ สิกส์ เช่น การแช่เมล็ดพันธุ์ หัวพันธุ์ ท่อนพันธุ์ใน น้าอุ่น การอบดินด้วยแสงอาทิตย์ การอบดิน 3 . วิธีการทางกฎหมายเช่น การกักกันพืช การตรวจสอบเมล็ด พันธุ์ หัวพันธุ์ ท่อนพันธุ์ ที่สั่งจากต่างประเทศ 4 . วิธีการทางชีววิธี เช่น การใช้พันธุ์ต้านทาน การใช้เชื้ อรา ท าลายไข่ไส้เดือนฝอย การใช้พืชกับดัก การใช้พืชปรปัก ษ์ 5 . วิธีการทางเคมี เช่น อบดิน ด้วย
/content/drive/MyDrive/PROJECT-RAG SMARTPLANPLANTING/Data/โรคพืช/อบรมเรื่องโรคพืชในพืชผักและการจัดการ.pdf,56,การจัดการโรค - อย่าให้น้าแฉะจนเกินไป - การจัดการ พีเอชดิน 6.0-7.0 - การตากดินในสภาพแดดจัด อาจช่วยลดระดับหนึ่ง แต่ต้องร่วมกับวิธีการอื่น - เติมไตรโคเดอร์มาในระยะเตรียมดิน ใส่ก้นหลุ่ม และเติมรอบโคนต้นเป็นระยะ
/content/drive/MyDrive/PROJECT-RAG SMARTPLANPLANTING/Data/โรคพืช/อบรมเรื่องโรคพืชในพืชผักและการจัดการ.pdf,57,โรคใบด่างของแตง การจัดการโรค สภาพแวดล้อมที่เหมาะสมต่อการเกิดโรค เชื้อสาเหตุโรค เชื้อ ไวรัส Cucumber Mosaic Virus (CMV) เกิดได้ทุกฤดูแต่จะรุนแรงในฤดูแล้งที่มีแมลงพาหะระบาด คือ เพลี้ยอ่อน การระบาดของโรคเกิดจากการสัมผัสน้า คั้น ใบพืชที่มีโรคและเข้าสู่ต้นใหม่ทางแผลได้ 1 . ป้องกันไม่ให้โรคเกิดโดยก าจัดต้นตอและการระบาด แพร่กระจายของโรคเช่น การก าจัดท าลายวัชพืชให้หม ด หลังจากเก็บเกี่ยวผลแล้ว 2 . ระวังเรื่องการจับต้องสัมผัสต้นพืช ตลอดจนการใ ช้ เครื่องมือต่างๆกับพืช ให้แน่ใจว่าไม่ได้ใช้หรือ ปฏิบัติกับพืช ที่เป นโรคมาก่อน 3 . การเลือกใช้หรือปลูกแตงที่มีความต้านทานต่อโรค
/content/drive/MyDrive/PROJECT-RAG SMARTPLANPLANTING/Data/โรคพืช/อบรมเรื่องโรคพืชในพืชผักและการจัดการ.pdf,59,การป้องกันก าจัด : 1. เลือกใช้เมล็ดพันธุ์ที่ปราศจากเชื้อ หรือแช่น้าอุ่น 49-50 องศาเซลเซียส นาน 25 นาที 2. เว้นระยะปลูกไม่ให้ชิดกันมากเพื่อระบายความชื้น 3. ก าจัดวัชพืชพวกแตงต่างๆ และต้นที่หลงเหลือจากการเก็บเกี่ยวจากแปลงปลูก 4. หากพบใบเป็นโรคให้เด็ดออกโดยระวังการปลิวของสปอร์เชื้อรา 5. ใช้เชื้อแบคทีเรียปฏิปักษ์ เช่น บาซิลลัส ซับทิลิส อัตรา 30-50 กรัมต่อน้า 20 ลิตร พ่นป้องกันเป็น ระยะ หรือพ่นหลังจากเมื่อเด็ดใบที่เป็นโรคออกแล้วเพื่อให้ป้องกันใบอื่นติดโรค หรือใช้สารเคมีกลุ่ม เมตาแลกซิลพ่น
/content/drive/MyDrive/PROJECT-RAG SMARTPLANPLANTING/Data/โรคพืช/อบรมเรื่องโรคพืชในพืชผักและการจัดการ.pdf,63,โรคใบด่างหรือใบด่างเหลืองของถั่วฝักยาว การจัดการโรค สภาพแวดล้อมที่เหมาะสมต่อการเกิดโรค เชื้อสาเหตุโรค เชื้อ ไวรัส Cowper aphid – bo rne mosaic virus (CAMV) สามารถถ่ายทอดทางเมล็ดพันธุ์ ดังนั นถ้าน าเมล็ดพันธุ์ที่มีเชื อ ติดอยู่ไปปลูกในพื นที่ก็จะเป็นการน าโรคสู่พื นที่นั นๆ ได้ และโรค นี ยังสามารถถ่ายทอดอย่างรวดเร็วโดยเพลี ยอ่อนที่อยู่ในแปลง 1.ใช้เมล็ดพันธุ์ที่มีลักษณะดี ต้านทานโรค 2.หมั่นส ารวจแปลงเมื่อเริ่มพบต้นเป็นโรคแม้เพียง 1 ต้นให้รีบถอนน าไปเผาท าลาย 3.ควบคุมปริมาณเพลี ยอ่อนในแปลงอย่างสม่าเสมอ ด้วยวิธีการต่างๆ เช่น ใช้ผ้าพลาสติก สะท้อนแสงสีบรอนซ์คลุมดิน ใช้กับดักกาวเหนียวสีเหลือง ใช้น้ าสบู่หรือน้ าผสมผงซักฟอกอ่อนๆ หรือสารสกัดจากพืช เช่น สารสะเดา และอื่นๆฉีดพ่นเป็นระยะ 4.ก าจัดเพลี ยอ่อน
/content/drive/MyDrive/PROJECT-RAG SMARTPLANPLANTING/Data/โรคพืช/อบรมเรื่องโรคพืชในพืชผักและการจัดการ.pdf,64,โรคราสนิมของถั่วฝักยาว การจัดการโรค สภาพแวดล้อมที่เหมาะสมต่อการเกิดโรค เชื้อสาเหตุโรค เชื้อรา เชื้อรา Uromyces phaseoli var. vignae เกิดได้ดีในสภาพฝนตกต่อเนื่องและอุณหภูมิค่อนร้อนอบอ้าว สปอร์ ของเชื อราจะแพร่กระจายไปทั่วแปลง โดยลมหยดน้ าฝนที่กระทบ สภาพแวดล้อมที่เหมาะสมคือ อุณหภูมิและความชื นในแปลงสูง การ เว้นระยะปลูกไม่เหมาะสม ปลูกถี่เกินไป หรือปล่อยใช้วัชพืชขึ นรก จะ ท าให้ความชื นในแปลงสูง เกิดโรคได้ดี 1. ก าจัดเศษซากพืชรุ่นที่แล้วและวัชพืชในแปลงให้หมด ไถพลิกกลับดิน ตากแดดนานๆ 2.เว้นระยะปลูกให้เหมาะสม เพื่อให้สามารถระบายความชื นในแปลงได้เร็ว 3.หมั่นส ารวจแปลงเมื่อเริ่มพบต้นเป็นโรคควรรีบตัดแต่ง น าไปเผาท าลาย 4.ในช่วงที่สภาพแวดล้อมที่เหมาะสม ควรพ่นเชื อราไตรโคเดอร์มา หรือแบคทีเรียปฏิปักษ์ ต่อเนื่อง 5.ก าจัดวัชพืชในแปลงและบริเวณรอบๆ เพื่อมิให้เป็นแหล่งอาศัยข้ามฤดูของเชื อ
/content/drive/MyDrive/PROJECT-RAG SMARTPLANPLANTING/Data/โรคพืช/อบรมเรื่องโรคพืชในพืชผักและการจัดการ.pdf,65,โรคใบจุด การจัดการโรค สภาพแวดล้อมที่เหมาะสมต่อการเกิดโรค เชื้อสาเหตุโรค เชื้อรา เซอร์คอสปอ ร่า ความชื นในแปลงสูง การถ่ายเทอากาศไม่ดี ความชื นในพุ่มใบสูง เป็นสภาพเหมาะต่อการเข้าท าลายพืช และการเกิดโรค โรคมีการ แพร่ระบาด โดยลม น้ าฝนหรือน้ าที่ใช้รดต้นพืช เชื อติดไปกับปีกและ ขาของแมลง และสิ่งที่มาสัมผัส 1.ใช้เมล็ดพันธุ์ที่มีลักษณะดี ต้านทานโรค 2.หมั่นส ารวจแปลงเมื่อเริ่มพบต้นเป็นโรคแม้เพียง 1 ต้นให้รีบถอนน าไปเผาท าลาย 3.ควบคุมปริมาณเพลี ยอ่อนในแปลงอย่างสม่าเสมอ ด้วยวิธีการต่างๆ เช่น ใช้ผ้าพลาสติก สะท้อนแสงสีบรอนซ์คลุมดิน ใช้กับดักกาวเหนียวสีเหลือง ใช้น้ าสบู่หรือน้ าผสมผงซักฟอกอ่อนๆ หรือสารสกัดจากพืช เช่น สารสะเดา และอื่นๆฉีดพ่นเป็นระยะ
/content/drive/MyDrive/PROJECT-RAG SMARTPLANPLANTING/Data/ปฏิทินการเพาะปลูก/calendar69.pdf,0,ช่วงเดือนเก็บเกี่ยวผลผลิตสูงสุด ปฎิทินสินค้าเกษตรที่ส าคัญรายเดือน ปี เพาะปลูก 2568/69 หน่วย: ร้อยละ
/content/drive/MyDrive/PROJECT-RAG SMARTPLANPLANTING/Data/ปฏิทินการเพาะปลูก/ปฏ-ท-นฤด-กาลส-นค-าเกษตร-ป-2568.pdf,4,"ม.ค. ก.พ. มี.ค. เม.ย. พ.ค. มิ.ย. ก.ค. ส.ค. ก.ย. ต.ค. พ.ย. ธ.ค. 1.55% 0.59% 0.15% 0.21% 0.05% 0.67% 7.26% 8.06% 9.05% 63.95% 8.46% 8.63% 32.63% 36.57% 13.63% 5.10% 2.90% 0.36% 0.17% 0.01% พ.ค. มิ.ย. ก.ค. ส.ค. ก.ย. ต.ค. พ.ย. ธ.ค. 0.66% 7.26% 8.05% 9.02% 63.98% 8.48% 25682567 2 ข้าว แหล่งผลิตส าคัญ นาป : อุบลราชธานี นครสวรรค์ นครราชสีมา สุรินทร์ ศรีสะเกษ บุรีรัมย์ พิจิตร ร้อยเอ็ด นาปรัง : สุพรรณบุรี นครสวรรค์ พระนครศรีอยุธยา พิษณุโลก พิจิตร ก าแพงเพชร สุโขทัย ชัยนาท ปีปี ช่วงผลผลิตน้อย ช่วงผลผลิตออกสู่ตลาดปกติ ช่วงผลผลิตออกมาก ปริมาณผลผลิตและราคา ที่มา : 1USDA ข้อมูล ณ เม .ย. 68 2ส านักงานเศรษฐกิจการเกษตร 3แผนการก าหนดความต้องการใช้ข้าว ปี 2567/68 (ความต้องการใช้ข้าวรวม - ส่งออก = ความต้องการใช้ข้าวในประเทศ) 4กรมศุลกากร 5ราคาโดยกรมการค้าภายใน หมายเหตุ : * ตัวเลขประมาณการ เป้าหมายส่งออกข้าว ปี 2568 จากกรมการค้าต่างประเทศและสมาคมผู้ส่งออกข้าวไทย 0 5 10 15 20 25 30 5,000 6,000 7,000 8,000 9,000 10,000 11,000 12,000 13,000 ปี 65/66 ปี 66/67 67/68 ล้านตันบาท/ตัน ผลผลิตนาปี ผลผลิตนาปรัง"
/content/drive/MyDrive/PROJECT-RAG SMARTPLANPLANTING/Data/ปฏิทินการเพาะปลูก/ปฏ-ท-นฤด-กาลส-นค-าเกษตร-ป-2568.pdf,4,"9,000 10,000 11,000 12,000 13,000 ปี 65/66 ปี 66/67 67/68 ล้านตันบาท/ตัน ผลผลิตนาปี ผลผลิตนาปรัง ราคาข้าวเปลือกเจ้านาปี ราคาข้าวเปลือกเจ้านาปรัง นาปรัง 68 นาปี 67/68 กลับหน้า สารบัญ โครงสร้างข้าว ผลผลิตรวม 31.596 ล้านตันข้าวเปลือก (20.537 ล้านตันข้าวสาร) 8.030 ล้านตันข้าวสาร ส่งออก ความต้องการใช้ รอบที่ 2 5.864 ล้านตันข้าวเปลือก รอบที่ 1 25.732 ล้านตันข้าวเปลือก แปรสภาพ 27.980 ล้านตันข้าวเปลือก (18.187 ล้านตันข้าวสาร) ท าพันธุ์ 1.411 ล้านตันข้าวเปลือก 10.157 ล้านตันข้าวสาร ใช้ในประเทศ 5.749 ล้านตันข้าวสาร บริโภคทั่วไป อาหารสัตว์ และอื่นๆ แปรรูป (เส้นก๋วยเตี๋ยว,แป้ง,ขนม) 4.408 ล้านตันข้าวสาร อุตสาหกรรมแปรรูป ประเทศคู่ค้า ข้าวขาว อินโดนีเซีย อิรัก ฟิลิปปินส์ ญี่ปุ่ น โมซัมบิก ข้าวหอมมะลิ สหรัฐอเมริกา ฮ่องกง จีน แคนาดา สิงคโปร์ ปลายข้าว เซเนกัล โกตดิวัวร์ จีน อินโดนีเซีย ปาปัวนิวกินี ข้าวนึ่ง แอฟริกาใต้ เยเมน เบนิน เลบานอน รัสเซีย ข้าวเหนียว จีน สหรัฐอเมริกา ญี่ปุ่ น เวียดนาม สิงคโปร์ 29.391 ล้านตันข้าวเปลือก (19.104 ล้านตันข้าวสาร) ปี การผลิต 2567/68 ที่มา : ตัวเลขประมาณการจากกรมการข้าว"
/content/drive/MyDrive/PROJECT-RAG SMARTPLANPLANTING/Data/ปฏิทินการเพาะปลูก/ปฏ-ท-นฤด-กาลส-นค-าเกษตร-ป-2568.pdf,4,"ล้านตันข้าวเปลือก (19.104 ล้านตันข้าวสาร) ปี การผลิต 2567/68 ที่มา : ตัวเลขประมาณการจากกรมการข้าว ปริมาณ/ราคา ปี 65/66 ปี 66/67 ปี 67/68* การผลิตและการใช้ : ล้านตันข้าวเปลือก ผลผลิต -โลก1 794.92 803.20 824.30 -ไทย2 นาปี 26.71 26.93 27.01 นาปรัง 6.92 6.54 8.27 ความต้องการใช้ -โลก1 800.28 805.33 816.48 -ไทย3 16.88 16.99 17.04 ปี 2566 ปี 2567 ปี 2568 การส่งออก (ล้านตันข้าวสาร) 4 8.77 9.95 7.50* ราคา : บาท / ตัน5 ปี 65/66 ปี 66/67 ปี 67/68 ข้าวเปลือกเจ้า นาปี (ความชื้นไม่เกิน 15%) 9,571 12,225 9,324 ข้าวเปลือกเจ้า นาปรัง (ความชื้น ไม่เกิน 15%) 10,848 11,458 8,075 (ณ เม .ย.68) แนวทางการช่ วยเหลือเกษตรกรผู ปลูกข้าว ปี การผลิต 2567/68 นาปี 68/69 1. มาตรการรักษาเสถียรภาพราคาข้าวเปลือก ปี 2567/68 1) โครงการสินเชื่อชะลอการขายข้าวเปลือกนาปี (ธ.ก.ส.) 2) โครงการสินเชื่อเพื่อรวบรวมข้าวและสร้างมูลค่าเพิ่มโดยสถาบันเกษตรกร (ธ.ก.ส.) 3) โครงการชดเชยดอกเบี้ยให้ผู้ประกอบการค้าข้าวในการเก็บสต็อก (คน.) 2. มาตรการช่ วยเหลือต้นทุนการผลิต 1) โครงการสนับสนุนค่าบริหารจัดการและพัฒนาคุณภาพผลผลิตเกษตรกร ผู้ปลูกข้าว"
/content/drive/MyDrive/PROJECT-RAG SMARTPLANPLANTING/Data/ปฏิทินการเพาะปลูก/ปฏ-ท-นฤด-กาลส-นค-าเกษตร-ป-2568.pdf,4,"วยเหลือต้นทุนการผลิต 1) โครงการสนับสนุนค่าบริหารจัดการและพัฒนาคุณภาพผลผลิตเกษตรกร ผู้ปลูกข้าว (สนับสนุนไร่ละ 1,000 บาท) (ธ.ก.ส.) 3. มาตรการด้านกฎหมาย 1) แสดงราคารับซื้อข้าวเปลือกให้ชัดเจน และ ห้ามหักลดน้าหนักสิ่งเจือปน เกินอัตราที่ก าหนด (ไม่เกิน2%) 2) ห้ามขนย้ายข้าวเปลือก-ข้าวสาร ตั้งแต่ 10 ตันขึ้นไป/ครั้ง เข้า-ออก จากท้องที่ที่ก าหนด (20 จังหวัด) 3) โรงสี ผู้ค้า ผู้ส่งออก ท่าข้าวต้องจดทะเบียนผู้ประกอบการค้าข้าว และ แจ้งรายงานสต็อกข้าวเป็นประจ าทุกเดือน 4. มาตรการเสริมอื่นๆ 1) โครงการจัดตลาดนัดข้าวเปลือก (คน.) 2) โครงการเพิ่มช่องทางการตลาดสินค้าพืชไร่ ปี 2567/68 (คน.) (เปิดจุ ดรับซื้อ สนับสนุนตันละ 500 บาท)"
/content/drive/MyDrive/PROJECT-RAG SMARTPLANPLANTING/Data/ปฏิทินการเพาะปลูก/ปฏ-ท-นฤด-กาลส-นค-าเกษตร-ป-2568.pdf,5,ม.ค. ก.พ. มี.ค. เม.ย. พ.ค. มิ.ย. ก.ค. ส.ค. ก.ย. ต.ค. พ.ย. ธ.ค. 1.05% 0.33% 3.91% 5.45% 0.87% 0.25% 0.97% 5.80% 12.13% 23.60%33.70% 11.77% พ.ค. มิ.ย. ก.ค. ส.ค. ก.ย. ต.ค. พ.ย. ธ.ค. 0.86% 0.26% 0.99% 5.64% 11.96% 23.82% 33.86% 11.86% 25682567 3 ข้าวโพดเลี้ยงสัตว์ แหล่งผลิตส าคัญ เพชรบูรณ์ 12% นครราชสีมา 11% ตาก 9% ลพบุรี 7% น่าน 6% นครสวรรค์ 6% เชียงใหม่ 5% เลย 4% ล าปาง4% พิษณุโลก 4% อื่น ๆ 33% ปีปี ปริมาณผลผลิตและราคา ที่มา : 1 USDA ข้อมูล ณ พ .ค.68 2ส านักงานเศรษฐกิจการเกษตร ณ มี.ค.68 และคาดการณ์ ผลผลิตปี 68/69 = 4.82 ลต. 3สมาคมผู้ผลิตอาหารสัตว์ไทย 4กรมศุลกากร ณ ม .ค.-มี.ค.68 หมายเหตุ: * ตัวเลขประมาณการ 4.40 4.50 4.60 4.70 4.80 5 7 9 11 13 ปี 65/66 ปี 66/67 ปี 67/68 ล้านตันบาท/กก. ผลผลิต เกษตรกรขายได้ จ.เพชรบูรณ์ ราคาโรงงานอาหารสัตว์รับซื้อ กทม .และปริมณฑล ราคาซื้อขายล่วงหน้า ณ ตลาดชิคาโก 1. โครงการชดเชยดอกเบี้ยในการเก็บสต็อกข้าวโพดเลี้ยงสัตว์ (คน.) 2. โครงการสินเชื่อเพื่อรวบรวมข้าวโพดเลี้ยงสัตว์ (ธ.ก.ส.) 3. โครงการเพิ่มช่องทางการตลาดข้าวโพดเลี้ยงสัตว์ (คน.) 4.
/content/drive/MyDrive/PROJECT-RAG SMARTPLANPLANTING/Data/ปฏิทินการเพาะปลูก/ปฏ-ท-นฤด-กาลส-นค-าเกษตร-ป-2568.pdf,5,"(ธ.ก.ส.) 3. โครงการเพิ่มช่องทางการตลาดข้าวโพดเลี้ยงสัตว์ (คน.) 4. โครงการเพิ่มประสิทธิภาพการเพาะปลูกข้าวโพดเลี้ยงสัตว์ปี 2567-2568 (ธ.ก.ส.) 5. โครงการส่งเสริมพัฒนาประสิทธิภาพการผลิตข้าวโพดเลี้ยงสัตว์ประเทศไทย (กสก.) ปริมาณ/ราคา ปี 65/66 ปี 66/67 ปี 67/68* การผลิตและการใช้ : ล้านตัน ผลผลิต -โลก1 1,165.64 1,230.52 1,221.28 -ไทย2 4.70 4.61 4.56 ความต้องการใช้ -โลก1 1,174.32 1,220.13 1,250.06 (อุตสาหกรรมอาหารสัตว์) -ไทย3 8.44 8.99 9.20 การน าเข้า การส่งออก : ตัน4 ปี 2566 ปี 2567 ปี 2568 (ม.ค.–มี.ค.) การน าเข้า 1,331,428 2,011,432 369,409 การส่งออก 141 0 0.5 ราคาเฉลี่ย : บาท / กก. ปี 2566 ปี 2567 ปี 2568 (ม.ค.–เม.ย.) เกษตรกรขายได้ จ.เพชรบูรณ์ ความชื้น 14.5% 11.22 10.13 9.88 โรงงานอาหารสัตว์รับซื้อ กทม . ความชื้น 14.5% 11.93 10.79 10.56 ราคาซื้อขายล่วงหน้า ณ ตลาดชิคาโก 7.72 5.89 6.30 กลับหน้า สารบัญ นโยบายอื่น ๆ 1. การบริหารจัดการการน าเข้าข้าวโพดเลี้ยงสัตว์และวัตถุดิบทดแทน 1) ก าหนดสัดส่วนการน าเข้าข้าวสาลีต่อการรับซื้อข้าวโพดเลี้ยงสัตว์ (อาหารสัตว์ทั่วไป 1:3, อาหารสุนัขและแมว 1:2"
/content/drive/MyDrive/PROJECT-RAG SMARTPLANPLANTING/Data/ปฏิทินการเพาะปลูก/ปฏ-ท-นฤด-กาลส-นค-าเกษตร-ป-2568.pdf,6,"25682567 4 ถั่วเหลือง แหล่งผลิตส ำคัญ ขอนแก่น 17% ชัยภูมิ 16% แม่ฮ่องสอน 14% สุโขทัย 8% น่าน 8% แพร่ 5% พ.ค. มิ.ย. ก.ค. ส.ค. ก.ย. ต.ค. พ.ย. ธ.ค. 0.07% 0.26% 8.46% 9.00% 1.40% ม.ค. ก.พ. มี.ค. เม.ย. พ.ค. มิ.ย. ก.ค. ส.ค. ก.ย. ต.ค. พ.ย. ธ.ค. 0.23% 1.46% 63.21% 15.30% 0.61% 0.06% 0.25% 8.45% 8.96% 1.38% ปีปี ปริมาณผลผลิตและราคา ที่มา: 1 USDA ข้อมูล ณ เม .ย.68 2 ส านักงานเศรษฐกิจการเกษตร ณ มี.ค.68. 3กรมศุลกากร 4 กรมการค้าภายใน หมายเหตุ : * ตัวเลขประมาณการ โครงสร้างเมล็ดถั่วเหลือง ควำมต้องกำรใช้ 4.03 4 ล้ำนตัน ส่งออก 0.001 ล้ำนตัน ใช้ ในประเทศ 4.033 ล้ำนตัน 3.267 ล้านตัน (81%) โรงงำนสกัดน้ำมัน 0.605 ล้านตัน (15%) อุตสำหกรรมอำหำรสัตว์ 0.161 ล้านตัน (4%) แปรรูปอำหำร (นมถั่วเหลือง ซีอิ๊ว ซอส) 0.000002 ล้านตัน (0.01%) ท ำพันธุ์ เมล็ด ในประเทศ 0.013 ล้ำนตัน เมล็ดน ำเข้ำ3.254 ล้ำนตัน เมล็ดในประเทศ 0.003 ล้ำนตัน เมล็ดน ำเข้ำ0.602 ล้ำนตัน เมล็ดในประเทศ 0.001 ล้ำนตัน เมล็ดน ำเข้ำ0.160 ล้ำนตัน เมล็ดในประเทศ0.000002 ล้ำนตัน 16,000 16,200 16,400 16,600 16,800 17,000 0 5 10 15 20 25 2566 2567 2568"
/content/drive/MyDrive/PROJECT-RAG SMARTPLANPLANTING/Data/ปฏิทินการเพาะปลูก/ปฏ-ท-นฤด-กาลส-นค-าเกษตร-ป-2568.pdf,6,"ล้ำนตัน 16,000 16,200 16,400 16,600 16,800 17,000 0 5 10 15 20 25 2566 2567 2568 ตันบาท/กก. ผลผลิต ราคาเกษตรกรขายได้ ชนิดคละ ราคาขายส่ง กทม . เกรดสกัดน้ามัน กลับหน้ำ สำรบัญ ปริมาณ/ราคา 2566 2567 2568 กำรผลิตและกำรใช้ : ล้ำนตัน ผลผลิต -โลก1 378.24 396.40 420.58 -ไทย2 16,899 16,346 16,129* ความต้องการใช้ -โลก1 315.604 330.778 354.835 -ไทย2 3.302 3.887 4.035* กำรน ำเข้ำ กำรส่งออก3 :ล้ำนตัน (กรมศุลกากร) (ม.ค-มี.ค.) การน าเข้า 3.285 3.871 1.006 การส่งออก 229 246 30 รำคำเฉลี่ย : บำท / กก. (ม.ค.-เม.ย.) เกษตรกรขายได้ ชนิดคละ 2 23.33 20.17 17.72 ขายส่ง กทม . เกรดสกัดน้ามัน4 22.39 22.41 - 1. ภายใต้ WTO ภาษีร้อยละ 0 ไม่จ ากัดปริมาณและช่วงเวลา 2. ผู้มีสิทธิน าเข้าในโควตารวม 8 สมาคม 1) ร่วมมือรับซื้อถั่วเหลืองในประเทศทั้งหมดตามราคารับซื้อขั้นต่าที่ก าหนด 2) สนับสนุนค่าใช้จ่ายในการรวบรวมเมล็ดถั่วเหลืองให้สหกรณ์การเกษตร/วิสาหกิจชุมชน (ตาม พ .ร.บ. สหกรณ์ พ.ศ. 2542 และ พ .ร.บ. ส่งเสริมวิสาหกิจชุมชน พ .ศ. 2548) กก.ละ 2 บาท 3. ต้องท าสัญญารับซื้อเมล็ดถั่วเหลืองที่ผลิตในประเทศ กับ"
/content/drive/MyDrive/PROJECT-RAG SMARTPLANPLANTING/Data/ปฏิทินการเพาะปลูก/ปฏ-ท-นฤด-กาลส-นค-าเกษตร-ป-2568.pdf,6,"พ .ศ. 2548) กก.ละ 2 บาท 3. ต้องท าสัญญารับซื้อเมล็ดถั่วเหลืองที่ผลิตในประเทศ กับ กระทรวงเกษตรและสหกรณ์และกระทรวงพาณิชย์ 4. แจ้งปริมาณการน าเข้าและการใช้ต่อส านักงานเศรษฐกิจการเกษตร และกรมการค้าภายใน นโยบำยและมำตรกำรบริหำรจัดกำรกำรน ำเข้ำเมล็ดถั่วเหลือง ปี 2566-2568 ช่วงผลผลิตน้อย ช่วงผลผลิตออกสู่ตลาดปกติ ช่วงผลผลิตออกมาก ผลผลิตในประเทศ 16,129 ตัน เมล็ดน ำเข้ำ 4.018 ล้ำนตัน"
/content/drive/MyDrive/PROJECT-RAG SMARTPLANPLANTING/Data/ปฏิทินการเพาะปลูก/ปฏ-ท-นฤด-กาลส-นค-าเกษตร-ป-2568.pdf,7,"8.36 6.27 -แป้งมันส าปะหลัง5 19.15 18.67 14.10 กลับหน้ำ สำรบัญ น ำเข้ำ 6.56 ล้ำนตันหัวมันสด 100% แนวทางการบริหารจัดการมันส าปะหลัง ปี 2567/68 ช่วงผลผลิตน้อย ช่วงผลผลิตออกสู่ตลาดปกติ ช่วงผลผลิตออกมาก 1. มำตรกำรรักษำเสถียรภำพรำคำมันส ำปะหลัง ปี 2567/68 1) โครงการชดเชยดอกเบี้ยในการเก็บสต็อกมันส าปะหลัง ปี 2567/68 (คน.) 2) โครงการสินเชื่อเพื่อรวบรวมมันส าปะหลังและสร้างมูลค่าเพิ่มโดย สถาบันเกษตรกร ปี 2567/68 (ธ.ก.ส.) 3) โครงการเพิ่มประสิทธิภาพการเพาะปลูกมันส าปะหลังปี 2567/68 (ธ.ก.ส.) 4) โครงการยกระดับศักยภาพการแปรรูปมันส าปะหลัง (เครื่องสับมันฯ) ( คน.) 2. มำตรกำรเสริม 1) โครงการชะลอการเก็บเกี่ยวมันส าปะหลัง ปี 2567/68 (คน.) 2) โครงการเพิ่มช่องทางการตลาดสินค้าพืชไร่ ปี 2567/68 (คน.) 3. มำตรกำรด้ำนกฎหมำย 1) ก าหนดให้ต้นพันธุ์ ท่อนพันธุ์ และผลิตภัณฑ์มันส าปะหลัง เป็นสินค้าควบคุม ต้องขออนุญาตขนย้าย หรือห้ามขนย้ายเข้ามาหรือออกจากพื้นที่ที่มีการระบาดของโรค 2) ห้ามขนย้ายหัวมันสดและมันเส้นตั้งแต่ 10,000 กก. ขึ้นไป เว้นแต่มีหนังสืออนุญาต 3) ต้องแจ้งราคา ปริมาณ สถานที่เก็บ และท าบัญชีคุมสินค้า ส"
/content/drive/MyDrive/PROJECT-RAG SMARTPLANPLANTING/Data/ปฏิทินการเพาะปลูก/ปฏ-ท-นฤด-กาลส-นค-าเกษตร-ป-2568.pdf,37,"ที่ปรึกษา คณะผ จัดท ำ ผู้จัดท า กองวิเครำะห์ตลำดสินค้ำเกษตร กรมกำรค้ำภำยใน 563 ถนนนนทบุรี ต าบลบางกระสอ อ าเภอเมือง จังหวัดนนทบุรี 11000 โทรศัพท์ 0 2507 557 4, 5577, 5579 กองส่งเสริมกำรค้ำสินค้ำเกษตร 1 (กษ.1) นายกฤชธนา ทองประเสริฐ กลุ่มพืชน้ามัน นางสาวดุสิตา พลฤทธิ์ กลุ่มพืชผักและผลไม้ นางสาวพิมพ์ณัฐชญา วงษ์เขตร์ กลุ่มปศุสัตว์และสัตว์น้า นายนิติรักข์ เภากัน กลุ่มพืชอุตสาหกรรมและอาหาร นางปณิตา เรืองฉาย ฝ่ ายติดตามและประเมินภาวะตลาดสินค้าเกษตร นางสาวบุศรินทร์ วิมุตเศรษฐ์ กองส่งเสริมกำรค้ำสินค้ำเกษตร 2 (กษ.2) นางสาวพาศิริ พรรคพานิ ช กลุ่มพัฒนาระบบการค้าข้าว นางเพชราภรณ์ ตรีอมฤต กลุ่มมันส าปะหลัง นางสาววิลาสินี รัตนโชติ กลุ่มก ากับและส่งเสริมการค้าข้าว นายสมบัติ หุตะเจริญ กลุ่มข้าวโพดเลี้ยงสัตว์และวัตถุดิบอาหารสัตว์ นายอภิมุข สุภัทรประทีป กลุ่มศึกษาและวิเคราะห์การตลาดข้าว นางสาวประภาพร กิตติเสนาชัย กลุ่มมาตรการค้าข้าว นายณัฐวุฒิ โชติพิบูลย์ทรัพย์ กองวิเครำะห์ตลำดสินค้ำเกษตร (วก.) นางสาวปรียาภัสสร์ รัตนพันธ์ กลุ่มวิเคราะห์ตลาดสินค้าเกษตร 2 นายอัษฎาวุธ ศิริประเสริฐโชค"
ฐานข้อมูลโรคพืชเสริม_RAG,Data_Table,"ข้อมูลโรคพืชสำหรับ: ข้าว
ชื่อโรค: โรคไหม้ (Rice Blast)
สาเหตุของโรค: เชื้อรา Pyricularia oryzae
อาการของโรค: ใบมีแผลจุดสีน้ำตาลคล้ายรูปตา มีสีเทาตรงกลาง คอรวงเน่ารวงหักพับ เมล็ดลีบ
วิธีป้องกันและกำจัด: คลุกเมล็ดพันธุ์ด้วยสารป้องกันเชื้อรา, ลดปุ๋ยไนโตรเจน, พ่นสารไตรไซคลาโซล หรือ คาซูกาไมซิน"
ฐานข้อมูลโรคพืชเสริม_RAG,Data_Table,"ข้อมูลโรคพืชสำหรับ: ข้าว
ชื่อโรค: โรคขอบใบแห้ง (Bacterial Leaf Blight)
สาเหตุของโรค: เชื้อแบคทีเรีย Xanthomonas oryzae
อาการของโรค: แผลเริ่มจากขอบใบเปลี่ยนเป็นสีเหลือง ลามตามความยาวใบจนเป็นสีน้ำตาลอมเทา ใบแห้งตาย
วิธีป้องกันและกำจัด: ใช้พันธุ์ต้านทาน, เลี่ยงระบายน้ำจากแปลงที่พบโรค, พ่นสารประกอบทองแดง (Copper)"
ฐานข้อมูลโรคพืชเสริม_RAG,Data_Table,"ข้อมูลโรคพืชสำหรับ: ข้าว
ชื่อโรค: โรคถอดฝักดาบ (Bakanae Disease)
สาเหตุของโรค: เชื้อรา Fusarium fujikuroi
อาการของโรค: ต้นข้าวสูงยืดผิดปกติ ลำต้นผอม สีเหลืองซีด มีรากแขนงแตกตามข้อ มักแห้งตายก่อนออกรวง
วิธีป้องกันและกำจัด: แช่เมล็ดพันธุ์ในน้ำเกลือคัดเมล็ดลีบออก, แช่เมล็ดด้วยสารโพรคลอราซก่อนเพาะ"
ฐานข้อมูลโรคพืชเสริม_RAG,Data_Table,"ข้อมูลโรคพืชสำหรับ: ข้าว
ชื่อโรค: โรคใบหงิก หรือ โรคจู๋ (Ragged Stunt Virus)
สาเหตุของโรค: ไวรัส (เพลี้ยกระโดดสีน้ำตาลเป็นพาหะ)
อาการของโรค: ต้นเตี้ยแคระแกร็น ใบสั้น ขอบใบแหว่งหรือบิดเกลียว เส้นใบด้านหลังบวมปูด ไม่ยอมออกรวง
วิธีป้องกันและกำจัด: กำจัดเพลี้ยกระโดดสีน้ำตาล, ทำลายต้นข้าวที่เป็นโรค, งดทำนาต่อเนื่องเพื่อตัดวงจร"
ฐานข้อมูลโรคพืชเสริม_RAG,Data_Table,"ข้อมูลโรคพืชสำหรับ: ข้าว
ชื่อโรค: โรคเมล็ดด่าง (Dirty Panicle)
สาเหตุของโรค: เชื้อรา Cercospora, Curvularia
อาการของโรค: เมล็ดข้าวมีแผลจุดสีน้ำตาล ดำ หรือมีลายสีเทา เมล็ดไม่สมบูรณ์ น้ำหนักเบา ข้าวสารหักง่าย
วิธีป้องกันและกำจัด: พ่นสารโพรพิโคนาโซล หรือ ไดฟีโนโคนาโซล ระยะข้าวตั้งท้องและออกรวง"
ฐานข้อมูลโรคพืชเสริม_RAG,Data_Table,"ข้อมูลโรคพืชสำหรับ: อ้อย
ชื่อโรค: โรคใบขาว (White Leaf Disease)
สาเหตุของโรค: ไฟโตพลาสมา (เพลี้ยจักจั่นสีน้ำตาลเป็นพาหะ)
อาการของโรค: ใบแตกใหม่มีขนาดเล็ก สีขาวซีด แตกกอฝอยคล้ายกอตะไคร้ ต้นแคระแกร็น แห้งตาย
วิธีป้องกันและกำจัด: ห้ามใช้ท่อนพันธุ์จากแหล่งระบาด, แช่ท่อนพันธุ์ในน้ำร้อน 50 องศาเซลเซียส นาน 2 ชม., ถอนทำลายทิ้ง"
ฐานข้อมูลโรคพืชเสริม_RAG,Data_Table,"ข้อมูลโรคพืชสำหรับ: อ้อย
ชื่อโรค: โรคแส้ดำ (Smut)
สาเหตุของโรค: เชื้อรา Sporisorium scitamineum
อาการของโรค: ยอดอ้อยแทงเส้นยาวสีดำคล้ายแส้ ใบแคบ ต้นแคระแกร็น สปอร์ปลิวตามลมได้ง่าย
วิธีป้องกันและกำจัด: แช่ท่อนพันธุ์ในสารไตรอะไดมีฟอน, ตัดยอดแส้ดำใส่ถุงพลาสติกแล้วนำไปเผาทำลาย"
ฐานข้อมูลโรคพืชเสริม_RAG,Data_Table,"ข้อมูลโรคพืชสำหรับ: อ้อย
ชื่อโรค: โรคเหี่ยวเน่าแดง (Red Rot)
สาเหตุของโรค: เชื้อรา Colletotrichum falcatum
อาการของโรค: ใบเหลืองเหี่ยวจากยอดลงมา ผ่าลำต้นพบเนื้อเยื่อมีแผลสีแดงสลับขาว มีกลิ่นเหม็นเปรี้ยว
วิธีป้องกันและกำจัด: ปลูกพันธุ์ต้านทาน, ปรับปรุงการระบายน้ำ, หลีกเลี่ยงท่อนพันธุ์ที่มีรอยแตก"
ฐานข้อมูลโรคพืชเสริม_RAG,Data_Table,"ข้อมูลโรคพืชสำหรับ: อ้อย
ชื่อโรค: โรคกอตะไคร้ (Grassy Shoot)
สาเหตุของโรค: ไฟโตพลาสมา
อาการของโรค: แตกกอเป็นกระจุกคล้ายตะไคร้ ใบเล็กเรียว สีเหลืองซีด ไม่เจริญเป็นลำต้น หรือข้อถี่สั้น
วิธีป้องกันและกำจัด: แช่ท่อนพันธุ์ในน้ำร้อน, ควบคุมแมลงพาหะประเภทเพลี้ย, ถอนเผาทำลาย"
ฐานข้อมูลโรคพืชเสริม_RAG,Data_Table,"ข้อมูลโรคพืชสำหรับ: อ้อย
ชื่อโรค: โรคสนิมอ้อย (Sugarcane Rust)
สาเหตุของโรค: เชื้อรา Puccinia melanocephala
อาการของโรค: ใบมีตุ่มนูนสีน้ำตาลอมส้มคล้ายสนิม แผลเรียงตัวยาวตามเส้นใบ รุนแรงทำให้ใบแห้งตาย
วิธีป้องกันและกำจัด: ใช้พันธุ์ต้านทาน, พ่นสารแมนโคเซบ หรือ ไดฟีโนโคนาโซล"
ฐานข้อมูลโรคพืชเสริม_RAG,Data_Table,"ข้อมูลโรคพืชสำหรับ: มันสำปะหลัง
ชื่อโรค: โรคใบด่างมันสำปะหลัง (CMD)
สาเหตุของโรค: ไวรัส (แมลงหวี่ขาวยาสูบเป็นพาหะ)
อาการของโรค: ใบด่างสีเขียวอ่อนสลับเข้ม หงิกงอ ลดรูป ยอดแคระแกร็น ผลผลิตลดลง 80-100%
วิธีป้องกันและกำจัด: ห้ามใช้ท่อนพันธุ์จากแหล่งระบาด, ใช้พันธุ์ทนทาน (ระยอง 72), ถอนทำลาย, พ่นอิมิดาโคลพริด"
ฐานข้อมูลโรคพืชเสริม_RAG,Data_Table,"ข้อมูลโรคพืชสำหรับ: มันสำปะหลัง
ชื่อโรค: โรคพุ่มแจ้ (Witches' Broom)
สาเหตุของโรค: ไฟโตพลาสมา
อาการของโรค: ตาที่ลำต้นแตกยอดเป็นกระจุกคล้ายไม้กวาด ใบเล็กสีเหลืองซีด ข้อสั้น หัวมันเล็ก แป้งต่ำ
วิธีป้องกันและกำจัด: แช่ท่อนพันธุ์ด้วยไทอะมีทอกแซมเพื่อป้องกันแมลงพาหะ, ทำลายต้นที่แสดงอาการ"
ฐานข้อมูลโรคพืชเสริม_RAG,Data_Table,"ข้อมูลโรคพืชสำหรับ: มันสำปะหลัง
ชื่อโรค: โรคหัวเน่าและโคนเน่า
สาเหตุของโรค: เชื้อรา Phytophthora, Sclerotium
อาการของโรค: ใบเหลืองร่วงเร็ว โคนต้นช้ำสีน้ำตาล หัวมันเน่าเหม็นหรือมีเส้นใยขาวรัดเกาะ (พบบ่อยตอนน้ำขัง)
วิธีป้องกันและกำจัด: ยกร่องปลูกให้สูง, แช่ท่อนพันธุ์ด้วยเมทาแลกซิล หรือ ฟอสอีทิล-อะลูมิเนียม"
ฐานข้อมูลโรคพืชเสริม_RAG,Data_Table,"ข้อมูลโรคพืชสำหรับ: มันสำปะหลัง
ชื่อโรค: โรคใบจุดสีน้ำตาล
สาเหตุของโรค: เชื้อรา Cercosporidium henningsii
อาการของโรค: เกิดแผลจุดสีน้ำตาลดำขอบชัดเจนบนใบ ด้านล่างแผลสีเทา ใบเหลืองและร่วงก่อนกำหนด
วิธีป้องกันและกำจัด: เว้นระยะปลูกให้โปร่ง, เก็บซากใบไปทำลาย, ระบาดหนักให้พ่นสารคาร์เบนดาซิม"
ฐานข้อมูลโรคพืชเสริม_RAG,Data_Table,"ข้อมูลโรคพืชสำหรับ: มันสำปะหลัง
ชื่อโรค: โรคไหม้พุพอง
สาเหตุของโรค: แบคทีเรีย Xanthomonas axonopodis
อาการของโรค: ใบมีจุดช้ำน้ำ ขยายเป็นรอยไหม้สีน้ำตาล มียางสีเหลืองขุ่นซึมตามก้านใบ ยอดเหี่ยวแห้ง ลำต้นตาย
วิธีป้องกันและกำจัด: ใช้ท่อนพันธุ์สะอาด, ตัดแต่งกิ่งและเผาทำลายส่วนที่เป็นโรค"
ฐานข้อมูลโรคพืชเสริม_RAG,Data_Table,"ข้อมูลโรคพืชสำหรับ: ถั่วเหลือง
ชื่อโรค: โรคราสนิม (Soybean Rust)
สาเหตุของโรค: เชื้อรา Phakopsora pachyrhizi
อาการของโรค: จุดสีน้ำตาลเทาใต้ใบ นูนแตกเป็นฝุ่นสปอร์สีสนิม ใบเหลืองร่วงก่อนกำหนด ฝักลีบ
วิธีป้องกันและกำจัด: ปลูกพันธุ์ทนทาน, พ่นสารไซโปรโคนาโซล หรือ ไดฟีโนโคนาโซล"
ฐานข้อมูลโรคพืชเสริม_RAG,Data_Table,"ข้อมูลโรคพืชสำหรับ: ถั่วเหลือง
ชื่อโรค: โรคแอนแทรคโนส
สาเหตุของโรค: เชื้อรา Colletotrichum dematium
อาการของโรค: ฝักมีแผลจุดสีน้ำตาลดำบุ๋ม ตรงกลางแผลมีเม็ดสีดำเล็กเรียงซ้อนเป็นวงกลม ฝักลีบ เมล็ดเน่า
วิธีป้องกันและกำจัด: คลุกเมล็ดพันธุ์ด้วยสารเคมี, พ่นแมนโคเซบ หรือ อะซอกซีสโตรบิน ระยะเริ่มติดฝัก"
ฐานข้อมูลโรคพืชเสริม_RAG,Data_Table,"ข้อมูลโรคพืชสำหรับ: ถั่วเหลือง
ชื่อโรค: โรคเมล็ดสีม่วง
สาเหตุของโรค: เชื้อรา Cercospora kikuchii
อาการของโรค: เปลือกหุ้มเมล็ดมีรอยเปื้อนสีชมพูอ่อนถึงม่วงเข้ม คลุมทั้งเมล็ด ความงอกลดลง ใบมีจุดช้ำน้ำ
วิธีป้องกันและกำจัด: ใช้เมล็ดพันธุ์สะอาด, พ่นเบนโนมิล หรือ คาร์เบนดาซิม ระยะติดฝัก"
ฐานข้อมูลโรคพืชเสริม_RAG,Data_Table,"ข้อมูลโรคพืชสำหรับ: ถั่วเหลือง
ชื่อโรค: โรคใบจุดนูน
สาเหตุของโรค: แบคทีเรีย Xanthomonas axonopodis
อาการของโรค: จุดช้ำน้ำเล็กนูนขึ้นคล้ายตุ่มพุพอง ตรงกลางสีน้ำตาล รอบแผลสีเหลือง ใบฉีกขาดตามแผล
วิธีป้องกันและกำจัด: ปลูกพันธุ์ต้านทาน (เชียงใหม่ 60), งดให้น้ำแบบพ่นฝอย (Sprinkler)"
ฐานข้อมูลโรคพืชเสริม_RAG,Data_Table,"ข้อมูลโรคพืชสำหรับ: ถั่วเหลือง
ชื่อโรค: โรคโคนเน่าและรากเน่า
สาเหตุของโรค: เชื้อรา Sclerotium rolfsii
อาการของโรค: โคนต้นช้ำน้ำ เน่าเป็นสีน้ำตาล ต้นกล้าเหี่ยวตาย ต้นโตพบเส้นใยสีขาวและเม็ดสีน้ำตาลเกาะโคนต้น
วิธีป้องกันและกำจัด: ไถตากดินฆ่าเชื้อ, ปรับสภาพดินด้วยปูนขาว, ถอนต้นทิ้งแล้วราดดินด้วยคาร์บอกซิน"
ฐานข้อมูลโรคพืชเสริม_RAG,Data_Table,"ข้อมูลโรคพืชสำหรับ: ข้าวโพด
ชื่อโรค: โรคราน้ำค้าง หรือ ใบลาย (Downy Mildew)
สาเหตุของโรค: เชื้อรา Peronosclerospora sorghi
อาการของโรค: ใบเหลืองซีด มีทางขาวพาดยาวตามเส้นใบ เช้ามืดพบเส้นใยขาวฟูใต้ใบ ต้นแคระแกร็น ฝักบ้า
วิธีป้องกันและกำจัด: คลุกเมล็ดด้วยเมทาแลกซิลทุกครั้ง, ปลูกพันธุ์ต้านทาน (นครสวรรค์ 3), ถอนทำลายต้นเป็นโรค"
ฐานข้อมูลโรคพืชเสริม_RAG,Data_Table,"ข้อมูลโรคพืชสำหรับ: ข้าวโพด
ชื่อโรค: โรคใบไหม้แผลใหญ่
สาเหตุของโรค: เชื้อรา Exserohilum turcicum
อาการของโรค: ใบมีแผลใหญ่คล้ายกระสวย สีเทาเขียวเปลี่ยนเป็นน้ำตาล แผลเชื่อมต่อกันใบแห้งตาย
วิธีป้องกันและกำจัด: หมุนเวียนพืชปลูก, ไถกลบเศษซากหลังเก็บเกี่ยว, พ่นโพรพิโคนาโซล"
ฐานข้อมูลโรคพืชเสริม_RAG,Data_Table,"ข้อมูลโรคพืชสำหรับ: ข้าวโพด
ชื่อโรค: โรคราสนิม (Southern Rust)
สาเหตุของโรค: เชื้อรา Puccinia polysora
อาการของโรค: ตุ่มนูนเล็กสีส้มหรือน้ำตาลกระจายหนาแน่นบนใบ แตกเป็นผงสปอร์ปลิวตามลม ใบแห้งตาย ฝักไม่สมบูรณ์
วิธีป้องกันและกำจัด: ปลูกพันธุ์ต้านทาน, พ่นแมนโคเซบ หรือ ไตรอะไดมีฟอน เมื่อพบระบาด 5% ของพื้นที่"
ฐานข้อมูลโรคพืชเสริม_RAG,Data_Table,"ข้อมูลโรคพืชสำหรับ: ข้าวโพด
ชื่อโรค: โรคเน่าดำ หรือ ต้นเน่า
สาเหตุของโรค: เชื้อรา Macrophomina phaseolina
อาการของโรค: ต้นเหี่ยวแห้งตายก่อนกำหนด โคนต้นกลวง หักง่าย ผ่าลำต้นพบเม็ดสเคลอโรเตียมดำคล้ายผงถ่าน (เกิดตอนแล้งจัด)
วิธีป้องกันและกำจัด: รักษาความชื้นในดิน, ไม่ปลูกแน่นเกินไป, บำรุงดินด้วยอินทรียวัตถุ"
ฐานข้อมูลโรคพืชเสริม_RAG,Data_Table,"ข้อมูลโรคพืชสำหรับ: ข้าวโพด
ชื่อโรค: โรคไวรัสใบด่างแคระแกร็น (MDMV)
สาเหตุของโรค: ไวรัส (เพลี้ยอ่อนเป็นพาหะ)
อาการของโรค: ใบด่างสีเขียวอ่อนสลับเข้มที่โคนใบอ่อน ต้นเตี้ยแคระแกร็น ปล้องสั้น ฝักเล็ก เมล็ดไม่เต็ม
วิธีป้องกันและกำจัด: กำจัดวัชพืชรอบแปลง, พ่นกำจัดเพลี้ยอ่อนด้วยคาร์บาริล หรือ อิมิดาโคลพริด"
Planting_Guide_AI,rice_1,"การปลูกข้าว:
ข้าวเป็นพืชเศรษฐกิจหลัก ต้องการน้ำมาก เหมาะกับพื้นที่ชลประทาน

ขั้นตอน:
1. เตรียมดินโดยการไถดะ ไถแปร และปรับระดับนา
2. แช่เมล็ดพันธุ์ 24 ชั่วโมง และบ่มอีก 24 ชั่วโมง
3. ปลูกโดยวิธีหว่านหรือปักดำ
4. ควบคุมน้ำ 5-10 ซม.
5. ใส่ปุ๋ย 2 ครั้ง (15 วัน และช่วงตั้งท้อง)

ศัตรูพืช:
- เพลี้ยกระโดดสีน้ำตาล
- หนอนกอ

เก็บเกี่ยว:
- อายุ 90-120 วัน"
Planting_Guide_AI,corn_1,"การปลูกข้าวโพด:
ข้าวโพดชอบดินร่วน ระบายน้ำดี

ขั้นตอน:
1. ไถดินลึก 20-30 ซม.
2. หยอดเมล็ดหลุมละ 1-2 เมล็ด
3. ระยะปลูก 75x25 ซม.
4. ให้น้ำสม่ำเสมอ
5. ใส่ปุ๋ยช่วงเริ่มโตและก่อนออกดอก

ศัตรูพืช:
- หนอนกระทู้ข้าวโพด

เก็บเกี่ยว:
- อายุ 90-120 วัน"
Planting_Guide_AI,cassava_1,"การปลูกมันสำปะหลัง:
ทนแล้ง ปลูกง่าย

ขั้นตอน:
1. ไถพรวนและยกร่อง
2. ใช้ท่อนพันธุ์ 20 ซม.
3. ปักเอียง 45 องศา
4. ระยะปลูก 1x1 เมตร
5. ใส่ปุ๋ย 1-2 ครั้ง

ศัตรูพืช:
- เพลี้ยแป้ง

เก็บเกี่ยว:
- อายุ 8-12 เดือน"
Planting_Guide_AI,sugarcane_1,"การปลูกอ้อย:
ใช้ผลิตน้ำตาล

ขั้นตอน:
1. ไถดินและยกร่อง
2. ใช้ท่อนพันธุ์มีตา 2-3 ตา
3. วางในร่องแล้วกลบดิน
4. ระยะ 1.2-1.5 เมตร
5. ใส่ปุ๋ย 2-3 ครั้ง

ศัตรูพืช:
- หนอนเจาะลำต้น

เก็บเกี่ยว:
- อายุ 10-14 เดือน"
Planting_Guide_AI,soybean_1,"การปลูกถั่วเหลือง:
ช่วยเพิ่มไนโตรเจนในดิน

ขั้นตอน:
1. ไถพรวนดิน
2. หยอดเมล็ด
3. ระยะ 50x20 ซม.
4. รดน้ำสม่ำเสมอ
5. ใส่ปุ๋ยน้อย

ศัตรูพืช:
- หนอนเจาะฝัก

เก็บเกี่ยว:
- อายุ 70-100 วัน"
